aid;last_update_on;remaining_effort;titre;initial_effort;assigned_to;status;type_de_demande;submitted_on;liens;"liens (Sans nature)";"liens (Relates)";"liens (_covered_by)";"liens (_is_child)";ads_d_appartenance;references;submitted_by;lien_ticket_jira;last_update_by;autres_ads_ayant_rencontr__s_le_m__me_bug;num__ro_ticket_diad__me_1;sprint_de_correction_1;bloc;version_corrective_111;priorit___dp;s__v__rit___dp_roc;acc__s_utilis__;url_de_la_page_sur_laquelle_le_bug_a___t___rencontr__;version_de_roc;profil_utilis__;close_date;details;id_technique;description_du_bug;s__v__rit___du_bug;capture_d___cran__avec_le_bloc_date_heure_
456804;"07/17/2025 14:06";;"[SEO] Anomalie concernant le CDT LINOSSIER";;;"Corrigé en production";;"04/08/2025 15:47";;;;;;SEO;;b_poiron_ext;;b_poiron_ext;;;;Droits;;;Majeur;;;V4.20.0.7;;;"Le problème présenté par le SEO en février existe toujours : depuis maintenant deux ans (fév. 2023) au moins un Officier ex SEO radié de la RO2 pour engagement AAE, mais qui dans ROC est resté en dispo RO2 SEO. Comme il ne part plus dans les flux car stoppé avant l’envoi, l’AAE ne peut le réceptionner. Seule une intervention à priori au delà des droits AF, en modifiant cette date de fin de RO2 dans le dossier ROC de l'administré permettrait à l'AAE de le récupérer.

Cdt Linossier Cyril NID 8838031716";;;;
477496;"07/17/2025 14:06";;"[MN] Problème de comptes utilisateurs inactifs";;;Clôturé;;"05/14/2025 13:52";;;;;;MN;"bugs #477428";g_bota;;b_poiron_ext;;;;Comptes;;;;"Poste Intradef";;V4.20.0.7;"tous les compte utilisateurs";;;;"Certains comptes d'utilisateurs semblent s'être désactivés lors de la montée de version V4.20. Un quarantaine de comptes utilisateurs s'était désactivé rendant impossible la connexion à leurs titulaires.";Bloquant;
456802;"07/17/2025 14:06";;"[AAE] AF - limitation de la liste des ATS";;j_pelletier6;"Corrigé en production";;"04/04/2025 10:51";;;;;;AAE;;s_caumond;;b_poiron_ext;;;;Droits;;;Mineur;;;V4.20.0.7;;;"Entant qu'AF, on ne peut choisir un ATS que dans une liste alphabétique comprise entre A et B uniquement.
Impossible de voir un ATS commençant par une autre lettre pour le désigner et débloquer une signature d'ENARO.";;;;
480969;"07/17/2025 14:06";;"[AAE] délégataire unité non désigné mais recevant les messages d'activités !";;j_sales1;Clôturé;"Problème gestion et création compte gestionnaire";"05/19/2025 14:06";;;;;;AAE;;j_sales1;;b_poiron_ext;;;;Activités;;;Mineur;"Poste Intradef";https://reservistes.intradef.gouv.fr/interne/admin/utilisateurs/gestionnaires/6010/modifier;V4.20.0.7;AF;;"Contrôle des délégataires de l'unité en tant qu'AF";;"L'unité ""BUREAU AIR DU CENTRE D'INFORMATION ET DE RECRUTEMENT DES FORCES ARMEES TOULOUSE (09N5ALF)"" possède deux délégataires.
Le MAJOR SOTO Bruno, qui n'est pas délégataire de cette unité, reçoit des messages ROC d'activité de la-dite unité (voir PJ)...";;"PB message CIRFA TOULOUSE.msg,délégataire unité non désigné mais recevant les messages d'activités.docx"
480933;"07/17/2025 14:06";;"Suppression délégataire impossible";;;Clôturé;;"05/19/2025 13:50";;;;;;SSA;;g_gay3;;b_poiron_ext;;;;Droits;;;;"Poste Intradef";https://reservistes.intradef.gouv.fr/interne/mon-compte/delegation/lister-donnees;V4.20.0.7;AF;;"Le délégataire nous informe recevoir des mails ROC relevant de sa précédente affectation. Il est en effet encore délégataires de 3
 unités relevant de cette précédente affectation.";;"Lorsque l'AF essaie de supprimer la délégation obsolète donnée par un référent, affichage du message d'erreur ""Une erreur s'est produite lors de la suppression de la délégation"".
La suppression de délégation est impossible";Mineur;"Suppression délégation impossible.docx"
477189;"07/17/2025 14:06";;"[AAE] PILOTE - inactivation du compte = perte des codes credo";;;Clôturé;;"05/14/2025 09:31";;;;;;AAE;;j_sales1;;b_poiron_ext;;;;Droits;;;Majeur;;;V4.20.0.7;;;;;"Les comptes de PILOTE au statut inactif, lors de la ""réactivation"" du compte, un message d'erreur stipule que le PILOTE n'a plus d'unité rattaché à son profil.

Donc : un pilote perd ses credo et par effet de ricochet les activités créer sous ce profil disparaissent (plus visibles dans le système)";Bloquant;
477184;"07/17/2025 14:06";;"[AAE] RO1 - MDC v2 et OTP";;;Clôturé;"Problème Mindef Connect";"05/14/2025 09:27";;;;;;AAE;;j_sales1;;b_poiron_ext;;;;;;;;"Poste Internet";auth.defense.gouv.fr;V4.20.0.7;RO1;;"Connexion à MDC V2 via ROC";;"Certains réservistes ont systématiquement la demande de double authentification car ils ont fait l'erreur d'installer l'OTP sur leur téléphone/ordinateur; Ils ne savent pas comment contourner ce pb.";;
483255;"07/17/2025 14:06";;"[SSA] Traitement candidature impossible";;g_gay3;Clôturé;"Anomalie fonctionnelle parcours Engagement";"05/21/2025 11:55";;;;;;SSA;"bugs #555561";g_gay3;;b_poiron_ext;;;;Candidature;;;;"Poste Intradef";https://reservistes.intradef.gouv.fr/interne/engager/engagement/processus-candidature/282413;V4.20.0.7;"Délégataire engagement";;"Consultation des candidatures en cours depuis le profil délégataire du chef de la section engagement.";;"Le traitement de la candidature n'est pas possible car les modules ne sont pas présents. Seul apparait le choix d'affectation.
4 candidatures sont dans ce cas pour le SSA";Bloquant;"Traitement candidature impossible.docx,Candidature choix d'affectation.docx,Tuiles engagement non disponibles.docx,suppression candidature.docx"
482829;"07/17/2025 14:06";;"[AAE] DEL PIL : export e-billets erroné";;;Clôturé;"Anomalie fonctionnelle E-billet";"05/21/2025 09:52";;;;;;AAE;;s_caumond;;b_poiron_ext;;;;E-billet;;;Majeur;"Poste Intradef";https://reservistes.intradef.gouv.fr/interne/mes-deplacements/billets-archives;V4.20.0.7;"DEL PIL ";;;;"En DEL PIL de l'AAE, dans DEPLACEMENT/E BILLET COMMANDE/ARCHIVES, l'export des e-billets concerne TOUTES LES ADS et s'arrête à 2022.
Alors que dans le tableau de bord, on voit (malgré un filtre date défectueux) des commandes en 2025.

Donc impossibilité d'assurer le suivi budgétaire des e-billets";Majeur;"tab ebillet acrchive DEFPIL.PNG,2025_05_21_09h30_extraction_massive_commandes_archivees_DEL PIL.csv"
499115;"07/17/2025 14:06";;"Publication d'un poste";;r_toretta;Clôturé;"Anomalie fonctionnelle parcours Engagement";"06/13/2025 16:57";;;;;;MN;;r_toretta;;b_poiron_ext;MN;;;;;;;;;V4.20.0.7;;;;;;;
502656;"07/17/2025 14:06";;"Réception de notification erronée";;j_kahn1;Clôturé;"Anomalie fonctionnelle Activités";"06/23/2025 08:38";;;;;;EMA;;j_kahn1;;b_poiron_ext;;;;Activités;;;Mineur;"Poste Intradef";"Il n' ya pas d'url, c'est un envoi de mail erroné";V4.20.0.7;ATS;;;;"Mme GAUJAL, cheffe du bureau Jeunesse à l'EMA a reçu une notification pour validation de e-billet pour un réserviste dont elle n'a pas la charge.";Mineur;"TR  Communication du Portail des réserves des armées de la garde nationale.msg"
456801;"07/17/2025 14:06";;"[AAE] PILOTE - limitation nombre codes credos affectés";;j_pelletier6;"Corrigé en production";"Problème gestion et création compte gestionnaire";"04/04/2025 09:37";;;;;;AAE;;s_caumond;;b_poiron_ext;;;;Droits;;;Mineur;;;V4.20.0.7;;;"Impossible pour un PILOTE ou DEL PIL d'avoir plus de 20 codes crédos rattachés.
Impact : Le PILOTE ne peut pas voir tous les ROx de son périmètre ainsi que les activités liées.";;;;
492437;"07/17/2025 14:06";;"[SSA] Absence données dans extraction activités";;;Clôturé;"Anomalie fonctionnelle Activités";"06/04/2025 11:07";;;;;;SSA;"bugs #477832";g_gay3;;b_poiron_ext;;;;;;;Mineur;;https://reservistes.intradef.gouv.fr/interne/activites/designer/liste;V4.20.0.7;AO;;"Extraction des activités 2025 d'un RO1 (GAY Gisèle)";;"Absence de données dans le fichier : 
- date début et fin du service fait
- type (externe/interne)
- validation externe
- participation à l'activité";Mineur;"Absence données dans extraction activités.xlsx"
477183;"07/17/2025 14:06";;"[AAE] RO1 - accès MDC v2 et keycloack";;j_sales1;Clôturé;"Problème Mindef Connect";"05/14/2025 09:26";;;;;;AAE;;j_sales1;;b_poiron_ext;;;;;;;;;auth.defense.gouv.fr;V4.20.0.7;RO1;;;;"Certains réservistes accèdent correctement sur ISPT via MDC v2 à leur compte ROC.
En essayant sur leur poste personnel, après avoir renseigné leur mail et mot de passe, ils atterrissent sur la page KEYCLOACK et non sur leur page ROC";;
478653;"07/17/2025 14:06";;"Compte ROC délégataire impossible à réactiver";;g_gay3;Clôturé;"Problème de connexion,Problème gestion et création compte gestionnaire";"05/15/2025 15:33";;;;;;SSA;;g_gay3;;b_poiron_ext;;;;Comptes;;;Mineur;"Poste Intradef";;V4.20.0.7;https://reservistes.intradef.gouv.fr/interne/admin/utilisateurs/gestionnaires;;"Le délégataire (ML TOUZANI Sonia) ne peut plus se connecter au SI ROC. Il n'a pas de message d'erreur. l'AF voit le compte ""inactif"". Il le réactive et valide. Le compte s'affiche ""actif"".";;"Le délégataire ne reçoit pas le mail contenant le nouveau mot de passe de connexion et n'a donc plus accès à ROC.
Ce problème est récurrent pour les gestionnaires qui sont uniquement délégataires.
Si c'est un référent dont le compte passe inactif, lorsque l'AF réactive le compte, le référent reçoit bien le mail.";Bloquant;
494521;"07/17/2025 14:06";;"Plus d'accès à l'extraction Excel de la RO1";;j_saint_julien;Clôturé;"Problème gestion et création compte gestionnaire";"06/06/2025 08:52";;;;;;ADT;;j_saint_julien;;b_poiron_ext;;;;Extraction;;;Majeur;"Poste Intradef";https://reservistes.intradef.gouv.fr/interne/unité/reservsite/ro1;V4.20.0.7;Pilote;;;;"Dans le cadre de ses fonctions de pilote l'utilisateur n'a plus accès à l'extrait Excel de la RO1 en téléchargement. 
Par ailleurs un message d'erreur apparaît. ";Majeur;"Bug Exctraction .docx,export_reserviste_ro1.csv"
489705;"07/17/2025 14:06";;"[MN] Apparition d'un message DIRISI à la connexion au site www.reservistes.defense.gouv.fr avec le navigateur FIREFOX";;g_bota;"Corrigé en production";"Non disponibilité du site";"05/28/2025 18:23";;;;;;MN;;g_bota;;b_poiron_ext;;;;;;;Mineur;"Poste Internet";;V4.20.0.7;RO1;;;;"Lors de la connexion au portail du SI ROC notamment depuis le navigateur FIREFOX on obtient une mire de la DIRISI indiquant que le site est en maintenance";;"site maintenance.jpg"
526398;"07/17/2025 14:06";;"Problème de convocations de réservistes - erreur sur date et réserviste";;;Clôturé;;"07/15/2025 13:18";;;;;;ADT;"bugs #477179";j_saint_julien;;b_poiron_ext;;;;Activités;;;;;https://reservistes.intradef.gouv.fr/interne/activites/conduire/detail/2074595;V4.20.0.7;Gestionnaire;;"Lorsque cette personne génère une convocation (activité), le corps du message est correct : il correspond bien au réserviste concerné ainsi qu’à la journée indiquée. En revanche, la pièce jointe générée ne correspond ni au réserviste ni à la journée mentionnée dans le message. ";2074595;;Majeur;"Bug convocation.docx"
475316;"07/17/2025 14:06";;"Nommage VMp incorrect";;;Clôturé;"Anomalie fonctionnelle parcours Engagement";"05/12/2025 15:01";;;;;;ADT;;j_saint_julien;;b_poiron_ext;;;;"Suivi médical";;;Majeur;"Poste Intradef";"https://reservistes.intradef.gouv.fr/interne/processus-candidature/281948/etape/visite
https://reservistes.intradef.gouv.fr/interne/download-doc/281948/980313";V4.20.0.7;Référent;;;281948;"Lorsque le candidat renseigne lui-même sa VMP, le nommage du fichier ne se fait pas correctement « certificat VMAE » (le nommage se fait avec un espace).
Par la suite, lorsque nous ouvrons la pièce jointe du candidat un message d’erreur apparait (voir pièce jointe).

De plus, en tant que référent nous n’avons pas la possibilité de supprimer la pièce jointe pour en mettre une nouvelle.
A noter que lorsque le référent effectue l’ensemble de la manipulation, il n’y a pas de problèmes.

";Mineur;"Anomalie VMP.docx"
534090;"07/30/2025 14:53";;"[SSA] Modification adresse mail RO1 impossible";;;Clôturé;;"07/29/2025 09:57";;;;;;SSA;;g_gay3;;j_pelletier6;;;;Données_perso,Communication;;;;"Poste Intradef";https://reservistes.intradef.gouv.fr/interne/admin/utilisateurs/reserviste/modifier/56728;V5.4.4;AF;;"Le RO1 MALAN Lionel nous demande de modifier l'adresse mail de son compte ROC car elle est obsolète. Il ne peut donc plus se connecter à son compte ROC car il ne peut pas créer de compte Mindefconnect avec la même adresse mail que celle de son compte ROC.";christine.dulaurans;"L'AF ne peut plus modifier l'adresse mail dans le dossier du RO1. Message ""le N° ADS n'est pas valide"". Idem avec le rôle AO ";Bloquant;"Modification adresse mail RO1 impossible.docx"
540280;"09/04/2025 15:09";;"Création compte Mindef Connect V2";;m_fekete;"Erreur de manipulation / Mésusage du SI";;"08/11/2025 08:55";;;;;;SEO;;h_thuin;;j_pelletier6;AAE,SEO;;;Comptes;;;Mineur;"Poste Internet";https://auth.defense.gouv.fr/auth/;"Version du portail : v5.4.4";Candidat;;"L'ensemble des candidats ayant passés avec succès la FMIR de juillet au SEO ne peut pas créer et accéder à son compte ROC. les inscriptions MDCv2 semblaient effectives, mais quand ils reviennent sur la page de connexion de ROC Ro1, ils se retrouvent sur le portail. Avec le premier candidat qui me l'a signalé, nous avons retenté un ""mot de passe oublié"" et les résultats sont les mêmes. ex : Léa BERNARD NID 2571080096 - lea.bernard18092005@gmail.com

La problématique semble être la même pour les candidats futurs RO1 de la FMIR d'octobre, ils n'arrivent pas à se créer un compte de candidat. Je n'ai toutefois pas eu la possibilité de tester ce cas là.";;"A chaque tentative de validation de l'authentification le système affiche la page d'accueil ROC : 
https://www.reservistes.defense.gouv.fr/accueil ";Bloquant;
539506;"09/30/2025 12:34";;"[AAE] ADS du tableau de bord des activités des AF";;;Clôturé;;"08/07/2025 14:01";;;;;;AAE;;j_sales1;;j_sales1;AAE;;;Activités;;;;"Poste Intradef";https://reservistes.intradef.gouv.fr/interne/activites/designer/liste;V5.4.4;AF;;S/O;;"La liste des ADS n'est pas présente dans le tableau de bord de tous les onglets ""Activités"".
Les recherches deviennent beaucoup plus compliquées.";Majeur;2025_08_07_13_49_17_Gérer_les_activités_Réservistes_des_armées_Mozilla_Firefox.png
527842;"10/06/2025 17:51";;"processus d'engagement, affichage candidat";;;Clôturé;"Anomalie fonctionnelle parcours Engagement";"07/17/2025 14:41";;;;;;AF;;j_pelletier6;;m_fekete;;;;;;;Majeur;;https://reservistes.intradef.gouv.fr/interne/processus-engagement;V5.4.4;AF;;"Accès au suivi des candidatures pour visionner la liste des candidats dans la colonne non prénom.";;"L'affichage du nom et prénom est affiché avec un ou plusieurs tirets avant et après le nom et prénom.";;"Processus d'engagement affichage candidat.docx,processus d'engagement préprod.docx"
525993;"10/06/2025 18:00";;"Accès module e-billet";;c_djialeu_wouassi;Clôturé;"Anomalie fonctionnelle E-billet";"07/11/2025 14:44";;;;;;AF;;j_pelletier6;;m_fekete;;;;E-billet;;P0;Bloquant;"Poste Intradef";https://reservistes.intradef.gouv.fr/interne/mes-deplacements/demandes-a-traiter;V4.20.0.7;Référent;;"Connexion au compte référent, clique sur module e-billet";510;"Lors du clique sur le module e-billet, une erreur 500 apparait. 
Le passage par le menu déplacements ""demandes d'e-billets"" provoque la même erreur.";Bloquant;"accès module e-billet production.docx"
555561;"10/29/2025 09:14";;"[ADT] Des candidats ne peuvent valider leur données individuelles - pas de poursuite de candidature possible.";;;Clôturé;;"09/03/2025 10:23";483255;483255;;;;ADT;"bugs #483255";j_saint_julien;;m_fekete;;;;Candidature;;P0;;"Poste Intradef";https://reservistes.intradef.gouv.fr/interne/engager/engagement/processus-candidature/299381;;Ref;;"Pour tenter de régler ce problème, pour ce candidat, le dossier a été supprimé et il a pu recommencer sa candidature. Même souci. ";"298248 - 195842 - 297598";"Lorsqu'un candidat choisi son unité il lui est impossible de valider ses données individuelles. Il ne peux donc basculer sur les blocs compétences ni sur les blocs suivants. Ainsi il ne peut poursuivre sa candidature. 
";Bloquant;"Bug données personnelles.docx,costa avec son compte.msg"
566066;"11/05/2025 17:23";;"Impossibilité de se connecter à ROC via MDC V2 --> mot de passe inccorect --> email existe déjà";;;"Erreur de manipulation / Mésusage du SI";"Problème Mindef Connect";"09/10/2025 10:08";;;;;;ADT;;j_saint_julien;;m_fekete;;;;Connexion;;;;"Poste Intradef";"https://reservistes.intradef.gouv.fr/interne/admin/utilisateurs/reserviste/modifier/254792
https://reservistes.intradef.gouv.fr/interne/admin/utilisateurs/reserviste/modifier/197324";;;11/05/2025;;"254792 ; 197324";"Lorsque ces deux candidats ont voulu se connecter à MDC V2 ils ont eu le message d'erreur suivant : « Mot de passe ou nom d’utilisateur incorrect ».

Pensant que le compte avait peut-être été supprimé ils ont tenté de recréer leur compte et ont eu le message d'erreur suivant ""« l’email existe déjà ». Dnnc ils ont appuyé sur le bouton ""mot de passe oublié) (avec la même adresse mail, sans succès (pas de mail reçu).

Étonnamment lorsque le CC a réalisé la même manipulation (mdp oublié) les candidats ont reçu le mail. 
";Mineur;"TR Accès ROC.msg"
608774;"11/20/2025 14:48";;"Disparition ATS ";;;Clôturé;;"10/16/2025 11:04";608151;608151;;;;SCA;"bugs #608151";n_honore1;;m_fekete;SSA;;;Comptes;;P0;Majeur;"Poste Intradef";https://reservistes.intradef.gouv.fr/interne/accueil-choix-bloc;;"Référent et Pilote";;;;"Lors de la clôture des activités, plusieurs unités m'ont fait part qu'ils ne retrouvaient plus les ATS désignées de l'unité pour envoyer les ENARO(S) à la signature.
Ce problème m'a été signalé le 15 octobre à 16h";Bloquant;
487686;"11/20/2025 15:46";;"Export qualité activités incomplet";;;Clôturé;"Anomalie fonctionnelle Activités";"05/27/2025 11:47";;;;;;SCA;"bugs #477832";n_honore1;;m_fekete;SSA;;;Emploi;;P0;Mineur;"Poste Intradef";https://reservistes.intradef.gouv.fr/interne/activites/designer/liste;V4.20.0.7;AO;;;;"Lors de l'extraction des activités au sein d'un périmètre, les dates de début et de fin d'activités ainsi que la participation du réserviste à l'activité ne sont pas renseignés.

SSA - l'absence d'indication de la participation du réserviste et l'absence de date de début du service fait / date de fin du service fait, induit en erreur le décompte des jours dans cette extraction. En effet, les jours de la période peuvent changer entre la création et la réalisation. Lorsque une des dates du service fait (à l'étape ""Cloturer"" de l'activité) est modifiée, cela induit une nouvelle ligne dans l'export activité pour cette activité. Sur une ligne la participation est ""NON"" sur l'autre ligne participation = ""OUI"". 
le décompte des jours réalisés est sur le décompte des jours avec participation ""OUI"" . Actuellement le décompte des jours est faux car sur les périodes modifiées, 2 lignes sont décrites, donc 2 périodes pour la même activité.  => calcul des jours faux
Attention,  au retour du CISAP qui peut utiliser les exports activités de ROC pour certains contrôles (date de signature ENARO)";Majeur;"EXPORT ACTIVITE SCA.JPG,Export activités.docx,SSA-Export_activités_non conforme_manque données_20250803.xlsx"
591601;"11/20/2025 17:31";;"Problème de création de compte au titre de la RO2";;;Clôturé;"Impossibilité de création de compte RO2";"09/30/2025 10:09";;;;;;AF;;l_kervella2;;m_fekete;AAE;;;Comptes,Connexion;;;Majeur;"Poste Internet";www.reserviste.defense.gouv.fr/reserviste/ro2/creation-compte;V6.3.2;;;;https://reservistes.intradef.gouv.fr/interne/admin/utilisateurs/ro2/modifier/291035;"L'intéressé n'arrive pas à créer son compte RO2. Ce n'est pas le premier cas, certains se trouvent dan la même situation.";Bloquant;"Screenshot from 2025-09-25 20-24-43.png,CREATION COMPTE RO2 OK - CNE LAMBERT SILVAN.docx"
643670;"11/26/2025 10:54";;Calendrier;;;Clôturé;;"11/24/2025 10:38";;;;;;MN;;g_bota;;m_fekete;MN;;;Calendrier;;;;"Poste Internet";www.reservistes.defense.gouv.fr/reserviste/calendrier;v7.4.3;réserviste;;"Demande via le calendrier de création de disponibilités et d'indisponibilités. ";g.bota;"Je sélectionne depuis le calendrier le jours que je souhaite:
Je clique sur le bouton ""Gérer mes disponibilités"";
La fenêtre ""Ajouter ou supprimer une période de disponibilité"" s'ouvre;
Lorsque je clique alors sur le bouton ""Ajouter une disponibilité"" un pop up s'affiche ""Veuillez compléter ce champ"". C'est le même constat avec le bouton ""Ajouter une indisponibilité"".";Bloquant;
555340;"11/26/2025 11:40";;"Parcours d'engagement - Indisponibilité des onglets compétences";;;Clôturé;"Anomalie fonctionnelle parcours Engagement";"09/02/2025 18:06";;;;;;ADT;;c_siguie;;m_fekete;;;;Paramétrage,Compétences;;;Majeur;"Poste Internet";"https://reservistes.intradef.gouv.fr/interne/engager/engagement/processus-candidature/298619 (candidature supprimée en vue d'en permettre la reconstitution par le candidat, optant pour une nouvelle unité).";V5.4.4;"Candidat ab initio";;"Vérification d'un nombre de postes suffisant proposé par l'unité sélectionnée. Vérification du profil du candidat concerné : seul le bloc ""Choix de l'affectation"" apparait. Les autres blocs n'apparaissent pas, à défaut pour le candidat d'avoir pu valider les deux onglets compétences auxquels il n'a pas accès.  ";https://reservistes.intradef.gouv.fr/interne/engager/engagement/processus-candidature/298619;"https://www.youtube.com/watch?v=Q-uSMD2pM_E créé par les soins de M. Arnaud NADE, candidat au 13e BCA, concerné par ce bug.";Majeur;"250829- CandidatureDamienHEIDELBERG.jpg,250829- CandidatureDamienHEIDELBERG.jpg,candidat heidelberg.docx"
555345;"12/02/2025 12:04";;"Inaccessibilité onglets compétences";;;"Corrigé en production";"Anomalie fonctionnelle parcours Engagement";"09/02/2025 18:25";;;;;;ADT;;c_siguie;;m_fekete;;;;"Unités (CREDO, FPM, Emploi),Compétences";;;Mineur;"Poste Internet";https://www.youtube.com/watch?v=Q-uSMD2pM_E;V5.4.4;"Ab initio";;"Vérification de la date de la candidature, postérieure à la MEP de la v. 5.4.4. de ROC, Vérification de la disponibilité du poste sollicité par le Candidat. Etc.";"NIT candidat : M. Kenny RODRIGUEZ, 298619";"Dans son parcours d'engagement, le candidat ne peut accéder aux deux onglets compétences transverses et spécifiques, et donc ne peut les valider. Ne pouvant du même coup téléverser son CER, il n'est pas visible de l'unité qu'il a sélectionnée et ne peut poursuivre son parcours.

Le candidat ne peut être redirigé vers le renouvellement de sa candidature qu'à sa demande expresse, conduisant à la suppression de son compte en vue de sa recréation (seule solution de contournement disponible).

Exemple. https://reservistes.intradef.gouv.fr/interne/engager/engagement/processus-candidature/298619

Détail : https://www.youtube.com/watch?v=Q-uSMD2pM_E (vidéo de l'un des candidats concernés par ce bug).

Témoignage de M. Damien HEIDELBERG, concerné par le même bug, qu'il aurait résolu par la suppression de ses fichiers téléchargés :

""(29/08/2025) .../... j'ai donc repris la procédure depuis le début en supprimant tous les documents préalablement téléversés et en les téléversant à nouveau et cette fois, j'ai pu être dirigé vers les onglets de compétences transverses puis spécifiques.
Il y avait donc peut être un bug bloquant sur le dossier à la suite du passage sur la page ""site en maintenance"" au moment de la confirmation de candidature.""";Majeur;"250829- CandidatureDamienHEIDELBERG.jpg,250902- CandidatureArnaudNADE.jpg,Bug 555345 - Inaccessibilité onglets compétences .pdf"
515581;"12/02/2025 12:55";;" [Extraction] : Erreur 504 Gateway timeout lors d'export qualité des 7496 utilisateurs gestionnaires avec un rôle ";;l_lodigiani_dechamp;Annulé;;"07/02/2025 09:39";;;;;;"DP ROC";;a_courreur;ROC-1991;b_poiron_ext;;;;Extraction;;;Majeur;"Poste Intradef";https://reservistes.intradef.gouv.fr/interne/admin/qualite;V4.20.0.8;AF;;;;"

Titre : [Extraction] : Erreur 504 lors d'export qualité des 7496 utilisateurs gestionnaires avec un rôle

Configuration : Production v4.20.08 Intradef interne/login

URL : https://reservistes.intradef.gouv.fr/interne/admin/qualite

Identifiant : 

AF : alexandre.courreur

 

Descriptif :

    Connexion AF Intradef interne/login
    Espace qualité
    Export de tous les utilisateurs
    Cocher tous les types de rôle (excepté sans rôle) + inclure les délégations
    Téléchargement : NOK Erreur 504 au bout de 1mn de traitement

Reproduit le 2 juillet 2025 à 8h14

Résultat attendu :
L'AF doit pouvoir extraire les 7496 utilisateurs ayant un rôle (fichier excel de 2,6Mo contenant)

 

Résultat obtenu : 
Après 1mn de traitement Erreur 504 Gateway timeout
";Majeur;
515584;"12/02/2025 12:55";;"[Extraction] : l'extraction de 7496 utilisateurs est plus longue que l'extraction de 17496 utilisateurs";;l_lodigiani_dechamp;Annulé;;"07/02/2025 09:44";;;;;;"DP ROC";;a_courreur;ROC-1992;b_poiron_ext;;;;Extraction;;;Majeur;;https://reservistes.intradef.gouv.fr/interne/admin/qualite;V4.20.0.8;;;;;"Titre : [Extraction] : l'extraction de 7496 utilisateurs est plus longue que l'extraction de 17496 utilisateurs

Configuration : Production v4.20.08 Intradef interne/login

URL : https://reservistes.intradef.gouv.fr/interne/admin/qualite

Identifiant : 

AF : alexandre.courreur

 

Descriptif :

    Connexion AF Intradef interne/login
    Espace qualité
    Export de tous les utilisateurs
    Cocher tous les types de rôle (excepté sans rôle) + inclure les délégations
    Téléchargement : NOK 1mn ce traitement est plus long que le meme traitement avec les options par défaut concernant 17496 utilisateurs

    *Concrètement l'export de 7496 utilisateurs est plus long que l'export de 17496 utilisateurs*

Reproduit le 2 juillet 2025 à 8h14

Résultat attendu :
L'AF doit pouvoir exporter plus rapidement 7496 utilisateurs que 17496 utilisateurs

 

Résultat obtenu :
L'export de 7496 utilisateurs (1mn) est plus long que l'export de 17496 utilisateurs (43sc)
";Majeur;
527916;"12/02/2025 12:55";;"[connexion] - REF DR - Tentative de connexion restantes non signalée en cas de mauvais mot de passe";;;Annulé;;"07/17/2025 15:21";;;;;;"DP ROC";;b_poiron_ext;ROC-2023;b_poiron_ext;;;;Connexion;;;Majeur;;;V5.4.3;;;;;"'+*Titre :*+ [connexion] - REF DR - Tentative de connexion restantes non signalée en cas de mauvais mot de passe

*+Configuration:+*

PICSEL v5.4.3 DR interne/login pour le REF

+*URL :*+  [https://roc-front-dr-pre.picsel.defense.gouv.fr/interne/login] 

 

+*Identifiants / rôle :*+

REF DR 2111_utilisateur Azertyuiop44!!!

 

*+Descriptif :+*

connexion avec mauvais mot de passe : NOK rien n'est signalé et la v5.4.3 doit normalement embarquer cette fonctionnalité


+*Résultat attendu:*+
Un message d'erreur précisant le nombre de tentative restante doit être affiché a l'utilisateur

 

+*Résultat obtenu:*+
Le message precisant le nombre de tentatives restantes n'est pas affiché";;
527936;"12/02/2025 12:55";;"[Calendrier] L'ajout de disponibilités ne s'affiche pas sur le calendrier du réserviste";;;Annulé;;"07/17/2025 15:21";;;;;;"DP ROC";;b_poiron_ext;ROC-1986;b_poiron_ext;;;;Calendrier;;;Majeur;;;V5.4.1;;;;;"*Titre* :  [Calendrier] L'ajout de disponibilités ne s'affiche pas sur le calendrier du réserviste

*Configuration* : Pprod V.5.4.1

*Identifiant* :

RO1 remplissant ses dispos : 14291_reserviste

*Descriptif :* En tant que RO1, je clique sur le bloc calendrier, je clique sur 2 dates (premier clic : 23 juillet, deuxième clic : 27 juillet). Je tape ces deux dates dans le pop-up dispo/indispo, je clique sur ajouter une disponibilité (voir rond rouge sur PJ)

*Résultat attendu :* Fermeture du pop-up et affichage des disponibilités sur le calendrier en vert

*Résultat obtenu :* Le pop up se ferme et rien ne se passe";;
527941;"12/02/2025 12:55";;"[Unités] Les REF ouvrent la gestion des emplois en ouvrant la gestion des unités (ok pour les AF)";;;Annulé;;"07/17/2025 15:21";;;;;;"DP ROC";;b_poiron_ext;ROC-1978;b_poiron_ext;;;;Unités;;;Mineur;;;V5.4.1;;;;;"*Titre* : [Unités] Les REF ouvrent la gestion des emplois en ouvrant la gestion des unités (ok pour les AF)

*Configuration* : PPROD v5.4.1 intradef interne/login

*URL* : [https://pprod-reservistes.intradef.gouv.fr/interne/accueil-choix-bloc]

*Identifiant :* 

REF  9762_utilisateur
Azertyuiop44!!!

 

*Descriptif* :
 # Se connecter avec un REF
[Choix fonctionnalités - Réservistes des armées|https://pprod-reservistes.intradef.gouv.fr/interne/accueil-choix-bloc]
 # cliquer sur le bloc Gérer les unité : NOK : la gestion des emplois s'ouvre

[Gestion des emplois - Réservistes des armées|https://pprod-reservistes.intradef.gouv.fr/interne/gestion-engagement/liste-postes]

=> OK avec un AF



*Résultat attendu* : 
Le REF doit pouvoir ouvrir la gestion des unités en cliquant sur gestion des unités

 

*Résultat obtenu :* 

Le REF ouvre la gestion des emplois en voulant ouvrir la gestion des unités
Reproduit également par le CNE [~X-CDJIAL] ";;
528005;"12/02/2025 12:55";;"[Téléverser] Le certificat medical téléversé n'apparait pas dans l'IHM + message d'erreur rouge vide + non persistance du certificat medical";;;Annulé;;"07/17/2025 15:21";;;;;;"DP ROC";;b_poiron_ext;ROC-1789;b_poiron_ext;;;;Candidature;;;Mineur;;;V5.4;;;;;"*Titre* : [Téléverser] Le certificat medical téléversé n'apparait pas dans l'IHM

*Configuration* : PICSEL v5.4

*URL* : [https://roc-front-np-pre.picsel.defense.gouv.fr/]

*Identifiant :* 

 

*Descriptif* :
 # Etape A : tout début du process d’engagement (sans action)
 # Etape B : certificat medical + saisir la date du jour + télécharger le document + televerser le document rempli par la candidat+ valider
 # Etape C : message rouge vide et l'IHM ne fait pas apparaitre le certificat médical téléversé, 
4. les informations ne sont pas persistées en retournant dans l'IHM de la visite medicale civile concernant le certificat_medical.pdf

Ce bug fait suite au ROC-1511 pour un scénario similaire

 

*Résultat attendu* : 

3. Aucune erreur n'est attendue

4. les informations du 2. doivent être persistées et non perdues

 

*Résultat obtenu :* 

Message d'erreur rouge vide + absence du certificat medical au niveau de l'IHM du candidat + non persistence du certificat medical televersé

 

 ";;
528048;"12/02/2025 12:55";;"Pb authentification via MDC Internet pour un gestionnaire ";;;Annulé;;"07/17/2025 15:21";;;;;;"DP ROC";;b_poiron_ext;ROC-1665;b_poiron_ext;;;;Connexion;;;Mineur;;;V4.20.0.7;;;;;"Constat : Suite appel de ""/interne/login"" et après authentification via MDC Internet, je ne suis pas authentifié dans ROC. EN utilisant mon compte personnel (DEL AF), je suis redirigé sur la page d'accueil (""/accueil""). Voir capture du 02/05 en PJ.";;
546115;"12/02/2025 12:55";;"[Performances] - AF/DR la liste des activités à convoquer s'affiche en 26sc au lieu de 12sc";;;Annulé;;"08/20/2025 11:48";;;;;;"DP ROC";;a_courreur;ROC-2233;b_poiron_ext;;;;Activités;;;Majeur;"Poste Internet";"https://reservistes.intradef.gouv.fr/interne/activites/designer/liste
";"Version du portail : v5.4.4";"AF alexandre.courreur";;"purge du cache du navigateur ";;"Titre: [Performances] - AF/DR la liste des activités à convoquer s'affiche en 26sc au lieu de 12sc

Configuration: Production DR AF

URL: https://reservistes.intradef.gouv.fr/interne/activites/designer/liste

Identifiants / rôle : AF alexandre.courreur
Depuis un poste intradef avec ISPT

Descriptif :

    AF / DR : connexion https://reservistes.intradef.gouv.fr/interne/login
    Cliquer sur la tuile activités : https://reservistes.intradef.gouv.fr/interne/activites/designer/liste

NOK : la liste s'affiche maintenant en 26sc alors qu'en juillet 2025 cette même liste s'affichait en 13sc

Résultat obtenu:
Quelques mesures effectuées sur le temps d'affichage de cette requête alors que les autres requêtes restent stables

Le 16/07/2025 : 10h10 : 12,8sc
Le 17/07/2025 : 15h00 : 12,6sc
Le 22/07/2025 : 14h08 : 13,15sc
Le 23/07/2025 : 18h48 : 13,43sc
Le 30/07/2025 : 14h00 : 14,18sc
Le 04/08/2025 : 10h12 : 17,55sc
Le 05/08/2025 : 11h18 : 18,63sc
Le 13/08/2025 : 14h54 : 22,78sc
Le 16/08/2025 :  8h08 :  23,43sc
Le 17/08/2025 : 10h43 : 24,51sc
Le 20/08/2025 : 11h12 : 26,3sc

 

Résultat attendu:
Avoir une réponse stabilisée dans le temps, dans l'attente de la refonte du modèle de données, voir s'il est possible d'avoir les 12 à 13sc
";Majeur;
598002;"12/02/2025 12:55";;"Armée de l'air et de l'espace et non armée de l'air dans la liste des armées - directions et services";;;Annulé;;"10/07/2025 12:13";;;;;;"DP ROC";;b_poiron_ext;ROC-2388;b_poiron_ext;;;;Candidature;;;Mineur;;;;;;;;"Bonjour,

Un intitulé dans les choix d'armées directions et services est à modifier. 

En effet, l'armée de l'air n'existe plus mais s'appelle bien armée de l'air et de l'espace.";;
598664;"12/02/2025 12:55";;"[Responsive] le choix de l'armée sur la carte n'est pas responsible ";;;Annulé;;"10/07/2025 16:06";;;;;;"DP ROC";;b_poiron_ext;ROC-1519;b_poiron_ext;;;;Candidature;;;Mineur;;;;;;;;"*Titre* : [PROD A BLANC][Responsive] le choix de l'armée sur la carte n'est pas responsible 

*Configuration* : PROD A BLANC NP V4.20.0.7 + Iphone + Safari

*URL* : [https://prod-reservistes.cloud.defense.gouv.fr|https://prod-reservistes.cloud.defense.gouv.fr/]

*Identifiant :* 

Candidat : alberto.Tarino

Mdp: Azerty1234!

 

*Descriptif* :

lors du choix de son affectation par critère le candidat sur un iPhone 14 pro Max alors la liste des armées n'est pas responsive et il est pratiquement impossible de choisir une unité

 

+*Remarque:*+ on reproduit aussi dans PROD réelle

 

*Résultat attendu* :

La liste des armées devraient etre responsive pour laisser le candidat choisir facilement son unité";;
515588;"12/02/2025 12:55";;"AF - l'ouverture de la fenêtre des contrats expirés met 18sc";;l_lodigiani_dechamp;Annulé;;"07/02/2025 09:46";;;;;;"DP ROC";;a_courreur;ROC-1993;b_poiron_ext;;;;Contrat;;;Majeur;;https://reservistes.intradef.gouv.fr/interne/mes-contrats/liste-reservistes/contrats-expires;V4.20.0.7;;;;;"Titre : AF - l'ouverture de la fenêtre des contrats expirés met 18sc

Configuration : Production v4.20.08 Intradef interne/login

URL : https://reservistes.intradef.gouv.fr/interne/mes-contrats/liste-reservistes/contrats-expires

Identifiant : 

AF : alexandre.courreur

 

Descriptif :

    Connexion AF Intradef interne/login
    Cliquer sur Contrat/Mobilité/Expiré : NOK l'affichage se fait en 18sc

Reproduit le 02/07/2025 à 8h17

Résultat attendu :
L'AF doit pouvoir ouvrir la fenêtre des contrat expiré en quelques secondes

 

Résultat obtenu : 
L'AF ouvre la fenêtre des contrats expirés en 18sc";Majeur;
598036;"12/02/2025 12:55";;"Tiret présent dans le champs ""Numéro ADS"" d'un RO1";;;Annulé;;"10/07/2025 12:13";;;;;;"DP ROC";;b_poiron_ext;ROC-2081;b_poiron_ext;;;;Comptes;;;Mineur;;;;;;;;"Identifiants : 

AF : 4512_utilisateur (test réalisé avec le profil RO1 du 57769_reserviste et reproduit sur d'autres)

Description :
 * En tant qu'AF, j'accède aux données personnelles d'un RO1
 * Je modifie le numéro de téléphone mobile du RO1 et je valide la modification
 * L'écran remonte au niveau du champs ""Numéro ADS"" et le message d'erreur ""Le numéro ADS saisie n'est pas valide. Veuillez entrer un numéro valide."" (cf. tiret Numéro ADS.png). Le champs comporte à cette étape l'unique caractère - (cas reproduit pour l'ADT, le SSA, le SCA, le SEO et l'AAE. Le personnel de la marine semble avoir disparu de la PPROD ....)
 * Après suppression du tiret du champs ""Numéro ADS"" et une nouvelle tentative de validation, les données sont enregistrés (comportement nominal)
 * En tant qu'AF, j'accède à nouveau aux données personnelles du même RO1
 * Le champs ""Numéro ADS"" contient à nouveau : -. La modification du numéro de téléphone a bien été prise en compte

Résultat attendu :

Le champs ""Numéro ADS"" ne doit, par défaut, pas contenir de caractères (sauf le numéro ADS s'il est renseigné)

Complément d'information :

En tant que référent, le champs ""Numéro ADS"" n'est pas modifiable par défaut. Lorsque le champs est verrouillé, un tiret apparait (à l'instar du cas de l'AF) mais lorsque le champs est déverrouillé pour modification, il apparait vide";;
521159;"12/02/2025 12:55";;"[SSA] RO1 en rejet car ville de naissance non reconnue";;j_pelletier6;Annulé;;"07/08/2025 12:21";;;;;;SSA;;g_gay3;ROC-2468;b_poiron_ext;;;;Flux;;;Majeur;"Poste Internet";;V4.20.0.7;RO1;;"Le RO1 essaie de créer son compte ROC, message NID ou date naissance incorrecte.
ISG 1G Elizabeth DUCOLOMBIER NID 2092081929, née à Cracovie en Pologne.";;"Le dossier est en rejet du SI ROC car le code INSEE de la ville de naissance n'est pas présent dans le référentiel zonage.
Serait-il possible de mettre à jour ce référentiel ?
Merci";Bloquant;"Rejet code INSEE ville naissance.xlsx,Referentiel ville ROC.xlsx"
487439;"12/02/2025 12:55";;"[AAE] Incohérence entre message de convocation et PJ";;;Annulé;"Anomalie fonctionnelle Activités";"05/27/2025 07:05";;;;;;AAE;"bugs #477179";j_sales1;ROC-1958;b_poiron_ext;;;;Activités;;P0;Mineur;"Poste Internet";S/O;V4.20.0.8;"Réserviste RO1";;S/O;;"Le message de confirmation de convocation donne les bonnes informations de convocation pour le 02 juin mais la PJ indique une date de convocation différente (11 juin) :
le message :

"" De: ROC : le Portail des réserves des armées de la garde nationale <roc.notification.tec@intradef.gouv.fr>
Date: 26 mai 2025 à 10:55:34 UTC+2
À: drine.smn@gmail.com
Objet: Communication du Portail des réserves des armées de la garde nationale

Bonjour Major Sandrine SIMON,

Vous avez postulé pour participer à Soutien (IAT, CICoS, ARD, DIRISI, ESID, DICOD, DGRIS, CIAE, DPID, CFMD, DMPA, SCA hors GSBDD, …) du 02/06/2025 06:00 au 02/06/2025 19:00 à FAVIERES (28170). Je vous confirme votre participation. 
Vous trouverez ci-joint votre ordre de convocation. 
Vous pouvez également commander dès-à présent un e-billet si vous avez besoin de vous rendre sur les lieux de la convocation par voie ferrée. A cet effet vos numéros de transport sont : ROC-0AHU000-272959-1981724-1 ou ROC-0AHU000-272959-1981724-2. ""
";Majeur;"ordre_convocation_simon_sandrine_26-.pdf,réception mail avec convocation .docx,ordre_convocation_council_chrissy_04-2.pdf"
527965;"12/02/2025 12:55";;"[MDC] : lors de l'activation du compte dans un autre navigateur il est retourné ""Vous êtes déjà connecté""";;;Annulé;;"07/17/2025 15:21";;;;;;"DP ROC";;b_poiron_ext;ROC-1925;b_poiron_ext;;;;Comptes;;;Mineur;;;V5.4.1;;;;;"*Configuration* : PPROD v5.4.1 NP

 

*Descriptif* :
 # Firefox : ROC: Création d'un nouveau compte MDC

=> un lien est envoyé dans l'email pour validation du compte
 # Edge: ouverture de la boite email : OK
 # Edge: ouverture de l'email : OK
 # Edge: clic sur le lien email ci-dessous NOK 

 Bonjour,

Une demande de création de compte Mindefconnect V2 sur ""Internet-v2.0"" vient d'être initiée avec votre courriel. Si vous êtes à l'origine de cette requête, veuillez cliquer sur le lien ci-dessous afin de vérifier votre adresse de courriel

https://val-auth.cloud.defense.gouv.fr/auth/realms/Internet-v2.0/login-actions/action-token?key=eyJhbGciOiJIUzI1NiIsInR5cCIgOiAiSldUIiwia2lkIiA6ICJiZDAyZWZlNy0zODdmLTQ2ZjItODQ2NS0wNzliNGFkNTM3OWYifQ.eyJleHAiOjE3NTA2NzMzNzgsImlhdCI6MTc1MDY3MjQ3OCwianRpIjoiNTBkMWRhMjEtMDcyYy00NDZiLThmMGYtODNhNzE5Y2NiMjI0IiwiaXNzIjoiaHR0cHM6Ly92YWwtYXV0aC5jbG91ZC5kZWZlbnNlLmdvdXYuZnIvYXV0aC9yZWFsbXMvSW50ZXJuZXQtdjIuMCIsImF1ZCI6Imh0dHBzOi8vdmFsLWF1dGguY2xvdWQuZGVmZW5zZS5nb3V2LmZyL2F1dGgvcmVhbG1zL0ludGVybmV0LXYyLjAiLCJzdWIiOiJhNTQxNGMwOS0yZmVmLTRmYzctOTY3Ni1mZmVlODZkZDMwNDEiLCJ0eXAiOiJ2ZXJpZnktZW1haWwiLCJhenAiOiJwcHJvZC1yb2MtMmZhLWMxbnAiLCJub25jZSI6IjUwZDFkYTIxLTA3MmMtNDQ2Yi04ZjBmLTgzYTcxOWNjYjIyNCIsImVtbCI6IjI3MTlfdXRpbGlzYXRldXIucm9jQGdldG5hZGEuY29tIiwiYXNpZCI6ImNkMjQzZGFlLWRiMjYtNDM5OC04MzM3LTBlYTA1ZTQ1ZjdkYy5fSDZLUXFKLW55by5jZGRlZjliZS03YTMxLTQ4YjItOWQ1OS00MmRiOTg0YjUzYzAiLCJhc2lkIjoiY2QyNDNkYWUtZGIyNi00Mzk4LTgzMzctMGVhMDVlNDVmN2RjLl9INktRcUotbnlvLmNkZGVmOWJlLTdhMzEtNDhiMi05ZDU5LTQyZGI5ODRiNTNjMCJ9.tnMx8vzZvB9GeYv_c4aljEq9y3j3HPrpslkznuYfulQ&client_id=pprod-roc-2fa-c1np&tab_id=_H6KQqJ-nyo

Ce lien expire dans 15 minutes.

Sinon, veuillez ignorer ce message.
Cordialement, 



 
 
*Résultat obtenu* :

*{color:#de350b}Le nouvel onglet Edge ouvert indique ""Vous êtes déjà connecté""{color}*

*{color:#00875a}En copiant/collant le lien URL de l'email dans Firefox : OK{color}*

 

*Résultat attendu* :

Il devrait être possible d'activer le lien URL MDC depuis un autre navigateur";;
527989;"12/02/2025 12:55";;"[Production NP][App mobile]  RO1 : le bouton commander un e-billet ne fait rien";;;Annulé;;"07/17/2025 15:21";;;;;;"DP ROC";;b_poiron_ext;ROC-1825;b_poiron_ext;;;;"Application Mobile";;;Mineur;;;V4.20.0.8;;;;;"|*Ticket JIRA N°*| |
|   *Environnement/ Version*|Production NP v4.20.0.8 sans ISPT
Application mobile ROC pour iOS 18.5 full update
iPhone 14 Pro Max
 |
|   *Titre de l'anomalie*|[Production NP][App mobile]  RO1 : le bouton commander un e-billet ne fait rien|
|   *Url*|Application ROC pour iOS 18.5 en production |
|   *Acteur*|RO1|
|   *Identifiants*|[alexcourreur@laposte.net|mailto:alexcourreur@laposte.net] |
|   *Mot de passe*| |
|   *Anomalie*|Majeur|
|   *Configuration*|Appli ROC pour iOS 18.5 (safari par défaut activé)|
|   *Bloc*|e-billet|
|   D{*}escription{*}|

 

Le bouton commander un e-billet ne fait rien et on n'accède même pas au ROC-1824

=> ce problème a été signalé et corrigé le 30 avril 2025 lors de la sortie de la version v4.20.0.7 à voir si la correction a été reportée sur la version mobile

 
|Résultat obtenu|Le RO1 n'arrive pas a commander un e-billet sous l'application mobile iOS : le bouton commander ne fait rien|
|Résultat attendu|Le RO1 devrait pouvoir commander un e-billet depuis l'application mobile sous iOS|";;
527990;"12/02/2025 12:55";;"[Production NP][App mobile]  Impossible de télécharger les documents de toute l'application (tout rôle)";;;Annulé;;"07/17/2025 15:21";;;;;;"DP ROC";;b_poiron_ext;ROC-1824;b_poiron_ext;;;;"Application Mobile";;;Mineur;;;V4.20.0.8;;;;;"|*Ticket JIRA N°*| |
|   *Environnement/ Version*|Production NP v4.20.0.8 sans ISPT
Application mobile ROC pour iOS 18.5 full update
iPhone 14 Pro Max
 |
|   *Titre de l'anomalie*|[Production NP][App mobile]  Impossible de télécharger les documents de toute l'application (tout rôle)|
|   *Url*|Application ROC pour iOS 18.5 en production |
|   *Acteur*|Candidat - RO1 - RO2|
|   *Identifiants*| |
|   *Mot de passe*| |
|   *Anomalie*|Bloquant à Majeur à valider par le lieutenant [~X-LLODI] |
|   *Configuration*|Appli ROC pour iOS 18.5 (safari par défaut activé)|
|   *Bloc*|Tous les téléchargement de document + e-billet|
|   D{*}escription{*}|

 

Dans tous les cas fonctionnels d'ouverture d'un nouvel onglet, l'application mobile cherche à ouvrir un nouvel onglet de navigateur en dehors de l'application ROC mobile.
=> l'utilisateur n'ayant pas d'autorisation sur ce navigateur alors l'application web signale un message d'erreur ci-joint dans le cas d'une tentative d'accès a une convocation (le 31/05/2025 à 8h33 si besoin de log)
 
Quelques exemples où ce message d'erreur pourra apparaitre:
- Ro1 : tentative d'ouverture d'une Fiche activité
- Ro1 : Tentative d'ouvertures d'un Ordre de convocation
- Candidat: tous les téléchargements de documents : CER, certificat médical miliaire, certificat médical civil, ESR...documents présents dans données persos
- Ro1: commande de e-billet ouvrant un nouvel onglet 
- Ro1 : consultation de la liste de convoqué ouvrant un nouvel onglet ROC-1671
- Ro1 : tentative d'ouverture des fichiers d'Aide
....

 A voir si cela a déjà été possible dans une version de l'application ?

 
|Résultat obtenu|Le réserviste candidat / RO1 / RO2 de l’application mobile ROC n'accède à aucun document de l'application qui essaie de s'ouvrir dans un navigateur hors application ROC en précisant un message d'erreur « Vous n’avez pas la permission d’accéder à la page demandée »|
|Résultat attendu|Le réserviste candidat / RO1 / RO2 de l’application mobile ROC doit avoir accès aux fiches d’activités, ordre de convocation, CER, certificat médical militaire, certificat médical civil, ESR, documents présents dans données personnelles, aux commandes de e-billets, à la liste des convoqués, aux fichiers d’aide…|";;
527991;"12/02/2025 12:55";;"[Production NP][App mobile]  La création de compte MDC v2 est impossible - une page d'erreur est retournée";;;Annulé;;"07/17/2025 15:21";;;;;;"DP ROC";;b_poiron_ext;ROC-1822;b_poiron_ext;;;;"Application Mobile";;;Majeur;;;V4.20.0.8;;;;;"|*Ticket JIRA N°*| |
|   *Environnement/ Version*|Production NP v4.20.0.8 sans ISPT
Application mobile ROC pour iOS 18.5 full update
iPhone 14 Pro Max
 |
|   *Titre de l'anomalie*|[Production NP][App mobile]  La création de compte MDC v2 est impossible - une page d'erreur est retournée|
|   *Url*|Application ROC pour iOS 18.5 en production |
|   *Acteur*|Candidat - RO1 - RO2|
|   *Identifiants*| |
|   *Mot de passe*| |
|   *Anomalie*|Bloquant à Majeur à valider par le lieutenant [~X-LLODI] |
|   *Configuration*|Appli ROC pour iOS 18.5 (safari par défaut activé)|
|   *Bloc*|Connexion|
|   D{*}escription{*}|
 # Lancer l’application mobile ROC v4.20.0.8 sous iOS 18.5 iPhone : OK
 # Cliquer sur Créer mon compte candidat : OK
 # Cliquer sur Créer un compte MinDefConnect : OK
 # Cliquer sur Créer un compte : NOK

=> un navigateur safari en dehors de l'application ROC s'ouvre à cette adresse

[https://auth.defense.gouv.fr/auth/realms/Internet-v2.0/login-actions/registration?client_id=prod-roc-c1np&tab_id=yLwciq5WVH4]

 

=> la page indique

_*MindefConnect V2*_

_*Une erreur est survenue*_

_*Veuillez nous excuser pour la gêne occasionnée. La page à laquelle vous tentez d'accéder a rencontré une erreur.*_
 * En réalisant le même scénario avec le même matériel mais depuis safari sans passer par l’application mobile ROC ce problème n’apparait pas

 
|Résultat obtenu|Le nouveau candidat ne peut pas créer son compte MDC v2 invoqué par l’application mobile ROC pour iOS|
|Résultat attendu|Le nouveau candidat devrait pouvoir créer son compte MDC v2 depuis l’application mobile ROC pour iOS, création explicite ou implicite à voir|

 

+*Remarque:*+

D'un point de vue ergonomique il est difficilement compréhensible de devoir cliquer 3 fois de suite sur Créer un compte.
Ce point fera l'object d'un bug ergonomique séparé";;
527992;"12/02/2025 12:55";;"[Production NP][App mobile]  RO1 : le calendrier est totalement en US (jours, mois et bouton)";;;Annulé;;"07/17/2025 15:21";;;;;;"DP ROC";;b_poiron_ext;ROC-1821;b_poiron_ext;;;;Activités;;;Majeur;;;V4.20.0.8;;;;;"|*Ticket JIRA N°*| |
|   *Environnement/ Version*|Production NP v4.20.0.8 sans ISPT
Application mobile ROC pour iOS 18.5 full update
iPhone 14 Pro Max
 |
|   *Titre de l'anomalie*|[Production NP][App mobile]  RO1 : le calendrier est totalement en US (jours, mois et bouton)|
|   *Url*|Application ROC pour iOS 18.5 en production |
|   *Acteur*|RO1|
|   *Identifiants*|alexcourreur@laposte.net|
|   *Mot de passe*|La simple authentification MDC v2 est utilisée|
|   *Anomalie*|Mineur|
|   *Configuration*|Appli ROC pour iOS 18.5 (safari par défaut activé)|
|   *Bloc*|Activité - Déplacement - Les calendriers dans les recherches|
|   D{*}escription{*}|

 

Pour le RO1 sous l'application mobile ROC pour iOS: dans l’ensemble des recherches par calendriers le calendrier apparait en US avec notamment
 * Les mois en US
 * Les jours en US
 * Les boutons reset et done

 
|Résultat obtenu|Le RO1 accède à des recherches par date a des calendriers en US|
|Résultat attendu|Le RO1 devrait avoir accès à des recherches par date avec des calendriers en FR|

 

*+Remarques :+*
On notera deux autres problèmes suivants qui feront l’objet de tickets séparés
 - la recherche ne se fait pas sous application mobile
 - le calendrier de recherche sous application mobile est en US";;
527993;"12/02/2025 12:55";;"[Production NP][App mobile]  RO1 : dans les recherches de type calendrier le bouton réinitialiser ou reset ne fait rien";;;Annulé;;"07/17/2025 15:21";;;;;;"DP ROC";;b_poiron_ext;ROC-1820;b_poiron_ext;;;;Activités;;;Majeur;;;V4.20.0.8;;;;;"|*Ticket JIRA N°*| |
|   *Environnement/ Version*|Production NP v4.20.0.8 sans ISPT
Application mobile ROC pour iOS 18.5 full update
iPhone 14 Pro Max
 |
|   *Titre de l'anomalie*|[Production NP][App mobile]  RO1 : dans les recherches de type calendrier le bouton réinitialiser ou reset ne fait rien|
|   *Url*|Application ROC pour iOS 18.5 en production |
|   *Acteur*|RO1|
|   *Identifiants*|alexcourreur@laposte.net|
|   *Mot de passe*|La simple authentification MDC v2 est utilisée|
|   *Anomalie*|Majeur|
|   *Configuration*|Appli ROC pour iOS 18.5 (safari par défaut activé)|
|   *Bloc*|Activité - Déplacement - Les calendriers dans les recherches|
|   D{*}escription{*}|

 

Lorsque le RO1 fait des recherches sur les activités ou les déplacements par date alors il n’a pas la possibilité de réinitialiser la date de manière à supprimer celle-ci pour continuer ses recherches sur d'autres critères
 * Dans le cas de recherche multiple alors le RO1 doit tuer l’application mobile et redémarrer pour faire une nouvelle recherche indépendante de la date

Sur l'app mobile iOS : le bouton reset ou parfois nommé réinitialisé selon la fonctionnalité ne fait rien.

Ce problème doit apparaitre pour tous les rôles dans toutes les recherches avec calendrier avec l’application mobile iOS

 
|Résultat obtenu|Dès qu’une première recherche est effectuée sur une date alors une date restera dans toute la session et impossible de la supprimer pour modifier les critères de recherche.|
|Résultat attendu|Le réserviste devrait pouvoir réaliser des recherches successives dans une même session sans devoir à tuer l’application mobile et redémarrer.|

 

*+Remarques :+*
On notera deux autres problèmes suivants qui feront l’objet de tickets séparés
- la recherche ne se fait pas sous application mobile
- le calendrier de recherche sous application mobile est en US";;
527994;"12/02/2025 12:55";;"[Production NP][App mobile] Page de maintenance lors de la consultation de « Mes demandes validées »";;;Annulé;;"07/17/2025 15:21";;;;;;"DP ROC";;b_poiron_ext;ROC-1819;b_poiron_ext;;;;Activités;;;Majeur;;;V4.20.0.8;;;;;"|*Ticket JIRA N°*| |
|   *Environnement/ Version*|Production NP v4.20.0.8 sans ISPT
Application mobile ROC pour iOS 18.5 full update
iPhone 14 Pro Max
 |
|   *Titre de l'anomalie*|[Production NP][App mobile] Page de maintenance lors de la consultation de « Mes demandes validées »|
|   *Url*|Application ROC pour iOS 18.5 en production |
|   *Acteur*|RO1|
|   *Identifiants*|alexcourreur@laposte.net|
|   *Mot de passe*|La simple authentification MDC v2 est utilisée|
|   *Anomalie*|Majeur|
|   *Configuration*|Appli ROC pour iOS 18.5 (safari par défaut activé)|
|   *Bloc*|Activité|
|   D{*}escription{*}|

 

*+Cas 1 :+* Application mobile ROC v4.20.0.8 le 31/05/2025 à 2h13
 # Connexion RO1 avec simple authentification : OK
 # Cliquer sur le menu en haut à droite « Activités/ calendrier Mes demandes validées » : NOK

Le 31/05/2025 à 2h13 : une page de maintenance de la DIRISI apparait (cf ci-joint)

 *++* 

*+Cas 2 :+* ++  safari sous smartphone v4.20.0.8 le 31/05/2025 à 2h09 puis après 2h13
Au même moment depuis le même smartphone mais directement dans Safari : même scénario depuis application web : OK

=> Cf pièce jointe où on accède aux demandes validées

NB: mon lieutenant [~X-LLODI] à voir la pertinence d'avoir un composant et/ou environnement liés à l'application mobile 


|Résultat obtenu|Lors de la consultation d'activités validées sous l'application mobile ROC une page de maintenance de la DIRISI apparait|
|Résultat attendu| On doit pouvoir consulter la liste des activités validées avec l’application ROC pour iOS|";;
528044;"12/02/2025 12:55";;"[Activité] RO1 : il y a modification des ordres de convocations ayant un Service Fait et validé";;;Annulé;;"07/17/2025 15:21";;;;;;"DP ROC";;b_poiron_ext;ROC-1670;b_poiron_ext;;;;Activités;;;Bloquant;;;V4.20.0.7;;;;;"|*Ticket JIRA N°*| |
|   *Environnement/ Version*|Production v4.20.0.7 NP full internet (avec ou sans ISPT)
PC Windows 11 PRO FR + Firefox FR - NP
iPhone 18.4.1 FR + Safari FR - NP
 |
|   *Titre de l'anomalie*|[Activité] RO1 : il y a modification des ordres de convocations ayant un Service Fait et validé|
|   *Url*|[https://www.reservistes.defense.gouv.fr/reserviste/mes-activites/ordre-convocation/1848102]
 |
|   *Acteur*|RO1|
|   *Identifiants*|alexandre.courreur|
|   *Mot de passe*| |
|   *Anomalie*|Mineure|
|   *Configuration*|Safari FR / FireFox FR full update|
|   *Bloc*|Activités|
|   D{*}escription{*}|En v4.20.0.7 il y a modification des ordres de convocations d'activités au format PDF concernant des actiivités ayant des services fait et validés
 
[https://www.reservistes.defense.gouv.fr/reserviste/mes-activites/ordre-convocation/1848102|https://www.reservistes.defense.gouv.fr/reserviste/mes-activites/1848102/passee]
 
Cette convocation est différente de la convocation initiale et ne doit pas être modifiée après un service fait et validé
En l'occurence ici :
 - le fichier fait 141ko au lieu de 50ko
 - la signature est différente
 - il y a disparition du code autorité
 - le document change de disposition en superposant les deux PDF dans acrobat a 100%
 
On observe ces differences en comparant les fichiers ci-joint produits en v4.18.2.3 et v4.20.0.7 en Production
 
 |
|   *Résultat attendu*|les convocations PDF pour des activités déjà validées ne doivent pas être modifiées après réalisation de l'activité - le fichier ne doit pas être reconstruit dynamiquement mais fait appel a un fichier archivé|";;
528045;"12/02/2025 12:55";;"[Activité] RO1 : disparition ou apparition du code autorité de certaines convocations PDF";;;Annulé;;"07/17/2025 15:21";;;;;;"DP ROC";;b_poiron_ext;ROC-1669;b_poiron_ext;;;;Activités;;;Bloquant;;;V4.20.0.7;;;;;"|*Ticket JIRA N°*| |
|   *Environnement/ Version*|Production v4.20.0.7 NP full internet (avec ou sans ISPT)
PC Windows 11 PRO FR + Firefox FR - NP
iPhone 18.4.1 FR + Safari FR - NP
 |
|   *Titre de l'anomalie*|RO1 : un champ technique form.date_modif_mdp apparait dans les données personnelles|
|   *Url*|[https://www.reservistes.defense.gouv.fr/reserviste/mes-activites/ordre-convocation/1848102]
 |
|   *Acteur*|RO1|
|   *Identifiants*|alexandre.courreur|
|   *Mot de passe*| |
|   *Anomalie*|Mineure|
|   *Configuration*|Safari FR / FireFox FR full update|
|   *Bloc*|Activités|
|   D{*}escription{*}|En v4.20.0.7 sur les convocations d'activités avec Service Fait et validé il y a disparition du Code Autorité: CTO - SEA - SEOOA001 - SEO DSEO Malakoff
 
[https://www.reservistes.defense.gouv.fr/reserviste/mes-activites/ordre-convocation/1848102]
 
Cette information était présente avant la montée de version de v4.18.2.3 vers 4.20.0.7
 
Ci-joint les fichiers dans les deux versions
 
 |
|   *Résultat attendu*|le code autorité ne doit pas disparaitre des convocations PDF|";;
528046;"12/02/2025 12:55";;"[Activité] RO1 : la taille des fichiers de convocations PDF aux activités sont x3 (141ko au lieu de 50ko)";;;Annulé;;"07/17/2025 15:21";;;;;;"DP ROC";;b_poiron_ext;ROC-1668;b_poiron_ext;;;;Activités;;;Mineur;;;V4.20.0.7;;;;;"|*Ticket JIRA N°*| |
|   *Environnement/ Version*|Production v4.20.0.7 NP full internet (avec ou sans ISPT)
PC Windows 11 PRO FR + Firefox FR - NP
iPhone 18.4.1 FR + Safari FR - NP
 |
|   *Titre de l'anomalie*|RO1 : un champ technique form.date_modif_mdp apparait dans les données personnelles|
|   *Url*|[https://www.reservistes.defense.gouv.fr/reserviste/mes-activites/ordre-convocation/1848102]
 
[https://www.reservistes.defense.gouv.fr/reserviste/mes-activites/ordre-convocation/1916566]|
|   *Acteur*|RO1|
|   *Identifiants*|alexandre.courreur|
|   *Mot de passe*| |
|   *Anomalie*|Mineure|
|   *Configuration*|Safari FR / FireFox FR full update|
|   *Bloc*|Activités|
|   D{*}escription{*}|En v4.20.0.7 les convocations PDF aux activités font 141ko au lieu de 50ko
 
[https://www.reservistes.defense.gouv.fr/reserviste/mes-activites/ordre-convocation/1848102]
 
[https://www.reservistes.defense.gouv.fr/reserviste/mes-activites/ordre-convocation/1916566]
 
 Ces memes fichiers en 4.18.2.3 faisaient 50ko
 
 |
|   *Résultat attendu*|la taille des convocations PDF ne doit pas être x3 lors d'un changement de version |";;
597999;"12/02/2025 12:55";;"[Activité]- Impossible de se connecter avec un ATS pour signature ";;;Annulé;;"10/07/2025 12:13";;;;;;"DP ROC";;b_poiron_ext;ROC-2431;b_poiron_ext;;;;Activités;;;Majeur;;;;;;;;"PICSEL DR:[ Choix fonctionnalités - Réservistes des armées (defense.gouv.fr)|https://roc-front-dr-pre.picsel.defense.gouv.fr/interne/accueil-choix-bloc]

{*}Identifiant-REF{*}: 2329_utilisateur

{*}Mdp{*}: Azertyuiop44!!!
 # Se connecter avec le REF, dont le identifiants sont indiqués ci-dessus.
 # Choisir dans le différents profil du REF, crelui de DEL-CTSA-Cellule réserve opérationnelle(05EJ071)
 # Cliquer sur le bloc Activités/Calendrier
 # Choisir ""Activités à signer""
 # Sélectionner dans le tableau la première activité
 # Dans l'encart signature de L'ENARO, nous avons le grade et le nom de l'ATS
 # Retourner dans l'onglet ""Gestion""
 # Sélectionner ""ATS""
 # Choisir ATS decrit dans l'étape 7
 # Cliquer sur ce dernier
 # Récupérer son identifiant ( XXXX_utilisateur)
 # Connecter vous avec l'ATS  grâce a son identifiant de l'étape 11

Résultat obtenu : Impossible de se connecter

Résultat  attendu : l'identifiant doit permettre à l'ATS de se connecter afin de signer L'ENARO";;
598005;"12/02/2025 12:55";;"[Usine logicielle] Pb cron qui supprime les docs téléchargés sur le NP";;;Annulé;;"10/07/2025 12:13";;;;;;"DP ROC";;b_poiron_ext;ROC-2360;b_poiron_ext;;;;Echanges;;;Majeur;;;;;;;;"Lorsqu'un document est téléchargé depuis le NP, il doit être stocké sur le DR.

Un CRON est normalement en place pour supprimer le document côté NP.

Cependant ce CRON ne fonctionne pas car le document reste stocké sur le NP.

 ";;
598025;"12/02/2025 12:55";;"[communication] - non respect de la mise en forme de la numérotation suite à copier/coller provenant de Word vers un message ROC";;;Annulé;;"10/07/2025 12:13";;;;;;"DP ROC";;b_poiron_ext;ROC-2199;b_poiron_ext;;;;Communication;;;Mineur;;;;;;;;"'+*Titre:*+ [communication] - non respect de la mise en forme de la numérotation suite à copier/coller provenant de Word vers un message ROC

+*Configuration:*+ PICSEL v6.3 DR

+*URL:*+ [https://roc-front-dr-pre.picsel.defense.gouv.fr/interne/communication/creation-message]

+*Identifiants*+ / rôle : AF
REF: 4512_utilisateur 
Mot de passe Azertyuiop44!!!

+*Descriptif :*+
 # ROC : AF / DR : connexion
 # ROC :Communication / nouveau message
 # Word : Ouvrir le document word ci-joint
 # Word: Sélectionner tout le corps du document
 # Word: Copier la selection active via Ctrl+C
 # ROC :  dans le corps du message faire Ctrl+V : {color:#de350b}NOK la mise en forme de la numérotation n'est pas conservée (espacement à gauche et début du texte après numérotation){color}
 # Word ou un email : Faire Ctrl+V : OK
 # JIRA: créer un ticket et faire Ctrl+V : OK

 

*+Résultat obtenu:+*
Dans ROC lors de copier/coller de texte issu de Word ou d'email alors ROC ou son éditeur de texte modifie la mise en forme de la numérotation lors du Ctrl+V déformant ainsi le document

+*Résultat attendu:*+
Le Copier/Coller de texte provenant de Word ou d'email vers un message ROC doit rester fidèle à l'origine et l'utilisateur ne doit pas modifier/supprimer ou retoucher son message pour le rendre conforme à son origine

 ";;
598026;"12/02/2025 12:55";;"[communication] - Des retours lignes ou grands interlignes apparaissent suite à copier/coller provenant de Word vers un message ROC";;;Annulé;;"10/07/2025 12:13";;;;;;"DP ROC";;b_poiron_ext;ROC-2198;b_poiron_ext;;;;Communication;;;Mineur;;;;;;;;"'+*Titre:*+ [communication] - Des retours lignes ou grands interlignes apparaissent suite à copier/coller provenant de Word ou d'un email vers un message ROC

+*Configuration:*+ PICSEL v6.3 DR

+*URL:*+ [https://roc-front-dr-pre.picsel.defense.gouv.fr/interne/communication/creation-message]

+*Identifiants*+ / rôle : AF
REF: 4512_utilisateur 
Mot de passe Azertyuiop44!!!

+*Descriptif :*+
 # ROC : AF / DR : connexion
 # ROC :Communication / nouveau message
 # Word : Ouvrir le document word ci-joint
 # Word: Sélectionner tout le corps du document
 # Word: Copier la selection active via Ctrl+C
 # ROC :  dans le corps du message faire Ctrl+V : {color:#de350b}NOK des retours chariots ou grands interlignes apparaissent{color}
 # Word ou un email : Faire Ctrl+V : OK
 # JIRA: créer un ticket et faire Ctrl+V : OK

 

*+Résultat obtenu:+*
Dans ROC lors de copier/coller de texte issu de Word ou d'email alors ROC insère des retours chariots ou de grands interlignes lors du Ctrl+V déformant ainsi le document

{*}+Résultat attendu:
+{*}Le Copier/Coller de texte provenant de Word ou d'email vers un message ROC doit rester fidèle à l'origine et l'utilisateur ne doit pas modifier/supprimer ou retoucher son message pour le rendre conforme à son origine

 ";;
598637;"12/02/2025 12:55";;"[ACTIVITE]- DEL PIL-Export activité -Champs absents/vides";;;Annulé;;"10/07/2025 16:06";;;;;;"DP ROC";;b_poiron_ext;ROC-2303;b_poiron_ext;;;;Activités;;;Mineur;;;;;;;;"URL: [https://reservistes.intradef.gouv.fr/interne/activites/conduire/liste] 

1-se connecter avec le compte AF

584_utilisateur. Mdp Azertyuiop44!!!

2. Choisir dans les rôles DEL PIL

3. sélectionner le bloc ""Activité""

4. Aller sur le bloc à conduire

5. cliquer sur Exporter

Résultat téléchargement en fichier CSV de l'ensemble des activités

Problème : Manque des champs et certains sont vides

 ";;
608151;"12/02/2025 12:55";;"[SSA] -  ATS disparu dans la liste des ATS";;;Annulé;;"10/15/2025 15:32";;;;;;SSA;"bugs #608774";c_dulaurans;ROC-2670;b_poiron_ext;ADT,MN,AAE,SCA;;;Activités;;P0;Majeur;"Poste Intradef";https://reservistes.intradef.gouv.fr/interne/activites/signer/liste;v6.3.3;"Délégataire référent - 05DG002 ";;"Dans onglet ""A signer"", coche une activité puis clique sur bouton ""Demander la signature"". ";6302;"Affichage de la liste des ATS : MORLAT Astrid 
Manque : LAUTARD Serge

LAUTARD Serge est bien présent en actif dans le tableau des ATS. 
(Voir copies écrans en pj)

Lautard a été supprimé dans ATS, puis recréer. Mais toujours pas présent dans la liste de Demande de signature.
";Majeur;Perte_ATS_Lautard_20251015.docx,ATS.docx
469489;"12/02/2025 12:55";;"Gestion des utilisateurs";;;Annulé;;"05/05/2025 11:45";;;;;;AF;;j_pelletier6;ROC-1677;b_poiron_ext;AAE;;;;;;Mineur;"Poste Intradef";"https://reservistes.intradef.gouv.fr/interne/admin/utilisateurs/gestionnaires
https://reservistes.intradef.gouv.fr/interne/admin/utilisateurs/gestionnaires/14461/modifier";V4.20.0.7;"Profil AF";11/10/2025;;14461;"Dans la gestion des utilisateur, visualisation du référent sur un compte délégataire.
Le référent n'apparait pas dans ""Mes délégations"".";Mineur;
598028;"12/02/2025 12:55";;"[Engagement] - Erreur 500 lors de la suppression d'un candidat";;;Annulé;;"10/07/2025 12:13";;;;;;"DP ROC";;b_poiron_ext;ROC-2192;b_poiron_ext;;;;Candidature;;;Majeur;;;;;11/04/2025;;;"*Titre* : [Engagement] - Erreur suppression candidat

*Configuration* : PICSEL v6.3

*Identifiant :*  REF 
[16959_utilisateur.roc@getnada.com|mailto:16959_utilisateur.roc@getnada.com]
Azertyuiop44!!!

*Descriptif* :

Se connecter avec un AF / REF / PIL
Via le menu, cliquer sur ""Contrats/Mobilité"" puis sur ""Suivi des candidatures""
Cliquer sur l'icône d'édition à côté des informations du candidat
Cliquer sur le bouton ""Supprimer""
Cliquer sur le bouton ""Valider""
*Résultat attendu* :

Suppression du candidat

*Résultat obtenu :* 

Le candidat est bien supprimé mais il y  a une erreur 500";;
600329;"12/02/2025 12:55";;"[AAE] Rôle : historique vide";;l_lodigiani_dechamp;Annulé;"Problème gestion et création compte gestionnaire";"10/09/2025 09:33";;;;;;AAE;;s_caumond;ROC-2548;b_poiron_ext;;;;Droits;;;Majeur;"Poste Intradef";https://reservistes.intradef.gouv.fr/interne/utilisateurs/16427/historique-role-utilisateur;V6.3.2;AF;;"- Gestion des roles
- Saisie MAITRE Marie-hélène (user 16427)
- Affichage ligne 
- ouverture de la fiche
- Ouverture de l'onglet HISTORIQUE DES ROLES";584;"Résultat attendus : voir qui a donné les rôles et quand

Résultat affiché : onglet vierge";Mineur;"ROLE_historique.PNG,Historique des rôles.docx"
528372;"12/02/2025 12:55";;"ADR : export liste ro1 : Erreur 504 Gateway Timeout";;;Annulé;;"07/17/2025 15:36";;;;;;"DP ROC";;b_poiron_ext;ROC-1916;b_poiron_ext;;;;Extraction;;;Bloquant;;;V5.4.1;;;;;"*Configuration* : PPROD v5.4.1 DR / interne/login

*Identifiant* ROC : adr1.ter

Mdp Azertyuiop1234!!!

 
 *URL* : [https://pprod-reservistes.intradef.gouv.fr/interne/unite/reserviste/ro1/export]

 

*Descriptif* :

L'ADR rencontre un Gateway Timout avec ce scénario
 # Connexion sous DR : interne/login avec adr1.ter   Azertyuiop1234!!!
 # Affichage de la liste des ro1 : NOK1 n°52 secondes pour afficher une liste vide
 # export liste ro1 : NOK2 : une  *Erreur 504 Gateway Timeout est retournée*

 
*Résultat obtenu* :

*Le 23/06/2025 a 8h20 : Erreur 504 Gateway Timeout est retournée*

 

*Résultat attendu* :

L'ADR doit pouvoir exporter la liste des ro1";;
527996;"12/02/2025 12:55";;"[Production NP] Certains documents attachés aux fiches de poste sont inaccessibles pour l’internaute ou candidat intéressés";;;Annulé;;"07/17/2025 15:21";;;;;;"DP ROC";;b_poiron_ext;ROC-1817;b_poiron_ext;;;;Candidature;;;Bloquant;;;V4.20.0.8;;;;;"*Titre* : [Production NP] Certains documents attachés aux fiches de poste sont inaccessibles pour l’internaute ou candidat intéressés

*Configuration* : PROD NP v4.20.0.08 (PC/firefox ou smartphone/safari)

*URL* : [https://www.reservistes.defense.gouv.fr|https://www.reservistes.defense.gouv.fr/]

*Sévérité / gravité :* Majeur

*Acteur :* Internaute ou candidat en mode déconnecté
*Descriptif* :

Les fiches de poste ci-dessous sont inaccessibles pour l’internaute ou candidat intéressé par les postes associés :
 * [https://www.reservistes.defense.gouv.fr/document-poste/8333]
 * [https://www.reservistes.defense.gouv.fr/document-poste/8335]
 * [https://www.reservistes.defense.gouv.fr/document-poste/8336]
 * [https://www.reservistes.defense.gouv.fr/document-poste/8383]
 * [https://www.reservistes.defense.gouv.fr/document-poste/8385]

 

*+Résultat obtenu :+* ++ 

Le site signale une erreur et le document n’est pas disponible

 

*+Résultat attendu+* +:+ 

L’internaute ou candidat devraient pouvoir accéder aux documents attachés aux fiches de poste 8333, 8335, 8336, 8383, 8385.";;
527954;"12/02/2025 12:55";;"[Alerte] Erreur lors de la publication d'une pré-alerte sans aide à la résolution du problème";;;Annulé;;"07/17/2025 15:21";;;;;;"DP ROC";;b_poiron_ext;ROC-1961;b_poiron_ext;;;;Communication;;;Bloquant;;;V5.4.1;;;;;"*Titre* : Erreur lors de la publication d'une pré-alerte

*Configuration* : PPROD v5.4.1 DR interne/login

*URL* : [https://pprod-reservistes.intradef.gouv.fr/interne/alertes/creation/15/edition/boucle-validation|https://pprod-reservistes.intradef.gouv.fr/interne/calendrier/disponibilites-periode]

*Rôle : AF*

*Identifiant :*  4512_utilisateur
MDP : Azertyuiop44!!!

*Descriptif* :

Lors de la publication de la pré-alerte ci-jointe une erreur est survenue

Le résumé de l'alerte est le suivant
h3. Données administratives
*Intitulé de la situation de crise :* zaerreza
*Nature de la crise :* rezrez
*Description :*
*E-mail du POC (employeur ou responsable de l’alerte) :*
*Date et heure de début :* 28/06/2025 08:00
*Date et heure de fin :* 28/06/2025 18:00
Téléversement de documents Aucun document téléversé.
Lieu de la pré-alerte
À l'unité d'appartenance du réserviste
*Numéro et nom de rue :* rezareza
*Complément d'adresse :* rezrezerz
*Ville et code postal :* LILLE (59160)
*Coordonnées GPS du lieu de regroupement :* rezreza
*Nombre de réservistes concernés par la pré-alerte :* 1129
Attention, vous vous apprêtez à publier une pré-alerte. Dès son lancement, tous les réservistes sélectionnés recevront une convocation et les référents et/ou pilotes concernés seront prévenus.

 

*Résultat attendu* : 

L'AF doit pouvoir créer une pré-alerte ou alors l'IHM doit l'aider à la résolution du problème

 

*Résultat obtenu :* 

L'IHM indique une erreur est survenue sans plus d'indication
h3.";;
527931;"12/02/2025 12:55";;"AF - l'ouverture de la fenetre des contrats expirés met 18sc";;;Annulé;;"07/17/2025 15:21";;;;;;"DP ROC";;b_poiron_ext;ROC-1993;b_poiron_ext;;;;Extraction;;;Bloquant;;;V4.20.0.8;;;;;"*Titre* : AF - l'ouverture de la fenêtre des contrats expirés met 18sc

*Configuration* : Production v4.20.08 Intradef interne/login

*URL* : [https://reservistes.intradef.gouv.fr/interne/mes-contrats/liste-reservistes/contrats-expires|https://reservistes.intradef.gouv.fr/interne/admin/qualite]

*Identifiant :* 

AF : alexandre.courreur

 

*Descriptif* :
 # Connexion AF Intradef interne/login
 # Cliquer sur Contrat/Mobilité/Expiré : *{color:#de350b}NOK l'affichage se fait en 18sc{color}*

*Reproduit le 02/07/2025 à 8h17*

*Résultat attendu* : 
L'AF doit pouvoir ouvrir la fenêtre des contrat expiré en quelques secondes

 

*Résultat obtenu :* 
L'AF ouvre la fenêtre des contrats expirés en 18sc

 ";;
527927;"12/02/2025 12:55";;"[Activités] RO1 / NP - le site est en maintenance lors de l'édition de la convocation depuis l'activité";;;Annulé;;"07/17/2025 15:21";;;;;;"DP ROC";;b_poiron_ext;ROC-2009;b_poiron_ext;;;;Environnement;;;Bloquant;;;V5.4.1;;;;;"'+*Titre* :+ [Activités] RO1 / NP - le site est en maintenance lors de l'édition de la convocation depuis l'activité

+*Configuration* :+ PPROD v5.4.1

+*URL* :  [https://pprod-reservistes.cloud.defense.gouv.fr/reserviste/mes-activites/ordre-convocation/2030657]+

+*Identifiant :*+ 

Coté NP  : ro1 : [23775_reserviste.roc@getnada.com|mailto:23775_reserviste.roc@getnada.com] mdp: Azertyuiop44!!!

+*Descriptif* :+
 # Connexion RO1 NP

2. Ouvrir les activités validées [https://pprod-reservistes.cloud.defense.gouv.fr/reserviste/mes-activites/activites-validees] : OK

3. Doubler cliquer sur la seule activité présente [https://pprod-reservistes.cloud.defense.gouv.fr/reserviste/mes-activites/activites-validees/2030657] : OK

4. Éditer l'ordre de convocation : [https://pprod-reservistes.cloud.defense.gouv.fr/reserviste/mes-activites/ordre-convocation/2030657] : {color:#de350b}*NOK un page de maintenance apparait a 11h50*{color}

*{color:#00875a}OK a 12h05: on accède a la convocation ci-jointe{color}* (sans action du REF ou RO1 qui ne fait uniquement de la navigation)

+*Résultat attendu*+

Pouvoir éditer la convocation du réserviste

+*Résultat obtenu :*+

A 11h50 une page le site est en maintenance apparait

 ";;
527904;"12/02/2025 12:55";;"[connexion] - Gestionnaire sous DR - après 5 mauvais mots de passe le blocage n'est pas signalé";;;Annulé;;"07/17/2025 15:21";;;;;;"DP ROC";;b_poiron_ext;ROC-2048;b_poiron_ext;;;;Connexion;;;Bloquant;;;V5.4.3;;;;;"'+*Titre :*+ [connexion] - Gestionnaire sous DR - après 5 mauvais mots de passe le blocage n'est pas signalé

*+Configuration:+*

PICSEL v5.4.4 DR interne/login pour le REF ou AF (par exemple)

+*URL :*+  [https://roc-front-dr-pre.picsel.defense.gouv.fr/interne/login] 

 

+*Identifiants / rôle :*+

REF DR 2111_utilisateur Azertyuiop44!!!

 

*+Descriptif :+*

Suite du bug ROC-2023
connexion avec mauvais mot de passe à 5 reprises : NOK in fine l'utilisateur ne sait pas que son compte est bloqué

+*Résultat attendu:*+
Un message d'erreur doit préciser que le compte de l'utilisateur est bloqué

 

+*Résultat obtenu:*+
Aucun message d'erreur ne signale le blocage du compte";;
527897;"12/02/2025 12:55";;"[connexion] - DR - Erreur 500 lors d'une tentative de connexion de type ROC";;;Annulé;;"07/17/2025 15:21";;;;;;"DP ROC";;b_poiron_ext;ROC-2060;b_poiron_ext;;;;Environnement;;;Bloquant;;;V5.4.4;;;;;"'+*Titre :*+ [connexion] - DR - Erreur 500 lors d'une tentative de connexion de type ROC

*+Configuration:+*

PPROD v5.4.4 DR interne/login pour le DEL d'AO

+*URL :*+ [https://pprod-reservistes.intradef.gouv.fr/interne/login] 

 

+*Identifiants / rôle :*+

DEL d'AO 8595_utilisateur Azertyuiop44!!!

 

*+Descriptif :+*

10/07/2025 à 17h23 / 17h24 : connexion :{color:#de350b} NOK erreur 500 ci-jointe{color}
11/07/2025 8h40 : connexion {color:#00875a}OK avec même identifiant{color}

 

+*Résultat attendu:*+
L'utilisateur 8595_utilisateur doit pouvoir se connecter sans erreur 500

 

+*Résultat obtenu:*+
10/07/2025 à 17h23 / 17h24 : Erreur 500";;
527894;"12/02/2025 12:55";;"Flux ROX - CONCERTO KO";;;Annulé;;"07/17/2025 15:21";;;;;;"DP ROC";;b_poiron_ext;ROC-2072;b_poiron_ext;;;;Flux;;;Majeur;;;V5.4.4;;;;;"Le flux ROX-CONCERTO full et delta n'a pas été intégré depuis le 03/07/2025.

Les fichiers csv en cours d'anonimisation semblent cohérents (pas de décalage de valeurs/ colonne) 

Le flux full de la semaine dernière contenait 170 608 occurrences alors que celui de la semaine d'avant en contenait 66 597.

Il en est de même pour le delta d’aujourd’hui : 95 036 / 3 658 pour celui en date du 01/07/2025.

A la lecture du CRON de concerto, il s'avère que 

  Nombre de donnees en erreur : 92381

  Nombre de donnees a importer : 78426

 

Il s'agit d'investiguer et éventuellement corriger ce pb d'intégration de flux.

 

Merci";;
477493;"12/02/2025 12:55";;"[MN] Difficulté d'accès au SI ROC via internet";;;Annulé;"Problème de connexion";"05/14/2025 13:49";;;;;;MN;;g_bota;ROC-1686;b_poiron_ext;;;;Comptes;;;Bloquant;"Poste Internet";;V4.20.0.7;RO1;;;"ID technique : 243324";"Lorsque l'on veut accèder à son compte on obtient de manière aléatoire un page non trouvée et une erreur 404.";Bloquant;"2.1 Capture d'écran 2025-05-14 171026.png"
527903;"12/02/2025 12:55";;"Alatoirement le ro1 rencontres des messages d'erreur ""Vous n'avez pas la permission d'accèder à la page demandée""";;;Annulé;;"07/17/2025 15:21";;;;;;"DP ROC";;b_poiron_ext;ROC-2049;b_poiron_ext;;;;Environnement;;;Majeur;;;V5.4.4;;;;;"*Configuration* : PPROD v5.4.4 NP & Production v5.4.4

*Identifiant* [288927_reserviste.roc@getnada.com|mailto:288927_reserviste.roc@getnada.com]
Azertyuiop44!!!

+*Rôle:*+ ro1

+*Descriptif* :+

De façon aléatoire le ro1 NP rencontre des erreurs 
{color:#de350b}""Vous n'avez pas la permission d'accèder à la page demandée""{color}

10/07/2025: 8h58 lors d'une demande dérogatoire de e-billet
10/07/2025: 9h36 lors d'une tentative d'accès aux activités proposées
10/07/2025: 13h54 lors d'un clic sur E-Billet (full NP sans ISPT)

=> suite à ces erreurs le ro1 est renvoyé vers l’accueil et accéder a mon compte / ro1 / permet d’accéder de nouveau a l'interface et d'accèder aux pages posant problème

Problème aléatoire

+*Résultat obtenu* :+

Message d'erreur {color:#de350b}""Vous n'avez pas la permission d’accéder à la page demandée""{color}

 

+*Résultat attendu* :+

Le ro1 ne devrait pas avoir des messages d'erreurs aléatoires";;
527928;"12/02/2025 12:55";;" [Activités] RO1 / NP - le site est en maintenance lors de la navigation sur les activités ";;;Annulé;;"07/17/2025 15:21";;;;;;"DP ROC";;b_poiron_ext;ROC-2008;b_poiron_ext;;;;Environnement;;;Mineur;;;V5.4.1;;;;;"'+*Titre* :+ [Activités] RO1 / NP - le site est en maintenance lors de la navigation sur les activités 

+*Configuration* :+ PPROD v5.4.1

+*URL* : [https://pprod-reservistes.cloud.defense.gouv.fr/reserviste/mes-activites/activites-en-attente]+ 

+*Identifiant :*+ 

Coté NP  : ro1 : [23775_reserviste.roc@getnada.com|mailto:23775_reserviste.roc@getnada.com] mdp: Azertyuiop44!!!



+*Descriptif* :+
 # Connexion RO1 NP

2. naviger sur les activités : [https://pprod-reservistes.cloud.defense.gouv.fr/reserviste/mes-activites/activites-en-attente]

Ce site est en maintenance a 11h25
 

*{+}Résultat attendu :{+}

Avoir la liste des activités en attente

*
+*Résultat obtenu :*+

Page La site est en maintenance

 ";;
527970;"12/02/2025 12:55";;"ADR : afficher la liste des ro1 : 52 secondes pour une liste vide";;;Annulé;;"07/17/2025 15:21";;;;;;"DP ROC";;b_poiron_ext;ROC-1917;b_poiron_ext;;;;Environnement;;;Majeur;;;V5.4.1;;;;;"*Configuration* : PPROD v5.4.1 DR / interne/login

*Identifiant* ROC : adr1.ter

Mdp Azertyuiop1234!!!

 
 *URL* : [https://pprod-reservistes.intradef.gouv.fr/interne/unite/reserviste/ro1/export]

 

*Descriptif* :

L'ADR doit patienter 52 secondes pour voir afficher une liste vide de ro1
 # Connexion sous DR : interne/login avec adr1.ter   Azertyuiop1234!!!
 # Affichage de la liste des ro1 : NOK1 n°52 secondes pour afficher une liste vide

 
*Résultat obtenu* :

*Il faut 52 secondes pour afficher une liste de ro1 vide*

 

*Résultat attendu* :

L'affichage d'une liste vide de ro1 doit être instantanée";;
527979;"12/02/2025 12:55";;"Impossible de valider un e-billet";;;Annulé;;"07/17/2025 15:21";;;;;;"DP ROC";;b_poiron_ext;ROC-1886;b_poiron_ext;;;;Environnement;;;Majeur;;;V4.20.0.8;;;;;"Anomalie remontée par la CDT GALLEYN

""Depuis le 20 mai 2025, il est impossible de procéder à la validation d’une demande de transport dérogatoire  pour le SCH.

De même, toute demande de transport « ROC » qui devrait se valider automatiquement après saisie, reste en attente et ne peut être validée manuellement par l’AF.

Je viens de créer une demande de transport dérogatoire que j’ai saisie dans le compte RO1 du réserviste (CE n° 1 en PJ).

Je l’ai validée à partir de mon compte AF (CE n°2 en PJ)

Comme pour toute les validations de demandes de transport précédentes, j’ai reçu un mail de ROC, indiquant qu’une erreur était survenue pour la validation de cette demande de transport.

Vous trouverez également en PJ de ce mail un fichier Excel issu d’une extraction du SI ROC réalisée ce matin, qui atteste que le réserviste a pu réserver des billets de train avant la date du 20/05/2025 mais que depuis cette date, toutes les validations de ses demandes de transport ont connu un TIMEOUT.""

Reproduit également par 3 personnes différentes : le CNE [~X-CDJIAL] , [~authayak], [~X-ACOURR]  avec ce type de scénario ci-dessous en PPROD v5.4.1

A la DP, nous reproduisons en environnement PPROD v5.4.1 des problèmes de bouton commander un ebillet grisés dans les cas suivants
 * commande de ebillets implicitement validée avec les numéros du type ROC-042KB27-41163-1966387-1 présents dans la convocation
 * commande de billet dérogatoire nécessitant une validation explicite du référent (et billés accepté validés par ce dernier)

Dans ces deux cas le bouton commander un ebillet reste grisé même après F5.";;
527997;"12/02/2025 12:55";;"[Production NP][google] le résultat d’une recherche google sur le mot reserve retourne des informations techniques et non fonctionnelles";;;Annulé;;"07/17/2025 15:21";;;;;;"DP ROC";;b_poiron_ext;ROC-1816;b_poiron_ext;;;;Environnement;;;Majeur;;;V4.20.0.8;;;;;"*Titre* : [Production NP][google] le résultat d’une recherche google sur le mot reserve retourne des informations techniques et non fonctionnelles

*Configuration* : v4.20.0.8 Production NP sans ISPT
*Gravité :* Mineur

*URL : [https://www.google.com/]*

*Descriptif* :
 # Lancer un navigateur firefox / chrome / edge sous Windows 11 Pro
 # Se rendre sur *[https://www.google.com/]*
 # Faire une {color:#de350b}recherche google sur le mot _reserve_ : NOK{color}

 * Des informations techniques sont renvoyées qui ne renseignent pas l’internaute ou le candidat (cf copie d'écran)

4. Faire une {color:#00875a}recherche google sur _s’engager dans l’armée_ : OK{color}
 * Des informations uniquement fonctionnelles sont retournées (cf copie d'écran)

 

*+Résultat attendu+* +:+ 

L’internaute devrait avoir des informations synthétiques fonctionnelles pertinentes lors d’une recherche google sur le mot reserve

*+
Résultat obtenu :+* ++ 

L’internaute obtient des informations techniques non pertinentes lors d’une recherche google sur le mot reserve

 ";;
598017;"12/02/2025 12:55";;"Erreur 404 suite connexion à MDC Internet";;;Annulé;;"10/07/2025 12:13";;;;;;"DP ROC";;b_poiron_ext;ROC-2290;b_poiron_ext;;;;MinDefConnect;;;Majeur;;;;;;;;"Je souhaite attirer votre attention sur un point récurrent concernant les problèmes MDC sur la Pprod, apparus depuis la V5 et toujours présents en V6.

En effet, lorsque je tente de me connecter à un gestionnaire sur la partie NP, une fois sur deux l'erreur 404 apparaît.

Vous demande une investigation avant de pouvoir transmettre le bug à MDC.";;
528023;"12/02/2025 12:55";;"[PROD][Déplacement] Site en maintenance systématique lors d'une recherche de déplacement dans l'historique sur la date aller";;;Annulé;;"07/17/2025 15:21";;;;;;"DP ROC";;b_poiron_ext;ROC-1740;b_poiron_ext;;;;E-billet;;;Majeur;;;V4.20.0.7;;;;;"*Titre* : [PROD][Déplacement] Site en maintenance systématique lors d'une recherche de déplacement dans l'historique sur la date aller

*Configuration* : PROD NP v4.20.0.07

*URL* : [https://www.reservistes.defense.gouv.fr|https://www.reservistes.defense.gouv.fr/]

*Identifiant :* 

Candidat : alexandre.courreur

*Descriptif* :
 # Sur PC lancement de chrome ou firefox - refuser tous les cookies
 # Recherche de réserve
 # Clic sur l’URL de la reserve [https://www.reservistes.defense.gouv.fr|https://www.reservistes.defense.gouv.fr/]
 # Clic sur l’icône de connexion en haut à droite [https://www.reservistes.defense.gouv.fr/choix-profil-connexion]
 # Cliquer sur RO1 [https://www.reservistes.defense.gouv.fr/reserviste/ro1/login]
 # Se connecter : OK
[https://www.reservistes.defense.gouv.fr/reserviste/accueil-choix-bloc]
 # Cliquer sur menu / déplacements / mon historique : OK [https://www.reservistes.defense.gouv.fr/reserviste/mes-deplacements/commandes-historique]
 # Déplier le + de recherche : OK
 # Dans le champ Date aller : saisir 14/05/2025 ou saisir la date a l'aide du calendrier OK
 # Lancer la recherche : NOK  l'utilisateur est orienté sur une page de maintenance ci-jointe
[https://www.reservistes.defense.gouv.fr/reserviste/mes-deplacements/commandes-historique?recherche[commandeGareDepart]=&recherche[commandeGareArrivee]=&recherche[commandeDateRetour]=&recherche[commandeDateDepart]=2025-05-14&recherche[commandeMontant]=&recherche[tri]=1&recherche[valider]=&recherche[_token]=1bedb0e1f07a4067f884.0ympc2926Ql8hJ1Gxi8YbjJnrpPx9Laek4RXmEf8vng.4R3dERVBkFY628gItWRcV1YRnemGlt375cUV93XNyQu6X8owDTSERivb-g]]

 

Ci-dessous le détail de la requête:

GET [[https://www.reservistes.defense.gouv.fr/reserviste/mes-deplacements/commandes-historique?recherche[commandeGareDepart]=&recherche[commandeGareArrivee]=&recherche[commandeDateRetour]=&recherche[commandeDateDepart]=2025-05-14&recherche[commandeMontant]=&recherche[tri]=1&recherche[valider]=&recherche[_token]=1bedb0e1f07a4067f884.0ympc2926Ql8hJ1Gxi8YbjJnrpPx9Laek4RXmEf8vng.4R3dERVBkFY628gItWRcV1YRnemGlt375cUV93XNyQu6X8owDTSERivb-g]]

 

État 200 OK
VersionHTTP/1.1
Transfert516,00 Ko (taille 515,63 Ko)
Politique de référentstrict-origin-when-cross-origin
Priorité de la requêteHighest
Résolution DNSSystème

HTTP/1.1 200 OK
Date: Sat, 17 May 2025 10:10:12 GMT
Last-Modified: Fri, 16 May 2025 08:54:26 GMT
ETag: ""7de2f-6353cedf52740""
Accept-Ranges: bytes
Content-Length: 515631
Content-Type: text/html
Referrer-Policy: strict-origin-when-cross-origin
X-Content-Type-Options: nosniff
X-Frame-Options: DENY
Keep-Alive: timeout=5, max=299
Connection: Keep-Alive

GET /reserviste/mes-deplacements/commandes-historique?recherche%5BcommandeGareDepart%5D=&recherche%5BcommandeGareArrivee%5D=&recherche%5BcommandeDateRetour%5D=&recherche%5BcommandeDateDepart%5D=2025-05-14&recherche%5BcommandeMontant%5D=&recherche%5Btri%5D=1&recherche%5Bvalider%5D=&recherche%5B_token%5D=1bedb0e1f07a4067f884.0ympc2926Ql8hJ1Gxi8YbjJnrpPx9Laek4RXmEf8vng.4R3dERVBkFY628gItWRcV1YRnemGlt375cUV93XNyQu6X8owDTSERivb-g HTTP/1.1
Host: www.reservistes.defense.gouv.fr
User-Agent: Mozilla/5.0 (Windows NT 10.0 Win64 x64 rv:138.0) Gecko/20100101 Firefox/138.0
Accept: text/html,application/xhtml+xml,application/xmlq=0.9,{*}/{*}q=0.8
Accept-Language: fr,fr-FRq=0.8,en-USq=0.5,enq=0.3
Accept-Encoding: gzip, deflate, br, zstd
Referer: [https://www.reservistes.defense.gouv.fr/reserviste/mes-deplacements/commandes-historique?recherche%5BcommandeGareDepart%5D=Paris&recherche%5BcommandeGareArrivee%5D=&recherche%5BcommandeDateRetour%5D=&recherche%5BcommandeDateDepart%5D=&recherche%5BcommandeMontant%5D=&recherche%5Btri%5D=1&recherche%5Bvalider%5D=&recherche%5B_token%5D=389cdccc5d5f4f5c1e.kfN8Y605IK-SdgwRCOxGlcr9MtpypIs4pGiA2wRSLAE.o8cIAdcOWfDUKVlfe6cCrK6LAaAFxuBd0inCtDZjW3L4hR8gz3tN4MUpaw]
DNT: 1
Sec-GPC: 1
Connection: keep-alive
Cookie: PHPSESSID=bk5f94lgcp403gtspnvavpbcu7 cookiedef=!rZwappQhRUz+h8HUP24xCRy03FhIXPsQWMD5ZGk1mi5Nv35+vKPclXYDHU15yC7Pt+jWXx5igReZmQ== BIGipServer~Tenant-Externe~application~pool-ubika=201486346.20480.0000
Upgrade-Insecure-Requests: 1
Sec-Fetch-Dest: document
Sec-Fetch-Mode: navigate
Sec-Fetch-Site: same-origin
Sec-Fetch-User: ?1
If-Modified-Since: Fri, 16 May 2025 08:54:26 GMT
If-None-Match: ""7de2f-6353cedf52740""
Priority: u=0, i

cookie
BIGipServer~Tenant-Externe~application~pool-ubika    ""201486346.20480.0000""
cookiedef    ""!rZwappQhRUz+h8HUP24xCRy03FhIXPsQWMD5ZGk1mi5Nv35+vKPclXYDHU15yC7Pt+jWXx5igReZmQ==""
PHPSESSID    ""bk5f94lgcp403gtspnvavpbcu7""

 

*Résultat attendu* : 

En 10. quelques résultats devraient être retournés pour cet utilisateur 

 

*Résultat obtenu :* 

Page de maintenance de la DIRISI systématique en pièce jointe sur plusieurs navigateurs différents";;
528022;"12/02/2025 12:55";;"[Création compte Candidat] Des données saisies dans MDC Internet ne sont pas reprises dans la page ""Création du compte candidat""";;;Annulé;;"07/17/2025 15:21";;;;;;"DP ROC";;b_poiron_ext;ROC-1751;b_poiron_ext;;;;Comptes;;;Majeur;;;V4.20.0.7;;;;;"*Titre* : [Création compte Candidat] Des données saisies dans MDC Internet ne sont pas reprises dans la page ""Création du compte candidat""

*Configuration* : V4.20.0.7

*Identifiant* :

baptiste.poiron@wavestone.com

*URL* :  [https://www.reservistes.defense.gouv.fr/candidat/creation-compte]

*Descriptif* :

Lorsqu'un candidat souhaite créer son compte, après s'être connecté à MDC Internet, ses nom, prénom et date de naissance ne sont pas repris de MDC Internet. Seule l'adresse mail est reprise

*Résultat attendu* :

Nom, Prénom et Date de naissance doivent être repris de MDC Internet tout en restant modifiables

*Résultat obtenu* :

Nom, Prénom et Date de naissance ne sont pas repris";;
527949;"12/02/2025 12:55";;"[candidat] : impossible de téléverser le fichier autorisation_parentale_Philipito_Albert.pdf";;;Annulé;;"07/17/2025 15:21";;;;;;"DP ROC";;b_poiron_ext;ROC-1966;b_poiron_ext;;;;Candidature;;;Majeur;;;V5.4.1;;;;;"*Titre* : [candidat] : impossible de téléverser le fichier autorisation_parentale_Philipito_Albert.pdf

*Configuration* : PPROD v5.4.1 NP full internet

*URL* : [https://pprod-reservistes.cloud.defense.gouv.fr/] 

*Identifiant :* 

Candidat : alexandre.courreur

*Descriptif* :

1. Sur une candidature avec bloc sécurité a remplir
2. cliquer sur le bloc sécurité

[https://pprod-reservistes.cloud.defense.gouv.fr/candidat/processus-candidature/etape/verification-securite]

3. cliquer sur CER : OK le CER.pdf est téléchargé
4. cliquer sur autorisation parentale : OK le fichier autorisation_parentale_Philipito_Albert.pdf est téléchargé

5. Remplir les CER et autorisation parentale : OK
6. Téléverser le fichier rempli CER.pdf : OK

7. Téléverser le fichier autorisation_parentale_Philipito_Albert.pdf : *{color:#de350b}NOK un message d'erreur apparait{color}*
=> pourtant la règle de nommage du fichier a été réalisée par ROC

le fichier autorisation_parentale_Philipito_Albert.pdf est ouvert a cette adresse 
[https://pprod-reservistes.cloud.defense.gouv.fr/candidat/download-doc/288951/992311]

+*Propositions:*+
 - soit ROC des fichiers aux regles de nommages autocompatibles dans les différentes étapes du process
 - soit il faut supporter les caractères underscore a cette étapes

 

*Résultat attendu* : 
Le candidat devrait pouvoir téléverser le fichier d'autorisation parentale précédemment téléchargé sans aucun message d'erreur

 

*Résultat obtenu :* 

Le candidat obtient un message d'erreur sur la règle de nommage du fichier autorisation_parentale_Philipito_Albert.pdf
""Le nom du document ne doit pas contenir ni espaces, ni accents, ni caractères spéciaux, et ne pas dépasser 40 caractères. Les traits d'union ( - ) et ke tiret du bas ( _ ) sont autorisés.

 ";;
527947;"12/02/2025 12:55";;"[Contrat ] Impossible à l'ADR d'initialiser un contrat par manque d'adresse mail ";;;Annulé;;"07/17/2025 15:21";;;;;;"DP ROC";;b_poiron_ext;ROC-1969;b_poiron_ext;;;;Contrat;;;Majeur;;;V5.4.1;;;;;"TEST PPROD DR
 # Se connecter avec le profil REF sur l’url

{color:#0563c1}+[https://pprod-reservistes.intradef.gouv.fr/interne/accueil-choix-bloc]+{color}

10446_utilisateur

Mdp *hA32xu5iDC6+G)*
 # Choisir le profil ADR

 # Cliquer sur l’onglet Contrats/Mobilité

 # Cliquer ensuite sur A renouveler

 # Cliquer sur un réserviste

 # Résultat obtenu : la fiche du réserviste s’affiche avec des champs vides.

 # Résultat attendu c’est champs doivent être renseignés ( e-mail surtout)";;
538015;"12/02/2025 16:30";;"[SSA] Modification du lien (retour) des dossiers dans onglet en cours de renouvellement";;;Clôturé;contrat;"08/05/2025 16:33";647463;647463;;;;SSA;"bugs #647463";g_gay3;;j_pelletier6;;;;Contrat;;;Mineur;"Poste Intradef";https://reservistes.intradef.gouv.fr/interne/mes-contrats/liste-reservistes;V5.4.4;"ADR SSA";;"Dans le détail du dossier présent dans l'onglet ""en cours de renouvellement"", le clic sur ""retour"" amène à la liste des dossiers de l'onglet ""à renouveler"".";nathalie.daout;"Il faut modifier le chemin du lien afin que l'ADR revienne aux dossiers présents dans l'onglet ""en cours de renouvellement""";Mineur;
528049;"12/02/2025 17:14";;"[Production] - le candidat telecharge des fichiers telecharger.htm (au lieu de CV.PDF) (OK en v4.18.2.3)";;;Annulé;;"07/17/2025 15:21";;;;;;"DP ROC";;b_poiron_ext;ROC-1664;b_poiron_ext;;;;Candidature;;;Mineur;;;V4.20.0.7;;;;;"*Titre* : [Production] - le candidat telecharge des fichiers telecharger.htm au lieu de CV.pdf et diplome.pdf

*Configuration* : Production NP V4.20.0.7 + Iphone / Safari
*Materiel / OS :* 
- iPhone iOS 18.4.1 + Safari full update

- PC Windows 11 Pro + FireFox fulle update

*URL* : [https://www.reservistes.defense.gouv.fr/candidat/modifier-donnees]

*Identifiant :*  MDC v2 : alexcourreur@laposte.net

*Descriptif* :

Dans l'espace du candidat , le telechargement de tout type de fichiers déjà téléversés en v4.18.2.3 dans les données personnelles retourne un fichier telecharger.htm, cela a été le cas


Le 02/05/2025 à 15h45 : telecharger le fichier CV.pdf 

Le 02/05/2025 à 16h30 : telecharger le fichier diplome.pdf

Reproductible en environnement PC Windows 11 Pro /FireFox et sous Iphone / Safari NP

=> en Production NP v4.18.2.3 il était possible de télécharger ces mêmes fichiers il y a une semaine sur le même candidat et même matériel logiciel

Entete de la requete

GET /candidat/documents/eyJ0eXAiOiJKV1QiLCJhbGciOiJIUzI1NiJ9.eyJzdWIiOiIwMjI0NzI2OCIsImV4cCI6MTc0NjIyMjMxMC41OTE1OTgsImQiOiI5Y2JiOTMwYi0zOWQxLTQ5YjUtYTIzYy0wYmUxN2RmMDEzMjUiLCJlIjoyNDcyNjgsInQiOjE4fQ.xld8yz0oBtkxfEka009xsL70JiVIIZrCI0ioIo1ffgc/telecharger HTTP/1.1
Host: www.reservistes.defense.gouv.fr
User-Agent: Mozilla/5.0 (Windows NT 10.0 Win64 x64 rv:138.0) Gecko/20100101 Firefox/138.0
Accept: text/html,application/xhtml+xml,application/xmlq=0.9,*/*q=0.8
Accept-Language: fr,fr-FRq=0.8,en-USq=0.5,enq=0.3
Accept-Encoding: gzip, deflate, br, zstd
Referer: https://www.reservistes.defense.gouv.fr/candidat/modifier-donnees
DNT: 1
Sec-GPC: 1
Connection: keep-alive
Cookie: cookiedef=!9lhNVrImoMWEuMPUP24xCRy03FhIXMnVxXlJ7v7O0sASNhDK+nFIlZ9Zk0Xolivd+NenCgw3QIRAMw== BIGipServer~Tenant-Externe~application~pool-ubika=201486346.20480.0000 PHPSESSID=0tnih92gig9cnqanra6ket00q8
Upgrade-Insecure-Requests: 1
Sec-Fetch-Dest: document
Sec-Fetch-Mode: navigate
Sec-Fetch-Site: same-origin
Sec-Fetch-User: ?1
Priority: u=0, i

 

*Résultat attendu* : 

Le candidat doit pouvoir telecharger ses fichiers déjà préalablement téléverser, en l'occurence ici CV.pdf et diplome.PDF

 

*Résultat obtenu :* 

Un fichier telecharger.htm est retourné dans le navigateur
{panel}
État 200OK VersionHTTP/1.1 Transfert423 o (taille 28,04 Ko) Politique de référentstrict-origin-when-cross-origin Priorité de la requêteHighest Résolution DNSSystème{panel}
{panel}
Entete de la réponse
HTTP/1.1 200 OK
Date: Fri, 02 May 2025 14:30:11 GMT
Cache-Control: max-age=0, must-revalidate, private
Expires: Fri, 02 May 2025 14:30:11 GMT
Strict-Transport-Security: max-age=31536000
Content-Type: text/html charset=UTF-8
Referrer-Policy: strict-origin-when-cross-origin
X-Content-Type-Options: nosniff
X-Frame-Options: DENY
Keep-Alive: timeout=5, max=300
Connection: Keep-Alive
Transfer-Encoding: chunked{panel}";;
527944;"12/02/2025 17:14";;"[Calendrier] - impossible de voir  disponibilité ou indisponibilité sur le calendrier par un référent";;;Annulé;;"07/17/2025 15:21";;;;;;"DP ROC";;b_poiron_ext;ROC-1973;b_poiron_ext;;;;;;;Majeur;;;V5.4.1;;;;;"TEST PPROD DR 




 # Se connecter avec le profil REF sur l’url

{color:#0563c1}+[https://pprod-reservistes.intradef.gouv.fr/interne/accueil-choix-bloc]+{color}

1309_utilisateur

Mdp *Azertyuiop44 !!!*
 # Cliquer sur le bloc Calendrier

 # Cliquer sur disponibilité par période

 # Filtrer sur disponible

 # Résultat aucun réserviste n’apparaît

 # Résultat attendu le réserviste {color:#0563c1}+[221332_reserviste.roc@getnada|mailto:221332_reserviste.roc@getnada]+{color} devrait apparaitre";;
527943;"12/02/2025 17:14";;"[Candidature] -Lien non fonctionnel lors de l'envoi de mail de validation pour la prise de RDV ";;;Annulé;;"07/17/2025 15:21";;;;;;"DP ROC";;b_poiron_ext;ROC-1976;b_poiron_ext;;;;;;;Bloquant;;;V5.4.1;;;;;"# Se connecter avec le profil REF sur l’url

[https://pprod-reservistes.intradef.gouv.fr/interne/accueil-choix-bloc]

1309_utilisateur

Mdp  *Azertyuiop44 !!!*
 # Cliquer sur l'onglet contrats/moilité
 # Cliquer sur suivi de candidature
 # Filtrer par prise de RDV
 # cliquer sur le réserviste 
 # cliquer sur le bloc prise de RDV
 # Mettre le bouton Radio ""demande d'information concernant la candidature"" à oui
 # renseigner l'email + commentaire optionnel
 # se connecter a la boite mail
 # Cliquer sur le lien présent dans la boite
 # Résultat attendu formulaire de validation 
 # résultat obtenu : Erreur 404";;
527960;"12/02/2025 17:15";;"[Contrat]- Pas de réception de notification de mail par le reserviste RO1";;;Annulé;;"07/17/2025 15:21";;;;;;"DP ROC";;b_poiron_ext;ROC-1944;b_poiron_ext;;;;Contrat;;;Mineur;;;V5.4.1;;;;;" 

[https://pprod-reservistes.intradef.gouv.fr|https://pprod-reservistes.cloud.defense.gouv.fr/]

Se connecter avec un ADR 10446_utilisateur MDP *hA32xu5iDC6+G)*

Aller dans contrat à renouveler

sélectionner le ** réserviste [226560_reserviste.roc@getnada.com|mailto:226560_reserviste.roc@getnada.com]

initier le renouvellement de ce réserviste 

cliquer sur valider 

Résultat attendu le réserviste reçois un mail de notification pour se connecter et débuter le renouvellement de contrat 

Résultat actuel : le réserviste ne recoit rien 

URL: [https://pprod-reservistes.cloud.defense.gouv.fr|https://pprod-reservistes.cloud.defense.gouv.fr/]

Se connecter R01

 ";;
527976;"12/02/2025 17:15";;"[Droits] Problème d'envoi de mail lors de la suppression d'un compte";;;Annulé;;"07/17/2025 15:21";;;;;;"DP ROC";;b_poiron_ext;ROC-1907;b_poiron_ext;;;;Droits;;;Mineur;;;V5.4.1;;;;;"*Titre* : [Droits] Problème d'envoi de mail lors de la suppression d'un compte

*Configuration* : Pprod V.5.4.1

*Identifiant* :

AF supprimant le compte : 4512_utilisateur 

*Descriptif :* En tant qu'AF, je supprime un compte ROC d'un profil disposant d'un rôle de correspondant de sécurité. 

*Résultat attendu :* La personne dont le compte a été supprimé ne reçoit pas de message, ou bien le message prévu en PJ (dans le paramétrage fonctionnel : suppression de compte CS)

*Résultat obtenu :* La personne dont le compte a été supprimé reçoit un mail l'invitant à se connecter avec de nouveaux identifiants et MDP. Ces credentials ne fonctionnent pas pour info. ";;
598016;"12/02/2025 17:15";;"[Emploi] modification fiche de poste impossible";;;Annulé;;"10/07/2025 12:13";;;;;;"DP ROC";;b_poiron_ext;ROC-2293;b_poiron_ext;;;;Emploi;;;Majeur;;;;;11/10/2025;;;"*Titre* : [Emploi] modification fiche de poste impossible

*Configuration* : PPROD v6.3.1

*Identifiant* :

AF/ REF :12743_utilisateur

*URL* :https://pprod-reservistes.intradef.gouv.fr/interne/gestion-engagement/modifier-poste/8697

*Descriptif* :

en tant que AF/ PIL/ REF je clique sur gestion–> gestion des emplois

je clique sur un emploi que je viens de créer

*Résultat attendu* : 

Affichage du message : ""Les informations ont été correctement enregistrées""

 

*Résultat obtenu* : 

erreur 404

 

*Informations supplémentaires*

l'erreur 404 apparait seulement lorsqu'on veut modifier une fiche de poste qu'on vient de créer.

la modification d'une fiche de poste déjà présente fonctionne

 

l'erreur n'est pas reproduite sur PICSEL v5.4.5 et v6.3.1";;
536540;"12/02/2025 17:15";;"[MN] impossibilité en tant qu'AF de supprimer un délégataire de référent";;;Annulé;"fonctionnalité AF";"08/02/2025 11:35";476853;476853;;;;MN;"bugs #476853";g_bota;ROC-2730;b_poiron_ext;ADT,AAE,SSA;;;Droits,Comptes;;P0;Majeur;"Poste Intradef";;V5.4.4;AF;;;;"Il est impossible en tant qu'AF de supprimer depuis le bouton supprimer du compte de référent un délégataire? On obtient un message ""une erreur s'est produite lors de la suppression de la délégation"" ";Majeur;"Capture suppression rôles 3.PNG,Suppression délégataire.docx"
598653;"12/02/2025 17:15";;"[Activités] Erreurs Accès avec AO";;;Annulé;;"10/07/2025 16:06";;;;;;"DP ROC";;b_poiron_ext;ROC-1839;b_poiron_ext;;;;Activités;;;Majeur;;;;;;;;"*Titre* : Erreurs Accès avec AO

*Configuration* : Pic 6.1

*Identifiant* :

AO: admin.ter

*URL* :  [https://roc-pic-intradef.fr.capgemini.com/interne/activites/designer/detail/1472143]

*Descriptif* :

En tant qu'AO

Je tente d'accéder à une activité sur l'onglet A convoquer

 

*Résultat attendu* :

Accès à l'activité

*Résultat obtenu* :

Erreur ";;
527962;"12/02/2025 17:15";;"[Comptes - gestion roles] impossible de supprimer une délégation avec un AF";;;Annulé;;"07/17/2025 15:21";;;;;;"DP ROC";;b_poiron_ext;ROC-1933;b_poiron_ext;;;;Comptes;;;Majeur;;;V5.4.1;;;;;"Se connecter en PPROD avec AF

[https://pprod-reservistes.intradef.gouv.fr/interne/admin/utilisateurs/gestionnaires/2011/modifier]
 # se connecter avec un AF
 # allers dans le menu gestion
 # choisir utilisateur 
 # taper 2011_ utilisateur dans la tableau de recherche identifiant 
 # Cliquer sur cet utilisateur 
 # Sa fiche apparait 
 # scroller la page jusqu’à gestion des utilisateurs.
 # tirer le curseur vers la droite sur le tableau de ""gestion de délégataire"" 
 # choisir un délégataire et cliquer sur le bouton supprimer 
 # résultat attendu "" la suppression a été bien enregistré"" 
 # Résultat actuel ""une erreur s'est produite lors de la suppression de la délégation""";;
527913;"12/02/2025 17:15";;"[candidature] - notification email par erreur du CS";;;Annulé;;"07/17/2025 15:21";;;;;;"DP ROC";;b_poiron_ext;ROC-2026;b_poiron_ext;;;;Candidature;;;Majeur;;;V5.4.3;;;;;"'+*Titre :*+ [candidature] - notification email par erreur du CS

*+Configuration:+*

PICSEL v5.4.3 DR interne/login pour le REF

+*URL :*+  notification email

+*Identifiants / rôle :*+

REF DR 2111_utilisateur Azertyuiop44!!!

CS manitas.securitas Azertyuiop44!!!

*+Descriptif :+*

durant le process engagement il y a erreur dans la notification email du CS qui est manitas.securitas

L'email reçu mentionne Prioletti AMANZA

 

+*Résultat attendu*+
Le CS Manitas securitas doit être notifié par email

 

+*Résultat obtenu:*+
Le CS Prioletti AMANZA est notifié par email";;
598639;"12/02/2025 17:15";;"[Candidature] - le candidat reçoit des notifications email en double";;;Annulé;;"10/07/2025 16:06";;;;;;"DP ROC";;b_poiron_ext;ROC-2243;b_poiron_ext;;;;Candidature;;;Mineur;;;;;;;;"'+*Titre:*+ [Candidature] - le candidat reçoit des notifications email en double

+*Configuration:*+ PICSEL v6.3.1 NP

+*URL:*+ process engagement

+*Identifiants*+ 
REF 8964_utilisateur.roc@getnada.com
candidat albertito.sopolo@getnada.com
CS [9843_utilisateur.roc@getnada.com|mailto:9843_utilisateur.roc@getnada.com]
Mot de passe Azertyuiop44!!!

+*Descriptif :*+

Durant le process engagement le candidat reçoit les emails ci-dessous en plusieurs exemplaires à quelques minutes d'intervalle ou une seule manipulation dans l'IHM est réalisée

*+Résultat obtenu:+*

11h02 : A la suite de votre entretien avec le responsable d'unité, nous vous confirmons que vous avez été retenu(e). Vous allez pouvoir désormais finaliser votre d'engagement. 

11h04 : A la suite de votre entretien avec le responsable d'unité, nous vous confirmons que vous avez été retenu(e). Vous allez pouvoir désormais finaliser votre d'engagement. 


11h26 : Votre référent a modifié la durée du contrat que vous avez spécifié. Elle est désormais de 5 an(s) 


11h30 : Votre référent a modifié la durée du contrat que vous avez spécifié. Elle est désormais de 5 an(s) 

 

+*Résultat attendu:*+
Le candidat ne devrait recevoir plusieurs notifications emails pour une même étape du workflow du process engagement

 ";;
475516;"12/02/2025 17:16";;"[Activités] - RO2 - Activités par profil - Nombre de réservistes concernée toujours à 0";;;Annulé;;"05/12/2025 15:32";;;;;;"DP ROC";;b_poiron_ext;ROC-345;b_poiron_ext;;;;;;;;;;V4.20;;;;;"*Titre* : [Activités] - RO2 - Activités par profil - Nombre de réservistes concernées toujours à 0

*Configuration* : PIC 20.0.0

*Identifiant* :

AF

*URL* :  [https://roc-pic-intradef.fr.capgemini.com/interne/mes-deplacements/billets-archives]

*Descriptif* :

Avec l'AF

Via le menu cliquer sur Activités/Calendrier

Cliquer sur Créer une activité

Cliquer sur le bouton Nouvelle activité prioritaire R02

Renseigner le code credo d'une unité active avec des RO2 actifs (046U000)

Renseigner un sous-titre une ville

Cliquer sur Suivant

Cliquer sur Suivant

Sélectionner un critère 

*Résultat attendu* :

Le nombre de réservistes est supérieur à 1.

Le nombre de réservistes varie en fonction des critères.

*Résultat obtenu* :

Le nombre de réservistes concernés est de 0.

 

!image-2024-11-25-18-15-25-630.pngwidth=555height=416!";;
640798;"12/04/2025 15:44";;"Affichage unité non conforme sur profil AF";;;Clôturé;"Problème gestion et création compte gestionnaire";"11/19/2025 13:40";;;;;;AF;"bugs #608431";j_pelletier6;;j_pelletier6;SSA;;;Droits;;;Mineur;"Poste Intradef";https://reservistes.intradef.gouv.fr/interne/admin/utilisateurs/gestionnaires;v6.3.3;"Profil AF";;"Vérification compte gestionnaire dans la gestion des utilisateurs du CRC 1 Loucougain.";"AF : 1 - gestionnaire 19489";"L'affichage de l'unité n'est pas conforme conforme car le CRC1 Loucougain n’est plus référent de la SECTION POLITIQUE – RESERVE (05BZBNS)";Mineur;"ADR_affichage_utilisateur_non_conforme_20251015.docx,Affichage rôle.docx"
495750;"12/10/2025 10:58";;"Impossible de téléverser le certificat médical militaire";;;Clôturé;"Anomalie fonctionnelle parcours Engagement";"06/11/2025 09:58";;;;;;AF;;m_duquesnois;;m_fekete;;;;"Suivi médical";;P0;Majeur;"Poste Internet";"https://reservistes.intradef.gouv.fr/interne/download-doc/238786/947712   échec de tentative de téléversement par candidat, référent et AF ROC.";V4.20.0.7;;;"Saisie date de la visite VMAE ";947712;"Lors de la tentative de téléversement du certificat médical, ROC retourne systématiquement le message suivant : Le document désiré est introuvable. Merci de réessayer ultérieurement. ";Bloquant;"ROC-impossible de téléverser le certifiat médical militaire - message d'erreur.PNG,ROC-impossible de téléverser le certifiat médical militaire.PNG,téléchargement certificat médical militaire.docx"
648698;"12/18/2025 09:56";;"problème lors du traitement du CRON : roc:gestion:purge-entites ";;;Annulé;;"12/01/2025 16:42";;;;;;"DP ROC";;b_poiron_ext;ROC-2807;b_poiron_ext;;;;;;;Mineur;;;;;;;;"Réception du message d'erreur du traitement du cron

vérification des logs : aucun log présent pour ce cron

J'ai caractérisé le bug en bloquant - Il pourra être revu à la baisse en fonction de votre analyse

 ";;
607158;"01/05/2026 10:52";;"[SSA] Libellé ETR erroné";;;"Corrigé en production";"gestion emplois";"10/14/2025 15:15";;;;;;SSA;;g_gay3;;m_fekete;;;;Emploi,Communication;;;Majeur;"Poste Intradef";https://pprod-reservistes.intradef.gouv.fr/interne/poste/creer/poste/907;v6.3.3;"Référent HNIA Sainte Anne";;"Le référent souhaite créer un emploi pour en médecin hospitalier au sein de son unité. Il recherche dans le référentiel a AUDACE le code ETR --> 103331";6169.utilisateur;"Le référent utilise l'ETR 103331 pour créer le poste. l'intitulé du poste affiche  ""VETERINAIRE DES ARMEES EN SANTE PUBLIQUE VETERINAIRE 5B/14"".
L'intitulé de l'ETR dans ROC doit correspondre à lintitulé de l'ETR d'AUDACE.";Majeur;"Libellé ETR erroné.docx,Code ETR.docx"
648797;"01/13/2026 11:11";;"[Activité]Filtre DATE DE FIN non fonctionnel";;;"Erreur de manipulation / Mésusage du SI";;"12/01/2025 16:42";;;;;;AAE;;b_poiron_ext;ROC-2271;m_fekete;;;;Activités;;;Mineur;;;;;;;;"*Titre* :[Activité]Filtre DATE DE FIN non fonctionnel

*Configuration* : PPROD V6.3.1 – DR

*Identifiant* :

AF : 4512_utilisateur

*URL* : [https://roc-recette-intradef.fr.capgemini.com/interne/activites/signer/liste|https://pprod-reservistes.intradef.gouv.fr/interne/activites/designer/liste]

*Descriptif* :

En tant qu'AF,

je clique sur le bloc fonctionnel ""Activité""

dans l'onglet ""A convoquer"" je sélectionne une date de fin

 

*Résultat attendu* :

les activités avec la date de fin devrait s’afficher 

*Résultat obtenu* :

le filtre ne s'effectue pas,

mais quand on regarde l’affichage des éléments le nombre bouge 

 ";;
456799;"01/20/2026 20:06";;"CTT - date fin contrat édité non conforme";;j_pelletier6;Nouveau;"Demande d'information,Prloblème de flux ROX";"03/07/2025 15:22";;;;;;SSA;;c_dulaurans;;j_kahn1;;;;;;;Majeur;;;a_definir;;;"CONTRAT - lors de l'édition du nouveau contrat, la date de fin du contrat émis est supérieur d'un jour. ";;;;
456803;"01/20/2026 20:06";;"[AAE] - ENARO modifiés ne repartent pas dans les flux";;s_caumond;"En attente de réponse des AA";"Problème de flux activité";"04/07/2025 09:54";;;;;;AAE;;s_caumond;;j_kahn1;;;;Activités;;P1;Majeur;;;a_definir;;;"Les ENARO modifiés dans ROC ne repartent pas dans les flux entre ROC et les SI RH malgré le fait de cliquer sur le bouton ""MODIFIER AVEC RENVOI

PJ : liste  = tableau de bord
";;"Depuis le module AF ""Activités"" - ""Gestion des rejets"" la modification d'une activité (CREDO, Ville, Code activité ou autre) ne permet pas la modification du SIRH malgré le bouton ""Modifier avec renvoi SIRH"".
Voir nouvelle PJ";;"Modification ENARO depuis 'Gestion des rejets' .png"
456806;"01/20/2026 20:06";;"Dysfonctionnement des profils de grade";;p_hervy1;"En attente de réponse des AA";;"02/10/2025 10:32";;;;;;"DP ROC";;b_poiron_ext;;j_kahn1;;;;Activités;;;Mineur;;;a_definir;;;;;;;
456807;"01/20/2026 20:06";;"Faute d'orthographe ""CPL""";;g.caffiery;"En cours d'analyse PO";;"02/10/2025 10:32";;;;;;ADT;;b_poiron_ext;;j_kahn1;;;;;;P3;Mineur;;;a_definir;;;;;;Mineur;
469444;"01/20/2026 20:06";;"Exportation fichier historique des rejets";;;"En attente de prise en compte dans l'usine logicielle";;"05/05/2025 11:02";;;;;;AF;;j_pelletier6;ROC-2731;j_kahn1;;;;Activités;;;Mineur;"Poste Intradef";https://reservistes.intradef.gouv.fr/interne/admin/activites/recherche-rejet-id-flux;a_definir;"Profil AF";;"Dans la gestion des rejet, exportation du fichier ""Historique des rejets"".";;"Le fichier est vide, perte de l'historique.";Majeur;"2025_05_05_09h48_export_historique_rejets_activites.csv,Gestion des rejets.docx,2025_11_07_17h38_export_historique_rejets_activites.csv"
476847;"01/20/2026 20:06";;"[SSA]  - PILOTE perte des codes credo";;;"En cours d'analyse PO";;"05/13/2025 16:21";;;;;;SSA;;c_dulaurans;;j_kahn1;;;;Droits;;;Majeur;"Poste Intradef";;a_definir;Pilote;;"ISG2G Da Costa Manuela - pilote du 2EME CMA et Mme CAROEN pilote de la DIASS FASZOI (réunion) ont été positionnées en statut ""inactif"" avec perte des codes credo qui leur sont rattachés. De plus, si des activités ont été créées par le pilote, celles-ci sont définitivement perdues";;;Majeur;pilote.docx
476855;"01/20/2026 20:06";;"[SSA] - perte des données du délégataire";;c_dulaurans;"En cours d'analyse PO";"Problème gestion et création compte gestionnaire";"05/13/2025 16:26";;;;;;SSA;;c_dulaurans;;j_kahn1;;;;Comptes;;P2;Mineur;"Poste Intradef";;a_definir;"Délégataire d'un référent et ATS";;;;"Un personnel avec le rôle d'ATS et délégataire de plusieurs référent, ne visualise plus les données de ses délégations. Il est bien identifié délégataire des différents référents. Solution de contournement trouvé 
->AF lui attribue un rôle de référent (code ORG non utilisé et sans réservistes), l'ATS retrouve la vision des données de ses délégations. Situation remontée pour 4 personnels du SSA et traitée avec la solution de contournement.";Majeur;"visualisation de mes délégataions.docx"
476859;"01/20/2026 20:06";;"[SSA] - Export E-billet incohérent dans affectation et date < 2019";;;"En cours d'analyse PO";"Anomalie fonctionnelle E-billet";"05/13/2025 16:27";;;;;;SSA;"bugs #662220";c_dulaurans;;j_kahn1;;;;E-billet;;;Mineur;"Poste Intradef";;a_definir;"Référent et délégataire d'un référent";;;;"un référent ou délégataire d'un référent exporte les e-billets archivés. Menu Déplacement / E-billets commandés / Archives, et clique sur bouton ""Export des commandes archivées"". L'export comporte seulement 617 e_billets avec date de départ en 2018 ou 2019 et dans le champ ""unité"" des unités hors SSA (503E REGIMENT DU TRAIN, 2E REGIMENT ETRANGER DE GENIE, ....). Les FFE ne peuvent plus suivre la consommation des e-billets, suivi demandé par le SSA";Majeur;2025_05_13_15h10_extraction_massive_commandes_archivees(1).csv,2025_05_28_09h58_extraction_massive_commandes_archivees_PPROD.csv
476976;"01/20/2026 20:06";;"[SSA] Notification de convocation non conforme";;;"En cours d'analyse PO";"Anomalie fonctionnelle Activités";"05/13/2025 16:50";;;;;;SSA;;g_gay3;;j_kahn1;ADT,AAE;;;Activités;;;Mineur;"Poste Intradef";https://reservistes.intradef.gouv.fr/interne/login;a_definir;Référent;;"Le gestionnaire de la 154ème AM du CMA 10 a convoqué ce jour un réserviste de son unité, le MC BONNEVILLE.";;"Le réserviste reçoit un mail de notification lui confirmant sa participation à l'activité. La PJ correspond à la convocation d'un autre réserviste d'une autre ADS.";Majeur;"BUG notification convocation.msg"
477186;"01/20/2026 20:06";;"[AAE] - Gestionnaires - désactivation de compte";;;"En cours d'analyse PO";"Problème de connexion";"05/14/2025 09:29";;;;;;AAE;;j_sales1;;j_kahn1;;;;Droits;;;Mineur;"Poste Intradef";https://reservistes.intradef.gouv.fr/interne/admin/utilisateurs/gestionnaires;a_definir;;;"Connexioon à son compte de gestionnaire";;"Certains gestionnaires ont leur compte rendu au statut INACTIF sans avoir fait la moindre action dans leur bloc Données personnelles ou fait trop de tentative de connexion.

AAE : 75 en date du 06/05 tout rôle inclus

URL : https://reservistes.intradef.gouv.fr/interne/admin/utilisateurs/gestionnaires";Bloquant;"Screenshot 2025-05-07 at 09-35-45 Gestion des utilisateurs - Réservistes des armées.png"
477194;"01/20/2026 20:06";;"[AAE] - ROLES - tableau de bord - bug affichage";;;"En cours d'analyse PO";;"05/14/2025 09:32";;;;;;AAE;;j_sales1;;j_kahn1;;;;Droits;;;Mineur;;https://reservistes.intradef.gouv.fr/interne/admin/utilisateurs/gestionnaires;a_definir;AF;;;;"Bug d'affichage
https://reservistes.intradef.gouv.fr/interne/admin/utilisateurs/gestionnaires
BORDIER Jaan-luc 

(url perso : https://reservistes.intradef.gouv.fr/interne/admin/utilisateurs/gestionnaires/3568/modifier )

Affichage dans le tag DEL de tous les noms et unités";Mineur;"Screenshot 2025-05-07 at 10-04-02 Gestion des utilisateurs - Réservistes des armées.png,Affichage Rôle.docx"
678012;"01/20/2026 20:13";;"[Engagement] Valeurs obligatoires pour grille d'évaluation de l'entretien";;;"En attente de prise en compte dans l'usine logicielle";;"01/20/2026 15:48";;;;;;"DP ROC";;b_poiron_ext;ROC-2954;j_kahn1;;;;Candidature;;;Mineur;;;V7.5.1;;;;;"*Environnement :* Pprod V7.5.1 DR

*Identifiants :* 119_utilisateur

*Description :* 

En tant que referent, 

Je choisis un candidat n'ayant pas validé l'entretien en unité, 

Je clique sur le candidat, 

Je clique sur le bloc entretien en unité, 

Je remplis le résultat {*}sans compléter la grille d'évaluation de l'entretien{*}, 

Je valide 

*Résultat attendu :* 

Pouvoir valider sans avoir complété la grille d'évaluation 

*Résultat obtenu :* 

Erreur, les champs sont obligatoires ";;
678013;"01/20/2026 20:13";;"Titre : [Activité] mauvaise liste ATS";;;"En attente de prise en compte dans l'usine logicielle";;"01/20/2026 15:48";;;;;;"DP ROC";;b_poiron_ext;ROC-2929;j_kahn1;;;;Activités;;;Majeur;;;V7.5.1;;;;;"*+Titre :+* [Activité] mauvaise liste ATS

*Environnement :* PICSEL DR, V7.5.1

*Identifiant :* 12743_utilisateur

*Description :* 

le profil 12743_utilisateur possède 3 role : REF, PIL et AF

Scenario 1. création d'une activité de regul par le REF puis la clôturer avec le même profil puis la mettre a la signature avec le même profil

Scenario 2. création d'une activité de regul par le PIL puis la clôturer avec le même profil puis la mettre a la signature avec le même profil

Scenario 3. clôturer une activité en tant qu'AF puis la mettre a la signature avec le même profil

 

*Résultat attendu :*

chaque role possède sa propre liste d'ATS

en tant que REF je dois avoir 2 ATS

en tant que PIL je dois avoir 11 ATS

en tant que AF je dois avoir tout les  ATS disponible

*Résultat obtenu :* 

pour chaque rôle a la signature je possède seulement les 2 ATS du référent";;
477200;"01/20/2026 20:14";;"[AAE] AF - Ajout droit de DEL entraine mauvaise affichage de page";;l_lodigiani_dechamp;"En cours d'analyse PO";"Problème gestion et création compte gestionnaire";"05/14/2025 09:38";;;;;;AAE;;j_sales1;;j_kahn1;;;;Droits;;;Mineur;;https://reservistes.intradef.gouv.fr/interne/mon-compte/delegation/editer/26503;V4.20.0.7;AF;;"Edition des droits d'un DEL REF";;"Process : 
En AF, édition des droits d'un DEL REF entraine après validation l'affichage de la page MES DELEGATIONS de l'AF

Chemin de départ : https://reservistes.intradef.gouv.fr/interne/mon-compte/delegation/editer/26503

chemin d'arrivée : https://reservistes.intradef.gouv.fr/interne/mon-compte/delegation/lister-donnees 
(cf pj Screenshot 2025-05-07 at 14-44-11 Gestion des délégataires - Réservistes des armées)";Mineur;"Screenshot 2025-05-07 at 14-44-11 Gestion des délégataires - Réservistes des armées.png,Edition délégataire.docx"
477428;"01/20/2026 20:14";;"Certains comptes passent en inactifs";;;"En cours d'analyse PO";;"05/14/2025 11:41";;;;;;ADT;"bugs #477496";j_saint_julien;;j_kahn1;AAE,SSA,SEO;;;Comptes;;;Majeur;;https://reservistes.intradef.gouv.fr/interne/admin/utilisateurs/gestionnaires;V4.20.0.7;AF;;"Accès à l'interface de connexion";;"Certaines comptes passent inactifs. Les AF réactivent à la demande (l'utilisateur doit valider le mail dans les 30 mn environ suite à la réactivation).

Certains gestionnaires ne reçoivent pas le mail avec mot de passe sur leur adresse intradef
ex : louis.lempire@intradef.gouv.fr
solution : changement adresse mail en adresse gmail pour réception du mot de passe et connexion";Bloquant;"Anomalie comptes inactifs.docx,Compte gestionnaire inactif.xlsx,Identifiants.docx"
477464;"01/20/2026 20:14";;"[AAE] TOUS ROLES - perte historique des rôles après desactivation";;;"En cours d'analyse PO";"Problème gestion et création compte gestionnaire";"05/14/2025 13:33";;;;;;AAE;;s_caumond;;j_kahn1;;;;Droits;;;Majeur;"Poste Intradef";https://reservistes.intradef.gouv.fr/interne/admin/utilisateurs/gestionnaires/17329/historique-role-utilisateur;V4.20.0.7;AF;;;;"Les comptes inactivés de manière aléatoire perdent l'historique des rôles. L'onglet est vide.
";Mineur;"Screenshot 2025-05-14 at 13-19-03 Historique des rôles - Réservistes des armées.png,Historique des rôles.docx"
477485;"01/20/2026 20:14";;"[MN] Impossibilité de téléverser une fiche de poste ou un document d'information utile à un candidat";;;"En cours d'analyse PO";"Anomalie fonctionnelle parcours Engagement";"05/14/2025 13:46";;;;;;MN;;g_bota;;j_kahn1;;;;"Unités (CREDO, FPM, Emploi)";;;Majeur;"Poste Intradef";;V4.20.0.7;;;;;"Lorsque l'on téléverse un document depuis le champ ""informations utiles du candidat"" le fichier s'enregistre mais n'est pas consultable coté candidat. Le fichier comporte 0 ko. Pas de possibilité de copie d'écran l'accès au site 14/05/2025 via internet affiche une erreur 404 ";Bloquant;"Capture champ informations.PNG,Téléversement document pré-production.docx"
477501;"01/20/2026 20:14";;"[MN] Publication des fiches de postes destinées à des RO2 ou anciens militaires";;;"En cours d'analyse PO";"Anomalie fonctionnelle parcours Engagement";"05/14/2025 13:57";;;;;;MN;;g_bota;;j_kahn1;;;;"Unités (CREDO, FPM, Emploi)";;;Majeur;;;V4.20.0.7;Référent;;;;"Les emplois à destination des RO2 ou anciens militaires ne sont pas accessibles depuis la page d'accueil (sans avoir ouvert de compte candidat) du site ROC rubrique devenir réserviste  ";Majeur;
494441;"01/20/2026 20:15";;"[SSA] Proposition d'activité erronée non liée à une activité créée";;;Nouveau;;"06/05/2025 16:49";;;;;;SSA;;g_gay3;;j_kahn1;;;;Activités;;;Mineur;"Poste Intradef";"Boite mail gestionnaire";V4.20.0.7;Délégataire;;;;"Le délégataire de la 71ème AM du CMA 07(INF. CS Chong SIONG) reçoit un mail du SI ROC l'informant que le référent de l'échelon commandement du CMA 07 (IAHA Valérie PARENT) souhaite convoquer un RO1 de son unité.
Le référent (IAHA PARENT) n'a pas créé d'activité pour ce réserviste.
La PJ n'est pas conforme au message du mail.";Majeur;"Proposition activité erronée sans lien avec une activité créée.msg,BUG TULEAP 494441_activite inexistante.docx"
500285;"01/20/2026 20:15";;"[AAE] A la création d'une activité individuelle le réserviste apparait en rouge alors que son compte RO1 est créé";;;"Demande d'évolution à créer";"Anomalie fonctionnelle Activités";"06/17/2025 14:34";;;;;;AAE;;j_sales1;;j_kahn1;;;;Activités;;;Mineur;"Poste Intradef";https://reservistes.intradef.gouv.fr/interne/activites/creer/reservistes/2139692;V4.20.0.7;DEL;;"Contrôle du bug deux fois";;"Lorsque le réserviste est choisi par l'unité il apparait en noir (c'est bien un réserviste de l'unité), et après enregistrement de la page il apparait en rouge (rouge = RO1 sans compte ROC) ?";Mineur;"2025_06_17_12_05_23_.png,2025_06_17_12_07_34_.png,2025_06_17_12_06_58_.png,réserviste en rouge sur la création d'une activté.docx"
527197;"01/20/2026 20:15";;"Numéro ADS demandé lors d'un changement de données personelles réalisé par l'AF";;;"En attente de prise en compte dans l'usine logicielle";"Non classé";"07/16/2025 16:12";;;;;;ADT;;j_saint_julien;ROC-2615;j_kahn1;SSA;;;Données_perso;;P1;Mineur;;htpps://reservistes.intradef.gouv.fr/interne/admin/utilisateurs/reserviste/modifier/51112;V5.4.4;AF;;"Lorsqu'un AF veut changer une donnée personnelle d'un réserviste (dans notre cas c'était un changement d'adresse mail) un ""numéro d'ADS"" est alors demandé. Ce numéro ne nous est pas connu. Cette demande est apparue avec la V5. ";51112;;Bloquant;"RE  LCL (r) DUBON - PB DE CONNEXION ROC.msg,Numéro ADS préproduction.docx"
527925;"01/20/2026 20:18";;"[Droits] Erreur dans le nom du menu déroulant";;;"En attente de prise en compte dans l'usine logicielle";;"07/17/2025 15:21";;;;;;"DP ROC";;b_poiron_ext;ROC-2013;j_kahn1;;;;Droits;;;Majeur;;;V5.4.1;;;;;"Voir PJ, erreur de saisie du nom du rôle lors d'une affiliation (voir menu déroulant en haut à droite de la PJ"": 

Pilote : 7374_utilisateur - Rôle ""PIL - {*}SSA{*}"" 

Affilié : Créé par mes soins - Rôle ""AFF - PIL - {*}AAE{*}"". Les rôles affiliés sont les bons, et appartiennent bien au SSA";;
527926;"01/20/2026 20:18";;"[Droits] - AO - Décocher la délégation de l'espace qualité ne fonctionne pas";;;"En attente de prise en compte dans l'usine logicielle";;"07/17/2025 15:21";;;;;;"DP ROC";;b_poiron_ext;ROC-2011;j_kahn1;;;;Droits;;;Majeur;;;V5.4.1;;;;;"*Identifiants :*

AO : 7374_utilisateur  Délégataire : créé par mes soins en Pprod : 7374_utilisateur -> gestion des délégataires -> créer un délégataire -> rôle AO

*Description :* Je me connecte en tant qu'AO, je clique sur gestion des délégataires -> éditer une délégation d'AO. Je coche toutes les fonctions à déléguer sauf le bloc espace qualité. 

*Résultat attendu :* pas d'accès à l'espace qualitié

*Résultat obtenu :* accès à l'espace qualité 

_J'ai testé tout le reste, tout fonctionne sauf l'espace qualité._";;
527957;"01/20/2026 20:18";;"[Export] IHM incohérence de message d'erreur sur un export d'activité avec erreur de date";;;"En attente de prise en compte dans l'usine logicielle";;"07/17/2025 15:21";;;;;;"DP ROC";;b_poiron_ext;ROC-1954;j_kahn1;;;;Extraction;;;Mineur;;;V4.20.0.8;;;;;"| |Ticket JIRA N°| | |
| |   Environnement/ Version| |Tous les environnements
 |
| |   Titre de l'anomalie| |[export] - IHM mauvais message d'erreur dans le cas d'un export massif avec un jour inexistant (31/04/2025)|
| |   Url| |[https://reservistes.intradef.gouv.fr/interne/admin/qualite|https://roc-front-dr-pre.picsel.defense.gouv.fr/interne/engager/engagement/processus-candidature/240895]|
| |   Acteur| |AF|
| |   Identifiants| |alexandre.courreur|
| |   Mot de passe| | |
| |   Anomalie| |Mineur|
| |   Configuration| |Firefox|
| |   Bloc| |Export|
| |   Description| | - Avec un compte AF sur intradef interne/login
 - Lors d'une tentative d'export massif des activités du 01/04/2025 au 31/04/2025 les messages d'erreurs erronés ci-dessous apparaissent
 - Le date de début doit etre antérieur à la date de fin
 - La date de fin est obligatoire
 |
| |Résultat obtenu| |Message IHM incohérent
 - Le date de début doit etre antérieur à la date de fin
 - La date de fin est obligatoire|
| |Résultat attendu| |A voir précisement avec le PO mais le problème réside sur une erreur de date de fin inexistante|";;
527975;"01/20/2026 20:18";;"[Droits] Suppression du rôle ATS du REF de l'unité non effectif";;;"En attente de prise en compte dans l'usine logicielle";;"07/17/2025 15:21";;;;;;"DP ROC";;b_poiron_ext;ROC-1908;j_kahn1;;;;Droits;;;Bloquant;;;V5.4.1;;;;;"*Titre* : [Droits] Suppression du rôle ATS du REF de l'unité non effectif

*Configuration* : Pprod V.5.4.1

*Identifiant* :

Ref : 2693_utilisateur

Le Ref a le rôle d'ATS dans l'unité dont il est référent au début de ce test

*Descriptif :* En tant que référent ET ATS de mon unité, je supprime mon rôle d'ATS de mon unité. 

*Résultat attendu :* Ne plus pouvoir exercer le rôle d'ATS. 

*Résultat obtenu :* Je peux exercer le rôle d'ATS de l'unité même si je n'ai plus le rôle (voir screenshots)";;
528054;"01/20/2026 20:18";;"[E-billets] Erreur de tri sur tableau e-billet internet et intradef";;;"En attente de prise en compte dans l'usine logicielle";;"07/17/2025 15:21";;;;;;"DP ROC";;b_poiron_ext;ROC-1610;j_kahn1;;;;E-billet;;;Mineur;;;V4.20.0.7;;;;;"*Descriptif :*

Sur intradef et internet, pour la partie e-billet : les colonnes entourées en rouge (PJ) ne permettent pas de filtrer les infos

*Résultat attendu*

Le tableau se filtre

*Résultat obtenu :*

Erreur sur les filtres

*Log pour infos complémentaires :* 

[2025-04-29 10:01:25] app.CRITICAL: [ErreurWS] [400] Erreur serveur sur ""GET /in/ressources-humaines/roc-synchro/v7/api/commandes-billets"" | \{""status"":400,""details"":""Le param\u00e8tre 'tri' est incorrect. Valeur renseign\u00e9e : 'action'. Les valeurs autoris\u00e9es sont : DT_RowId, numeroOrdreTransport, dateDemande, refCommandeEtapeId"",""type"":""https://developer.mozilla.org/fr/docs/Web/HTTP/Status/400"",""title"":""Bad Request""} | Parametres : format=datatable&page=0&taille=50&sens=asc&tri=action&etape=3  ";;
528062;"01/20/2026 20:18";;"[Parcours Candidat] La mise à jour de la tuile Vérification de sécurité ne se fait pas";;;"En attente de prise en compte dans l'usine logicielle";;"07/17/2025 15:21";;;;;;"DP ROC";;b_poiron_ext;ROC-1497;j_kahn1;;;;Candidature;;;Mineur;;;V4.20.0.7;;;;;"*Titre* : [Parcours candidat] La mise à jour de la tuile Vérification de sécurité ne se fait pas

*Configuration* : PPROD V4.20.0.7

*URL* : pprod-reserviste.cloud.defense.gouv.fr

*Identifiant :* 

Candidat : 246529_candidat.roc
REF : 411_utilisateur

*Descriptif* :

Lorsque le candidat a téléversé son CR, la date de mise à jour de la tuile n'est pas modifiée, tant du côté du candidat que du côté du référent, alors même que du côté du référent, une fois que nous avons cliqué sur la tuile, il est bien indiqué que le CER a été téléversé le 14/04/2025.

La MAJ ne se fait pas non plus après validation du CER par le correspondant sécurité.

*Résultat attendu* : 

Que la date de MAJ de la tuile se mette à jour des deux côté

*Résultat obtenu :* 

La date de MAJ de la tuile n'est pas réalisée

 ";;
528070;"01/20/2026 20:18";;"[Engagement][Entretien en unité] La décision du référent ne s'enregistre pas. ";;;"En attente de prise en compte dans l'usine logicielle";;"07/17/2025 15:21";;;;;;"DP ROC";;b_poiron_ext;ROC-1352;j_kahn1;;;;Candidature;;;Mineur;;;V4.20.0.5;;;;;"|*Ticket JIRA N°*|ROC-422|
|   *Environnement/ Version*|PPROD v4.20.0.5|
|   *Titre de l'anomalie*|La décision du référent ne s'enregistre pas.|
|   *Url*|[Processus d'engagement - Réservistes des armées|https://pprod-reservistes.cloud.defense.gouv.fr/candidat/processus-candidature]|
|   *Acteur*|AF / Candidat|
|   *Identifiants*|4512 / 224976|
|   *Mot de passe*|Azertyuiop44!!!|
|   *Anomalie*|Mineure|
|   *Configuration*|Microsoft Edge|
|   *Bloc*|Engagement|
|   D{*}escription{*}|Lorsque l'AF rentre un résultat (""Retenu"" en l'occurrence pour ce cas de test), et qu'il enregistre, le résultat ne s'enregistre pas. Quand on revient sur la tuile, le résultat a disparu. 
 |
|   *Résultat attendu*|*Avoir le résultat enregistré quand on revient sur la tuile.* |

 ";;
555575;"01/20/2026 20:18";;"[SSA] objet du mail de la boucle de validation activité non conforme";;;Nouveau;;"09/03/2025 10:31";;;;;;SSA;;g_gay3;;j_kahn1;AAE;;;Activités,Communication;;;;"Poste Intradef";;V5.4;Pilote;;"Le pilote de l'échelon commandement demande confirmation du service fait via la boucle de validation ROC pour l'activité du 01/09/2025 de l'AMACN ABGRALL Christian au profit de l'échelon commandement du CMA4.";stephane.leroux;"Le référent reçoit un mail du SI ROC demandant validation du service fait pour ce réserviste. Mais l'objet du mail affiche un lieu d'activité erroné : 49ème AM, alors que le réserviste est affecté et à travaillé à l'échelon commandement du CMA4.";Mineur;"Export act ABGRALL CMA4.xlsx,Objet mail boucle validation erroné.msg"
566811;"01/20/2026 20:18";;"[SSA] - Flux activités - activités en rejet RGIT_3 ";;;"Demande d'évolution à créer";;"09/10/2025 16:09";;;;;;SSA;;c_dulaurans;;j_kahn1;;;;Comptes,Activités,Flux;;;;;;V5.4;;;"Réserviste ayant fait 2 changements d'armée (SSA - MN - SSA). Une fois son NID passé dans ""Ex-RO1"", son compte est supprimé afin qu'elle puisse de nouveau créé son compte comme réserviste du SSA. Création de compte réussi.
Le gestionnaire créé 3 activités à cette ""nouvelle"" réserviste. Elle a accepté puis le gestionnaire à ""Convoqué"" celle-ci. Ces 3 activités sont présentes dans le flux activités et 2 sont en rejet lors de leur déversement dans le SIRH Arhmonie avec l'erreur RGIT_3 - 
Occurrence de l’IT9318 dont l’identifiant RESERVE_2019 (id activité) correspond à celui du flux ET que le champ « IT9300 créé » est coché.";;"Comme cette réserviste (8383050048) a ses activités gérées dans ROC depuis fin 2020, l'id_activité ""81830500048_ARH_00002"" et ""8183050048_ARH_00003"" avec le champ ""IT9300"" coché sont déjà présent dans l'IT9318 de son dossier SIRH Arhmonie.  La suppression du compte ROC réinitialise le décompte des activités. 

avec la suppression du compte, la réserviste perd l'historique de ses activités, le gestionnaire n'a plus accès aux ENARO document probant pour tous litiges et le décompte des activités n'est plus conforme aux activités effectuées (dans le SSA et la MN)
";Majeur;"Connois_flux activités_20250910.jpg,Connois_IT9318_20250910.jpg"
598665;"01/20/2026 20:18";;"[Suivi des candidatures] pas de message d'erreur pour la validation d'un autre mail";;;"En attente de prise en compte dans l'usine logicielle";;"10/07/2025 16:06";;;;;;"DP ROC";;b_poiron_ext;ROC-1493;j_kahn1;;;;Candidature;;;Mineur;;;;;;;;"Titre : [Suivi des candidatures] pas de message d'erreur pour la validation d'un autre mai

Configuration : PIC 5.3

URL : https://roc-pic-intradef.fr.capgemini.com/afficher-validation/194022/candidature/80335/token/b23a14b5f2c1cb34113a4a50967ec1fc

Descriptif :

Se connecter en tant que REF

[Engagement] - Gestionnaire - Cliquer sur la tuile Prise de RDV

Cliquer sur le bouton Radio ""Oui"" et mettre le mail du valideur.

A la réception du mail, cliquer sur le lien
https://roc-pic-intradef.fr.capgemini.com/afficher-validation/194022/candidature/80335/token/b23a14b5f2c1cb34113a4a50967ec1fc

Mettre un mail différent du valideur et cliquer sur valider.


*Résultat attendu*

Message d'erreur : L’e-mail renseigné ci-dessus ne correspond pas à celui renseigné par le référent

*Résultat obtenu*

pas de message d'erreur .



";;
598666;"01/20/2026 20:18";;"[GestionFPM] Filtre fractionnée non fonctionnel";;;"En attente de prise en compte dans l'usine logicielle";;"10/07/2025 16:06";;;;;;"DP ROC";;b_poiron_ext;ROC-1443;j_kahn1;;;;Candidature;;;Mineur;;;;;;;;"*URL* :  [http://redhat.reserves2019.fr:2010/interne/admin/gestion-formations-premilitaires]

*Descriptif* :

Se connecter en tant qu'AF 

Aller sur le tableau de gestion des FPM

Filtrer sur les fpm fractionnée en sélectionnant ""oui""

*Résultat attendu* : 

Voir uniquement les fpm fractionnée

*Résultat obtenu :* 

On voit les fpm de fractionnées et non fractionnées

PI : Le filtre sur ""non"" est lui fonctionnel";;
598669;"01/20/2026 20:18";;"[Paramétrage] - Fil d'Ariane contient seulement l'accueil et pas de lien retour";;;"En attente de prise en compte dans l'usine logicielle";;"10/07/2025 16:06";;;;;;"DP ROC";;b_poiron_ext;ROC-1269;j_kahn1;;;;Paramétrage;;;Mineur;;;;;;;;"*Titre* : [Paramétrage] - Fil d'ariane contient seulement l'accueil

*Configuration* : PIC V5.2

*URLs* :

*Descriptif* :

Se connecter en tant qu'AF

Cliquer sur le bloc ""Paramétrage fonctionnel""

Cliquer sur un accordéon, ex : Je m'engage

Cliquer sur élément de l'accordéon ex : Délais

*Résultat attendu* : 

+Accueil+ > +Gestion+ > {+}Gérer les compte{+}s > +Paramétrage fonctionnel+ > Je m'engage - Délais

*Résultat obtenu :* 

Le fil d'Ariane contient que l'accueil et il n'y a pas de lien Retour pour revenir en arrière

!image-2025-02-26-12-31-00-987.png|width=778,height=381!

 

 ";;
598671;"01/20/2026 20:18";;"[FAQ] - Fil d'Ariane contient seulement l'accueil";;;"En attente de prise en compte dans l'usine logicielle";;"10/07/2025 16:06";;;;;;"DP ROC";;b_poiron_ext;ROC-1264;j_kahn1;;;;Communication;;;Mineur;;;;;;;;"*Titre* : [FAQ] - Fil d'ariane contient seulement l'accueil

*Configuration* : PIC V5.2

*URLs* : [https://roc-pic-intradef.fr.capgemini.com/interne/faq/bloc/1]

[https://roc-pic-intradef.fr.capgemini.com/interne/faq/3]

*Descriptif* :

Se connecter en tant que gestionnaire ou réserviste

Accéder à la FAQ

CAS 1 : 

Cliquer sur le bouton ""Voir plus de questions"" au niveau d'un bloc  ex : Questions Générales

CAS 2 : 

Cliquer sur une FAQ

*Résultat attendu* : 

CAS 1 : 

+Accueil+ > +Gestion+ >{+}Outils{+} > +FAQ+ > Questions Générales

CAS 2 : 

+Accueil+ > +Gestion+ >{+}Outils{+} > +FAQ+ > +Questions Générales+ > [TItre FAQ]

*Résultat obtenu :* 

Le fil d'Ariane contient que l'accueil

 

!image-2025-02-25-12-20-40-080.png!";;
598672;"01/20/2026 20:18";;"[Echanges] - Entre gestionnaires - Tag ""Nouveau"" et module en orange pour le gestionnaire qui envoit le message";;;"En attente de prise en compte dans l'usine logicielle";;"10/07/2025 16:06";;;;;;"DP ROC";;b_poiron_ext;ROC-1261;j_kahn1;;;;Echanges;;;Mineur;;;;;;;;"*Titre* : [Échanges] - Entre gestionnaires - Tag ""Nouveau"" et module en orange pour le gestionnaire qui envoie le message

*Configuration* : PIC V5.1

*Descriptif* :

Se connecter avec un gestionnaire

Cliquer sur le bloc fonctionnel ""Suivi des candidatures""

Cliquer sur un candidat

Cliquer sur le module ""Échanges entre gestionnaire""

Renseigner un commentaire

Cliquer sur Publier

*Résultat attendu* :

Retour sur le processus d'engagement du candidat

Message de succès :  Les informations ont été correctement enregistrées

Le module est en vert avec la date du jour.

*Résultat obtenu :* 

!image-2025-02-24-16-48-54-736.png!

 ";;
598682;"01/20/2026 20:18";;"[Export] - E-billets - AF -  Le fichier exporté contient moins de JDD qu'en BDD";;;"En attente de prise en compte dans l'usine logicielle";;"10/07/2025 16:06";;;;;;"DP ROC";;b_poiron_ext;ROC-344;j_kahn1;;;;Extraction;;;Mineur;;;;;;;;"h4. Description
*Titre* : [Export] - E-billets - AF -  Le fichier exporté contient moins de JDD quand BDD

*Configuration* : PIC 20.0.0

*Identifiant* :

AF

*URL* :  [https://roc-pic-intradef.fr.capgemini.com/interne/mes-deplacements/billets-archives]

*Descriptif* :

Avec l'AF, accéder à l'URL , cliquer sur Export des commandes archivées

*Résultat attendu* : 

Le nombre de lignes dans le fichier csv correspond au nombre de tuples dans la bdd

*Résultat obtenu* :

Le fichier exporté par l'AF contient 105 000 lignes.

Le tableau affiché dans l'onglet archive contient plus de 214 000 lignes";;
545732;"01/20/2026 20:18";;"[SSA] autorité militaire non conforme dans convocation";;;Nouveau;;"08/19/2025 18:36";;;;;;SSA;;c_dulaurans;;j_kahn1;AAE;;;Activités;;;;"Poste Intradef";;V5.4;"Délégataire du référent";;"Création d'une activité pour un réserviste d'une autre antenne médicale (même CMA) pour qu'il puisse effectuer sa formation initiale";;"L'activité a été créé par le délégataire (ISG2G Da Costa) du référent de l'echelon commandement du 02 CMA (CR1 Guillemin) pour qu'un réserviste du 02 CMA /157 AM effectue sa formation initiale dans à Fontenay sous bois. (voir export csv de l'activité). 
La convocation éditée indique que l'autorité militaire est le nom du référent de la 157 AM (Jessie Meraut) et non celui qui a créé l'activité (celui qui donne un ordre pour exécution), c'est à dire le référent de l'echelon commandement du 02 CMA, le CR1 Guillemin. Ce n'est pas conforme à l'action réalisée. 

Pour information, si un accident arrive à ce réserviste, la première action du contentieux sera de demander la convocation et prendront contact avec le nom de l'autorité militaire indiquée, la référente de la 157 AM qui ne comprendra pas car elle n'aura rien fait. 
Tout document transmis par l'administration (ici MINDEF) doit être conforme. Ce document pouvant être utilisé lors des recours. ";Majeur;"Export activité BEUREL_20250819.xlsx,Formation - 16-08-2025 09_27.pdf"
598180;"01/20/2026 20:18";;"Des RO1 ne recoivent pas la proposition d'activité (activité collective)";;;Nouveau;;"10/07/2025 14:24";;;;;;ADT;;j_saint_julien;;j_kahn1;;;;Activités;;;;"Poste Intradef";"https://reservistes.intradef.gouv.fr/interne/activites/designer/detail/2137544
https://reservistes.intradef.gouv.fr/interne/activites/designer/detail/2218446";V5.4,V4.20.0.5,V6.3.2;;;;"2137544 - 2218446";"Certains réservistes ne reçoivent pas les propositions d'activités collective.
";Majeur;"Beug PROD absence de réception de mail.msg"
550027;"01/20/2026 20:18";;"[SSA] - Flux ROx - RO1 en rejet mais toujours RO1 actif";;g.caffiery;"En cours d'analyse PO";;"08/27/2025 10:21";;;;;;SSA;;c_dulaurans;;j_kahn1;;;;Comptes;;;Mineur;"Poste Intradef";;;"Référent ; AO ; délégataire";;"Le flux ROx est téléversé dans ROC";;"Un RO1 est présent dans ROC avec une date de contrat se terminant à une date future.
Lors du téléversement, un RO1 est en rejet du fait d'une erreur (ex code CREDO non reconnu). Le fichier log indique la règle du rejet. Il n'a pas été téléversé.
le RO1 est toujours présent dans ROC comme RO1 actif mais ses données ne sont pas actualisées (nouvelle date fin contrat, date VMP, code CREDO, NPJA, NJAP, ....) 
Le gestionnaire n'est pas informé qu'une erreur est préente sur ce dossier. Il peut continuer à créer des activités alors que le NPJR est faux, contournant le bloquant sur le NPJR et induisant un rejet de l'activité lorsque l'ENARO sera signé. 

Proposition : si le RO1 est en rejet lors du déversement du flux ROx, même si la date de fin de contrat est > à la date du déversement, le RO1 doit être désactivé et être déplacé dans ""RO1 ancien"". Le gestionnaire sera informé d'une erreur et pourra effectuer les actions nécessaires pour le rétablissement de la situation. ";Majeur;
556544;"01/20/2026 20:18";;"Impossibilité de création de compte RO2";;;"En attente de prise en compte dans l'usine logicielle";"Impossibilité de création de compte RO2";"09/03/2025 15:34";;;;;;ADT;;j_saint_julien;ROC-2792;j_kahn1;;;;Comptes;;P1;Majeur;ISPT;;;RO2;;"Le candidat RO2 ne peut pas créer son compte bien qu'il ait déjà un précompte. Le message d'erreur est le suivant ""Votre pré-compte est déjà crée, vous serez informé de l'activation de votre compte RO2"" alors que normalement c'est le compte qui aurait dû être crée
Elle est présente dans la ""gestion des rejets RO2"" et dans ""réserviste RO2"".

";292083;"Dans le fichier des rejets RO2 lors de la validation le système indique que le NID et la date de naissance ne sont pas compatibles. "" La combinaison NID / date de naissance ne correspond à aucun réserviste en base de données.""
https://reservistes.intradef.gouv.fr/interne/admin/utilisateurs/ro2/afficher/rejets/292083";Majeur;"PROD BEUG PB création compte RO2.msg,rejet RO2 POGGIOLI Rébecca - message erreur.PNG,capture_compte_RO2_ID292083.docx"
592507;"01/20/2026 20:18";;"[ADT] Activité supprimmée (état 3) absente de ROC mais présente dans les flux";;;"En cours d'analyse AF";;"10/01/2025 10:08";;;;;;ADT;;j_saint_julien;;j_kahn1;;;;Activités;;;;"Poste Intradef";"https://reservistes.intradef.gouv.fr/interne/admin/activites/gestion-rejet/2660564 ";;;;"Une activité (id 19 dans la P.J) a été supprimée par l'AF (le code CREDO était fermée donc activité rejetée). Cet état 3 apparaît bien dans le flux activité (flux 1849). Hors dans l'extraction des activités de l'administré (espace qualité) cette activité est toujours en cours (ligne surlignée). 
Cette activité a été recrée a l'état 0. On a donc la même activité en état 0 sans message d'erreur du SI ROC.  ";2660564;;Majeur;"TR  beug Urgent  V6 3 2.msg,Flux Bador ticket 592507.docx"
608431;"01/20/2026 20:18";;"[SSA] -  Corps/Grades différents selon AF ou AADS";;;"Demande d'évolution à créer";"Problème gestion et création compte gestionnaire";"10/15/2025 17:53";640798;640798;;;;SSA;"bugs #640798";c_dulaurans;;j_kahn1;;;;Contrat;;;Mineur;"Poste Intradef";https://reservistes.intradef.gouv.fr/interne/utilisateurs/autorite/17260/modifier;v6.3.3;"delégataire AADS - SCA CRP Savarin";;"l'AADS SCA attribut le rôle d'ADR au CRC1(r) Loucougain ";13380;"Dans la fiche détaillée de l'utilisateur, le champ ""Corps"" et ""Grade"" ne sont pas renseignés alors qu'ils le sont dans la fiche détaillée utilisateur de l'AF. (Voir pj)";;ADR_affichage_utilisateur_non_conforme_20251015.docx
555584;"01/20/2026 20:18";;"[ADT] La désignation du CS par le référent entraine l'abandon de la candidature";;j_saint_julien;"En attente de réponse des AA";;"09/03/2025 10:37";;;;;;ADT;;j_saint_julien;;j_kahn1;ADT;;;Candidature;;;;"Poste Intradef";"https://reservistes.intradef.gouv.fr/interne/engager/engagement/processus-candidature/289408 

";;;;;;"Lorsque le référente désigne le correspondant sécurité d'un candidat sa candidature est abandonnée (aléatoire). 
Parfois lorsque le référent parviens à désigner ce CS, lorsque le CER revient validé, le référent retourne sur le bloque CER pour finaliser et alors sa candidature est abandonnée. 
Le compte du CS est actif. 

(Par ailleurs nous avons identifié également cette anomalie en V6 lors de la recette).";Bloquant;"PERTE DU CANDIDAT QUAND ON VALIDE LE CORRESPONDANT SECURITE.docx"
632419;"01/20/2026 20:18";;"[ADT] recrutement - la tuile CER ne passe ni au bleu ni au vert - bloque le recrutement";;j_saint_julien;"En attente de réponse des AA";"Anomalie fonctionnelle parcours Engagement";"11/04/2025 11:53";;;;;;ADT;;j_saint_julien;;j_kahn1;;;;Candidature;;;;"Poste Intradef";https://reservistes.intradef.gouv.fr/interne/engager/engagement/processus-candidature/243815/285959/297406;v6.3.3;;11/17/2025;;"243815; 285959; 297406";"Lors du recrutement de 3 candidats (dont les ID sont données ci-dessus) la tuile CER ne change pas d'état et ne passe ni au bleu ni au vert malgré les bonnes actions menées du CS et du référent. Ceci bloque le recrutement pour ces candidats. 

Aussi, pour ces 3 cas, les dossiers ont été supprimés.  

Vous avez les captures d'écrans des anciens dossiers ou tout est au vert sauf cette tuile. 
Après recherche du CC, le seul point commun entre ces dossiers semble être une réactivation de leur dossier par le candidat (pourquoi?).  ";Majeur;"tuile CER bloquée extraction candidats Données personnelles.docx,tuile CER bloquée capture écran candidats.docx"
556590;"01/20/2026 20:18";;"Absence de candidats recrutés dans le flux";;g.caffiery;"En cours d'analyse PO";;"09/03/2025 16:10";;;;;;ADT;;j_saint_julien;;j_kahn1;;;;Candidature;;P0;Majeur;"Poste Intradef";"https://reservistes.intradef.gouv.fr/interne/engager/engagement/processus-candidature/125851 ";;;;;"125851 ";"Ces candidats pour lesquels la candidature a été retenue, ne partent pas dans le flux ""candidat recrutés"". 

Autres candidats concernés :
https://reservistes.intradef.gouv.fr/interne/engager/engagement/processus-candidature/246317 
https://reservistes.intradef.gouv.fr/interne/engager/engagement/processus-candidature/255976 
https://reservistes.intradef.gouv.fr/interne/engager/engagement/processus-candidature/296101 
https://reservistes.intradef.gouv.fr/interne/engager/engagement/processus-candidature/296111 
https://reservistes.intradef.gouv.fr/interne/engager/engagement/processus-candidature/296467 
 https://reservistes.intradef.gouv.fr/interne/engager/engagement/processus-candidature/280737
https://reservistes.intradef.gouv.fr/interne/engager/engagement/processus-candidature/281291
";Bloquant;
648695;"01/20/2026 20:18";;"[E-billet] Export des commandes archivées";;;"En attente de prise en compte dans l'usine logicielle";;"12/01/2025 16:42";;;;;;"DP ROC";;b_poiron_ext;ROC-2821;j_kahn1;;;;E-billet;;;Majeur;;;;;;;;"*Identifiants / rôle :* 

DEL 2566 code CREDO 01BY000  121{^}E{^} régiment du train.

DEL 7378 code CREDO 0AQ8000 Commandement de l’appui de la logistique de théâtre

*Descriptif :*

Dans e-billet, Je souhaite exporter les commandes archivées.

*Résultat obtenu:*

Le fichier est exportable mais l'unité correspondante au DEL n'est pas présente dans le fichier alors que d'autres unités sont affichées.

*Résultat attendu:*

Le fichier est exportable avec l'unité correspondante au DEL présente dans le fichier.";;
648702;"01/20/2026 20:18";;"[Comptes] Création de compte RO2";;;"En attente de prise en compte dans l'usine logicielle";;"12/01/2025 16:42";;;;;;"DP ROC";;b_poiron_ext;ROC-2792;j_kahn1;;;;Comptes;;;Majeur;;;;;;;;"*Identifiants / rôle :* 292083 / RO2 - AF / 4512

*Descriptif :*

L'adresse e-mail du RO2 est déjà présente et confirmée dans son compte RO2 alors que ce dernier n'est pas encore activé par l'intéressé lui-même (absence de pseudo).

Avec un compte AF, l'adresse e-mail est grisée, elle ne peut pas être supprimée ou modifiée, quand bien même le bouton ""Vadider"" est absent.

*Résultat obtenu:*

Le candidat RO2 ne peut pas créer son compte bien qu'il ait déjà un précompte. 

*Résultat attendu:*

Le candidat RO2 peut créer son compte.";;
648715;"01/20/2026 20:18";;"[ACTIVITE] Exportation fichier historique des rejets";;;"En attente de prise en compte dans l'usine logicielle";;"12/01/2025 16:42";;;;;;"DP ROC";;b_poiron_ext;ROC-2731;j_kahn1;;;;Extraction;;;Mineur;;;;;;;;"*URL :* [https://reservistes.intradef.gouv.fr/interne/admin/activites/recherche-rejet-id-flux] 

*Identifiants / rôle :* 4512 / AF

*Descriptif :*

Activités, puis gestion des rejets.

Cliquer sur le bouton ""Exporter l'historique des rejets""

*Résultat obtenu:*
Soit, une erreur s'affiche ""Fichier introuvable"".

Soit, un fichier csv est téléchargé mais les colonnes sont vides.

*Résultat attendu:*

Un fichier csv est téléchargé avec les colonnes remplies.";;
648787;"01/20/2026 20:18";;"Invalidation du cache des compteurs des activités";;;"En attente de prise en compte dans l'usine logicielle";;"12/01/2025 16:42";;;;;;"DP ROC";;b_poiron_ext;ROC-2334;j_kahn1;;;;;;;Mineur;;;;;;;;"Lors de tests côté MOE, il apparait que sur la v6.3.2 dans certains cas les compteurs se décorrèlent du résultat, ils auraient du être invalidés lors d'une action et ne l'ont pas étés.
Exemple :

Je suis connecté en tant que référent, j'ai 26 à convoquer au compteur de l'onglet, 26 résultats dans le tableau.

Je clique sur la première activité à convoquer, puis je la valide (convoquer), elle n'est donc plus dans la liste. 25 dans la liste des à convoquer, toujours 26 au compteur. Devrait être 25-25.

Techniquement l'appel à l'invalidation n'a pas été mis dans InscriptionActiviteController :: validationInscriptionActivite. Peut-être a-t'il aussi été oublié ailleurs ?

A conduire :
 * lister les cas où les compteurs nécessitent d'être invalidés
 * vérifier également le temps de conservation du cache des compteurs
 * Ajouter les cas manquants
 * Bonus : Transformer l'appel au service injecté serviceGestionActivite par un événement levé (ListeActiviteModifiee) dont le handler prend en charge l'appel au service d'invalidation du cache pour le nettoyage.

 ";;
648861;"01/20/2026 20:18";;"[Alerte immédiate] incohérence d'IHM entre messages d'erreurs et boutons grisés";;;"En attente de prise en compte dans l'usine logicielle";;"12/01/2025 16:42";;;;;;"DP ROC";;b_poiron_ext;ROC-1937;j_kahn1;;;;Alertes;;;Mineur;;;;;;;;"|   *Ticket JIRA N°*| |
|   *Environnement/ Version*|PPROD V4.20.0.5|
|   *Titre de l'anomalie*|Message d'erreur non cohérence avec l'IHM sur une Alerte immédiate à l'étape 1|
|   *Url*|[https://pprod-reservistes.intradef.gouv.fr/interne/alertes/creation/13/edition]|
|   *Acteur*|AF,|
|   *Identifiants*|*4512_utilisateur;* |
|   *Mot de passe*|Azertyuiop44!!!|
|   *Anomalie*|Majeur|
|   *Configuration*|Poste INTRADEF FIREFOX|
|   *Bloc*|Alerte|
|   *description*|Lors de la saisie d'une Alerte immédiate ci-jointe, il y a un blocage de l'IHM avec ce message d'erreur incohérence avec l'IHM puisque les champs mentionnés sont grisés et inaccessibles 
 
 * Vous devez renseigner le champ « Ville et code postal » ou « Coordonnées GPS du lieu de regroupement » si vous ne ciblez pas par l'unité d'appartenance du réserviste.


 
 
|
|   *Résultat attendu*|L'IHM doit restée cohérente entre les messages d'erreurs et les champs accessibles|
|   *Copies d'écran*| |";;
648862;"01/20/2026 20:18";;"[Activité]- Problème dans l'export des activités ";;;"En attente de prise en compte dans l'usine logicielle";;"12/01/2025 16:42";;;;;;"DP ROC";;b_poiron_ext;ROC-1932;j_kahn1;;;;Activités;;;Majeur;;;;;;;;"URL: [https://pprod-reservistes.intradef.gouv.fr/]

se connecter avec un AF 4512_utilisateur

1.cliquer sur le bloc activité 

2. cliquer sur Export 

3. Attendre le téléchargement du fichier. 

Résultat obtenu : erreur gateway time out 

Résultat attendu : un fichier CSV. ";;
648898;"01/20/2026 20:18";;"Erreur 406 lors d'une connexion MDC PROD";;;"En attente de prise en compte dans l'usine logicielle";;"12/01/2025 16:42";;;;;;"DP ROC";;b_poiron_ext;ROC-1609;j_kahn1;;;;Connexion;;;Mineur;;;;;;;;"[2025-04-29 10:49:08] app.CRITICAL: [ErreurWS] [406] Erreur serveur sur ""GET /in/ressources-humaines/roc-synchro/v7/api/utilisateurs"" | \{ ""fault"":{""http"":406,""message"":""Not Acceptable"" description=""This request was blocked by the security rules server""}                             } | Parametres : type=ro1  ";;
648929;"01/20/2026 20:18";;"Saisie heure - Prise rendez-vous";;;"En attente de prise en compte dans l'usine logicielle";;"12/01/2025 16:42";;;;;;"DP ROC";;b_poiron_ext;ROC-1306;j_kahn1;;;;Candidature;;;Mineur;;;;;;;;"|*Ticket JIRA N°*| |
|   *Environnement/ Version*|PPROD V4.20.0.5|
|   *Titre de l'anomalie*|Saisie heure - Prise rendez-vous|
|   *Url*|[https://pprod-reservistes.intradef.gouv.fr/interne/login|https://pprod-reservistes.intradef.gouv.fr/afficher-validation/221865/contrat/167917/token/865bd8cf6732a48fe6a3978cb2cd1310]
 |
|   *Acteur*|REF|
|   *Identifiants*|*3028_utilisateur*        |
|   *Mot de passe*|Azertyuiop44!!!|
|   *Anomalie*|Majeur|
|   *Configuration*|Poste INTRADEF FIREFOX ET EDGE|
|   *Bloc*|Engagement |
|   *description*|plage horaire n'apparait pas
mais saisie possible heure|
|   *Résultat attendu*|date et heure|
|   *Copies d'écran*| |";;
648936;"01/20/2026 20:18";;"Poste(Ab initio)/modifier un champs";;;"En attente de prise en compte dans l'usine logicielle";;"12/01/2025 16:42";;;;;;"DP ROC";;b_poiron_ext;ROC-1295;j_kahn1;;;;Emploi;;;Mineur;;;;;;;;"|   *Ticket JIRA N°*| |
|   *Environnement/ Version*|PPROD V4.20.0.5|
|   *Titre de l'anomalie*|Poste(Ab initio)/modifier un champs|
|   *Url*|[https://pprod-reservistes.intradef.gouv.fr/interne/login|https://pprod-reservistes.intradef.gouv.fr/afficher-validation/221865/contrat/167917/token/865bd8cf6732a48fe6a3978cb2cd1310]
 |
|   *Acteur*|AF, REF |
|   *Identifiants*|*4512_utilisateur ;*|
|   *Mot de passe*|Azertyuiop44!!!|
|   *Anomalie*|Mineur|
|   *Configuration*|Poste INTRADEF FIREFOX ET EDGE|
|   *Bloc*|Gestion des emplois|
|   *description*| 
Champs ""GRADE"" obligatoire pour du Ab initio |
|   *Résultat attendu*|Le rendre optionnel et lié à la complétion du champs ""GRADE SOUHAITE""|
|   *Copies d'écran*|!image-2025-03-07-14-21-27-803.png!|";;
648950;"01/20/2026 20:18";;"[Activité] - Défaut d'affichage message d'erreur - pop-up justification";;;"En attente de prise en compte dans l'usine logicielle";;"12/01/2025 16:42";;;;;;"DP ROC";;b_poiron_ext;ROC-1260;j_kahn1;;;;Activités;;;Mineur;;;;;;;;"*Titre* : [Activité] - Défaut d'affichage message d'erreur - pop-up justification

*Configuration* : PIC V5.1

*URL* : 

*Descriptif* :

Se connecter avec un RO2 qui a une activité proposée

Cliquer sur l'activité

Cliquer sur le bouton ""Je refuse la convocation""

Cliquer sur le bouton ""Valider""

*Résultat attendu* : 

Message d'erreur en rouge sous le(s) champ(s) concerné(s)  

*Résultat obtenu :* 

Message en noir affiché en contrôle de saisie :

!https://jira-ci.fr.capgemini.com/jira/plugins/servlet/raven/attachment/76541/screenshot-1.png!

 ";;
590000;"01/20/2026 20:18";;"[SSA] -  libellé grade non conforme avec l'abregé.";;;"En attente de prise en compte dans l'usine logicielle";"Problème gestion et création compte gestionnaire";"09/26/2025 16:31";;;;;;SSA;;c_dulaurans;ROC-2889;j_kahn1;;;;Comptes,Activités;;P3;Mineur;"Poste Intradef";"Libellé grade non conforme : https://reservistes.intradef.gouv.fr/interne/autorite-signataire/modifier/39035
Libellé grade conforme : https://reservistes.intradef.gouv.fr/interne/admin/utilisateurs/gestionnaires/8935/modifier";V6.3.2;;;"Le MP Patey est déclaré ATS pour la DIASS Nouvelle Calédonie. ";;"Dans gestion des ATS du référent de la DIASS Nouvelle calédonie, le libellé du grade n'est pas conforme. Dans le SSA MP correspond à médecin principal alors que dans la MN, MP correspond à maitre principal. 
Dans gestion des utilisateurs, le MP Patey, le libellé du grade est bien médecin principal.";;"ATS _MP_libelle non conforme_20250926.png,ROC_utilisateur MP_libelle conforme ATS Patey 2_20250926.png,ROC_utilisateur MP_libelle conforme ATS Patey_20250926.png,ATS grade.docx"
534764;"01/20/2026 20:18";;"Problème affichage des tuiles recrutement pour un candidat - tuiles en double";;j_pelletier6;"En attente de prise en compte dans l'usine logicielle";;"07/30/2025 09:55";;;;;;ADT;;j_saint_julien;ROC-2892;j_kahn1;;;;Candidature,Communication;;;Mineur;"Poste Intradef";https://reservistes.intradef.gouv.fr/interne/engager/engagement/processus-candidature/293664;;;;;293664;"Les tuiles du parcours recrutement apparaissent en double pour ce candidat. 
Je n'ai pas réussi à le joindre pour savoir si les tuiles fonctionnaient tout de même. ";Majeur;"PB affichage candidat  tuleap .msg,Annotation 2025-11-12 162106.Logan_Hosner3.png,capture_ecran_candidat_referent_534764.docx"
650157;"01/20/2026 20:18";;"Pb CRON roc:gestion:log";;;"En attente de prise en compte dans l'usine logicielle";;"12/02/2025 15:42";;;;;;"DP ROC";;b_poiron_ext;ROC-2887;j_kahn1;;;;Env.;;;Majeur;;;v7.4.3;;;;;"Message reçu dans la boite technique : 

Il y a eu un problème lors du traitement du CRON : roc:gestion:log ";;
650160;"01/20/2026 20:18";;"Pas de purge / archivage des logs des cron";;;"En attente de prise en compte dans l'usine logicielle";;"12/02/2025 15:42";;;;;;"DP ROC";;b_poiron_ext;ROC-2805;j_kahn1;;;;Env.;;;Majeur;;;v7.4.3;;;;;"Les logs des crons (il me semble dans le /var) ne sont jamais supprimés ou archivés.

Ainsi les logs sont présents depuis le mois d'avril (date de création des nouvelles VM suite migration C1NP). Cela représente environ 350 Mo de logs.

Nous sommes obligés de surveiller continuellement pour éviter la saturation et de faire du vide à la main.

=> Demande de mise en place d'un mécanisme de purge/ archivage des logs des cron";;
652899;"01/20/2026 20:18";;"[Communication] Erreur page d'accès après clic sur un lien contenu dans un message ROC reçu par un RO1 (Communication massive)";;;"En attente de prise en compte dans l'usine logicielle";;"12/04/2025 12:24";;;;;;AF;;a_galleyn;ROC-2926;j_kahn1;AF;;;Communication;;;Mineur;"Poste Internet";https://www.reservistes.defense.gouv.fr/accueil;v4.7.3;RO1;;"Réception d'un mail automatique émis par ROC à l'adresse d'un RO1. Ce mail contient un lien hypertexte";;"Après avoir cliqué sur le lien contenu dans le mail reçu par le RO1, la page qui s'affiche ne correspond pas à la cible : module ""communication"" du compte du RO1 qui a reçu le mail.
Affiche de la page ""création d'un compte"" avec message d'erreur indiquant : l'accès à la page demandée n'est pas autorisé.";Mineur;"20251203 Mail auto urgent roc contenant lien.docx,Capture d'écran 2025-12-03 résultat page après clic sur lien.png"
585386;"01/20/2026 20:18";;"[SSA] renouvellement contrat impossible si limite d'âge dans 1 an";;l_lodigiani_dechamp;"Demande d'évolution à créer";contrat;"09/23/2025 09:42";;;;;;SSA;;g_gay3;;j_kahn1;;;;Contrat,Communication;;;Majeur;"Poste Intradef";;V5.4;"Délégataire ADR";;"Le RO1 arrive en fin de contrat le 05/01/2026. Le délégataire ADR souhaite initier le renouvellement de contrat par ROC.
Le RO1 est né le 02/01/1955";"Del ADR : 14493 et RO1 : 7900";"Dans le module contrat, le dossier du RO1 affiche ""la limite d'âge est dépassée, vous ne pouvez pas renouveler ce contrat"".
Attendu : possibilité de renouveler ce contrat pour une durée de 1 an, jusqu'à la limite d'âge du réserviste, donc du 06/01/2026 au 02/01/2027";Bloquant;"Renouvellement contrat limite age.msg,renouvellement contrat moins d'un an.docx"
650388;"01/20/2026 20:18";;"[MN] Extraction volontaire";;;"Demande d'évolution à créer";"vivier des volontaires";"12/02/2025 17:31";;;;;;MN;;g_bota;;j_kahn1;;;;Volontariat;;;Mineur;"Poste Intradef";;v7.4.3;Référent;;;;"L'extraction après sélection du module gestion des volontaire n'est pas exploitable. 
Le fichier généré ne comporte pas les champs adresse mail, numtel, adresse";;"Capture d'écran extract volontaires (1).png,2025_11_28_14h24_export_volontaires_candidats (1).csv,2025_12_04_15h53_export_volontaires_candidats.csv"
645607;"01/20/2026 20:18";;"[AAE]ROLE : pb fonctionnement paramétrage fonctionnel";;;"En attente de prise en compte dans l'usine logicielle";"Problème gestion et création compte gestionnaire";"11/26/2025 10:57";;;;;;AAE;;s_caumond;ROC-2931;j_kahn1;;;;Droits;;;Majeur;"Poste Intradef";https://reservistes.intradef.gouv.fr/interne/ao/parametrage/code-imputation/modifier;v7.4.3;AO;;"- accès bloc PARAMETRAGE FONCTIONNEL
_ Activer le bloc alerte ==> sélection OUI
- Valider";17329;"Quand on revient sur le bloc, impossible de modifier les blocs modifiés initialement, tout est grisé.";Majeur;"AO_bloc fonctionnel.PNG,Pramétrage fonctionnel.docx"
598165;"01/20/2026 20:18";;"Impossibilité de se connecter à son compte ATS et REF";;j_pelletier6;"En attente de prise en compte dans l'usine logicielle";"Problème de connexion";"10/07/2025 14:12";;;;;;ADT;;j_saint_julien;ROC-2934;j_kahn1;AAE;;;Comptes;;;Mineur;"Poste Intradef";https://reservistes.intradef.gouv.fr/interne/admin/utilisateurs/gestionnaires/18403;;;;"Un gestionnaire ne peut pas se connecter à szon compte (il n'y a pas eu de changement de mot de passe). 
Solution trouvée : réinitialisation. 
Ce n'est pas un cas isolé (déjà une dizaine de cas pour l'armée de Terre. ";18403;Un;Majeur;"beug PROD V6 impossible de se connecter à son compte .msg,Compte ATS  réactivation et réinitialisation.docx,2025_11_26_14_03_46_.png,Mot de passe.docx"
662627;"01/20/2026 20:18";;"[AAE] ACTIVITE : creation activité 2026 avec code fermé en 2025";;s_caumond;"En attente de réponse des AA";"Anomalie fonctionnelle Activités";"12/17/2025 11:47";;;;;;AAE;;s_caumond;;j_kahn1;;;;Activités;;;Majeur;"Poste Intradef";;V7.5.1;REF;;"Création d'une activité pour janvier 2026 avec code activité 865 qui est fermé au 31/12/2025";;"Activité en erreur dans le SI RH : erreur code activité ";Bloquant;
645519;"01/20/2026 20:18";;"[AAE]RECRUTEMENT : incohérence entre remontées BDD des différents tableaux de bord";;;"En attente de prise en compte dans l'usine logicielle";"vivier des volontaires";"11/26/2025 10:19";;;;;;AAE;;s_caumond;ROC-3010;j_kahn1;ADT;;;Emploi,Candidature;;P3;Mineur;;https://reservistes.intradef.gouv.fr/interne/processus-engagement;v7.4.3;AF;;"Analyse de la volumétrie des candidats et volontaire dans les 2 tableaux de bords possible :
- suivi de l'engagement
- suivi des volontaires et candidats

EX : 
Parcours volontaire/candidat : 
- présence de AMRAOUI Hakim (candidat : oui)
- clic sur nom ==>https://reservistes.intradef.gouv.fr/interne/engager/engagement/processus-candidature/35968
- La candidature a été refusée ou abandonnée le 17/01/2019

Suivi candidature/processus engagement
- https://reservistes.intradef.gouv.fr/interne/processus-engagement
- pas de AMRAOUI

Sorties processus :
- Autres sorties : ok présent


";584;"<p>1/ https://reservistes.intradef.gouv.fr/interne/admin/sortie-processus-autre-sortie</p>

<p>Dans tableau de bord :</p>

<ul>
	<li>autres sorties : 66 918 noms</li>
	<li>non retenus : 580 noms</li>
	<li>retenus : 23 447 noms soit un total de 90 445 personnes</li>
</ul>

<p>2/ <a href=""https://reservistes.intradef.gouv.fr/interne/processus-engagement"">https://reservistes.intradef.gouv.fr/interne/processus-engagement</a> Suivi des engagements : 58 057 noms</p>

<p>3/ <a href=""https://reservistes.intradef.gouv.fr/interne/suivi-volontaires-candidats"">https://reservistes.intradef.gouv.fr/interne/suivi-volontaires-candidats</a></p>

<p>Aucun filtre s&eacute;lectionn&eacute;</p>

<p>Suivi volontaires/candidatures : 127 933 noms r&eacute;partis : 92 144 volontaires / 35 789 candidats</p>

<p>QST : d&#39;o&ugrave; vient la distorsion de r&eacute;sultat chiffr&eacute; ???</p>
";Mineur;"VOL_CAN_AMRAOUI.PNG,Nombre volontaires et candidats.docx"
648855;"01/20/2026 20:18";;"DEL : ne pas afficher de messages d'erreur lors de la consultation des disponibilités par période";;;"En attente de prise en compte dans l'usine logicielle";;"12/01/2025 16:42";;;;;;"DP ROC";;b_poiron_ext;ROC-1959;j_kahn1;;;;Calendrier;;;Mineur;;;;;;;;"*Titre* : DEL - affichage des disponibilité par période message d'erreur par défaut

*Configuration* : PPROD v5.4.1 DR interne/login

*URL* : [https://pprod-reservistes.intradef.gouv.fr/interne/calendrier/disponibilites-periode]

{*}Rôle : DEL{*}{*}{{*}}

*Identifiant :*  6752_utilisateur.
MDP : Azertyuiop44!!!

*Descriptif* :

Lorsque le délégataire arrive sur cette URL un message d'erreur apparait sur les dates alors qu'il n'a pas encore saisi de date

 

*Résultat attendu* : 

Le délégataire lorsqu'il consulte les disponibilités par période ne pas afficher de message d'erreur sur les dates (par défaut)

 

*Résultat obtenu :* 

Le délégataire lorsqu'il consulte les disponibilités par période voit apparaitre dans tous les cas un message d'erreur sur les dates";;
566014;"01/20/2026 20:18";;"[AAE] Msg technique : prêt de personnel - pas de boite de dialogue ""Accepter/Refuser""";;c_frederic;Nouveau;;"09/10/2025 09:19";;;;;;AAE;;s_caumond;ROCDC1-3116;j_kahn1;ADT;;;Activités;;;;"Poste Intradef";;"Version du portail : v5.4.4";"REFD/DEL REF ";;"REF ou DEL REF unité EMPRUNTEURE réalise une création d'activité d'un personnel d'une unité tierce.
Envoi du message de sollicitation
Réception d'un mail par le REF ou DEL REF de l'unité PRETEUSE";;"Mail indiquant que le réfé ou DEl REF à 96h pour accepter ou refuser la demande d'emprunt du personnel, mais il n'y a aucun lien ou bouton d'action pour faire cette tâche.

Il faut ouvrir la PJ pour connaitre l'adresse mail du POC pour accepter ou pas la demande.";Majeur;"pret personnel.PNG,Personnel emprunté.docx"
662311;"01/20/2026 20:18";;"Impossibilité de modifier la date de rendez-vous";;j_saint_julien;"En attente de réponse des AA";;"12/17/2025 09:56";;;;;;ADT;;j_saint_julien;;j_kahn1;;;;Candidature;;;;;https://www.reservistes.defense.gouv.fr/interne/processus-candidature/candidature/26523/etape/prise-rdv;;référent;;"Test avec le compte AF. Mêmes conclusions. ";26523;"La modification de la date et heure du rendez-vous de ce candidat n'est pas possible. ";Majeur;Date1_de_rdv.docx
598027;"01/20/2026 20:18";;"AF/NP - RC500  lors d’une recherche de rejet réserviste par NID inexistant";;;"En attente de prise en compte dans l'usine logicielle";;"10/07/2025 12:13";;;;;;"DP ROC";;b_poiron_ext;ROC-2196;j_kahn1;;;;Activités;;;Majeur;;;;;;;;"*Titre* : AF/NP - RC500 – lors d’une recherche de rejet réserviste par NID inexistant

*Configuration* : Production NP sans ISPT

*URL* : [https://roc-front-np-pre.picsel.defense.gouv.fr/interne/admin/activites/recherche-rejet-reserviste]

*Identifiant :* AF / NP 4512_utilisateur.roc@getnada.com

*Descriptif* :
 # Connexion AF PROD NP : [https://roc-front-np-pre.picsel.defense.gouv.fr/interne/accueil-choix-bloc]
 #    [https://roc-front-np-pre.picsel.defense.gouv.fr/interne/admin/activites/recherche-rejet-reserviste]
 #  Renseigner un ro1 avec NID inexistant 8888888888
4.    Rechercher : NOK page de maintenance à cette URL ci-dessous
[https://roc-front-np-pre.picsel.defense.gouv.fr/interne/admin/activites/gestion-rejet-increment-id-flux/03]

État 500
Internal Server Error
VersionHTTP/1.1
Transfert66,56 Ko (taille 66,12 Ko)
Politique de référentstrict-origin-when-cross-origin
Priorité de la requêteHighest
Résolution DNSSystème

HTTP/1.1 500 Internal Server Error
Date: Mon, 11 Aug 2025 07:45:52 GMT
Server: Apache/2.4.37 (Red Hat Enterprise Linux) OpenSSL/1.1.1k
Vary: Accept
Cache-Control: max-age=0, must-revalidate, private
Expires: Mon, 11 Aug 2025 07:45:52 GMT
Strict-Transport-Security: max-age=31536000
X-Content-Type-Options: nosniff
X-Frame-Options: sameorigin
Connection: close
Transfer-Encoding: chunked
Content-Type: text/html; charset=UTF-8

En mode DEBUG dans le code il est noté ""L'uid fourni est erroné (mauvais format) !""

 
+*Résultat attendu* :+ 
Avoir un message fonctionnel précisant le problème

 

+*Résultat obtenu :*+
{+}Page d'erreur 500



+*Remarque:*+ 
Problème également en production v5.4.4";;
527948;"01/20/2026 20:18";;"[candidat] : erreur lors de la validation suite au téléversement du fichier autorisation_parentale_PA.pdf";;;"En attente de prise en compte dans l'usine logicielle";;"07/17/2025 15:21";;;;;;"DP ROC";;b_poiron_ext;ROC-1968;j_kahn1;;;;Candidature;;;Majeur;;;V5.4.1;;;;;"*Titre* : [candidat] : erreur lors de la validation suite au téléversement du fichier autorisation_parentale_PA.pdf

*Configuration* : PPROD v5.4.1 NP full internet

*URL* : [https://pprod-reservistes.cloud.defense.gouv.fr/] 

*Identifiant :* 

Candidat : alexandre.courreur

*Descriptif* :

1. Sur une candidature avec bloc sécurité a remplir
2. cliquer sur le bloc sécurité

[https://pprod-reservistes.cloud.defense.gouv.fr/candidat/processus-candidature/etape/verification-securite]

3. cliquer sur CER : OK le CER.pdf est téléchargé
4. cliquer sur autorisation parentale : OK le fichier autorisation_parentale_Philipito_Albert.pdf est téléchargé

5. Remplir les CER et autorisation parentale : OK
6. Téléverser le fichier rempli CER.pdf : OK

7. Téléverser le fichier autorisation_parentale_Philipito_Albert.pdf : {*}{color:#de350b}NOK un message d'erreur apparait : ROC-1966
{color}{*}{color:#172b4d}8. Patienter 3 heures
9. Téléverser le fichier autorisation_parentale_PA.pdf : OK
10. Valider : NOK une erreur s'est produite le 30 juin 2025 à 18h20{color}

 

*Résultat attendu* : 
Le candidat devrait pouvoir valider l'étape de vérification sécurité sans rencontrer d'erreur

 

*Résultat obtenu :* 

Suite au bug ROC-1966, le candidat continue son scénario 3 heures plus tard et rencontre un message d'erreur ""une erreur s'est produite"" suite au téléversement d'un bon fichier lors de la validation de l'étape de sécurité

 ";;
527950;"01/20/2026 20:18";;"[candidat] : une erreur s'est produite lors de la modification de la date de naissance en 01/01/2008 et validation";;;"En attente de prise en compte dans l'usine logicielle";;"07/17/2025 15:21";;;;;;"DP ROC";;b_poiron_ext;ROC-1965;j_kahn1;;;;Candidature;;;Majeur;;;V5.4.1;;;;;"'+*Titre* :+ Lors de la modification de données personnelles le message ""une erreur s'est produite"" apparait

*Configuration* : PPROD V.5.4.1

+*Identifiant* :+

[albert.philipito.roc@getnada.com|mailto:albert.philipito.roc@getnada.com]
Azertyuiop44!!!

[https://pprod-reservistes.intradef.gouv.fr/interne/mes-contrats/reserviste/60093]

 

+*Descriptif* :+
1. Nouvelle candidature avec nouveaux comptes
2. connexion
3. Engagement
4. Modifier données personnelles 
5. Changement date de naissance en 01/01/2008
6. Valider NOK : message ""une erreur s'est produite"" apparait

=> impossible ensuite de réussir a valider les données personnelles


+*Résultat attendu* :+

On doit pouvoir valider les données personnelles dans erreur du type ""une erreur s'est produite""



+*Résultat obtenu* :+

Le 30/06/2025 a 10h06 le message ""une erreur s'est produite"" apparait";;
527942;"01/20/2026 20:18";;"[Candidature] -Problème sur le parcours candidat mineur ";;;"En attente de prise en compte dans l'usine logicielle";;"07/17/2025 15:21";;;;;;"DP ROC";;b_poiron_ext;ROC-1977;j_kahn1;;;;Candidature;;;Mineur;;;V5.4.1;;;;;" 

https://pprod-reservistes.cloud.defense.gouv.fr/choix-profil-connexion

Candidat : 872_utilisateur@getnada

 Azertyuiop44!!!

https://reservistes.intradef.gouv.fr/interne/login
AF : 4512_utilisateur/URL 
CS : 7772_utilisateur 
MdP (par défaut) : Azertyuiop44!!!


Etape 4 : Bouton pour téléverser le CER non optionnel !
Il y a en plus le bouton pour téléverser l’autorisation parentale (obligatoire, car mineur ici).
Etape 8 : PB d’ouverture du CER dans Documents
Etape 13 : le CS ne peut pas ouvrir le CER, page non trouvée, erreur 404 (environnement PPROD ?)
Autre problème : téléversement du certificat VM civile effectif par le candidat et mentionné non téléversé dans la tuile VM civile de l'AF.";;
527999;"01/20/2026 20:18";;"[IHM] Centralisation de besoin de messages d'erreur: assistance à l'utilisateur pour résoudre un problème";;;"En attente de prise en compte dans l'usine logicielle";;"07/17/2025 15:21";;;;;;"DP ROC";;b_poiron_ext;ROC-1811;j_kahn1;;;;Connexion;;;Mineur;;;V5.4;;;;;"Pour visibilité d'implémentation de message d'erreurs dans l'IHM, ci-dessous quelques proposition à enrichir

+*Cas1 :*+ ROC-2023 : Connexion: l'officier sécurité essaie à plusieurs reprises de se connecter sans succès, aucune indication sur le nombre de tentatives restantes avant blocage du compte (ce problème doit être indépendant du rôle)

+*Cas2 :*+ ROC-2048 : Connexion : Suite au cas n°1 le compte devient bloqué mais l'IHM de connexion ne précise aucune indication fonctionnelle

+*Cas3 :*+ Connexion : Si déphasage entre email MDC v2 et ROC l'IHM n'aide pas l'utilisateur a résoudre son problème

+*Cas4 :*+ Connexion : Si déphasage entre mot de passe MDC v2 et ROC l'IHM n'aide pas l'utilisateur à résoudre son problème

+*Cas5:*+ ROC-2023 : Connexion: gestionnaire DR avec mauvais mot de passe: aucun message aidant à la résolution du problème

*+Cas6:+* ROC-1851 : [candidat] : absence de message d'erreur sur la case à cocher des mesures d'attractivités non validée

+*Cas7:*+ ROC-1782 : [candidat] : préciser un message d'erreur fonctionnel dans le cas de la requalification en tant que spécialiste par le REF au lieu d'une Erreur 500. (Exemple ""Votre candidature a été abandonnée. Votre compte n'existe plus : pour plus de précision veuillez vous rapprocher de xxxxxxxxxx"")

+*Cas8:*+ ROC-1954 : [Export] IHM incohérence de message d'erreur sur un export d'activité avec erreur de date

+*Cas9:*+ ROC-1961 : [Alerte] Erreur lors de la publication d'une pré-alerte sans aide IHM à la résolution du problème

+*Cas10:*+ ROC-1970 : Orienter l'utilisateur lorsqu'il rencontre une page blanche suite a un refresh-token

+*Cas11:*+ ROC-1980 : [Unité] IHM : le champ en erreur sur un numéro de téléphone n'est pas précisé

+*Cas12:*+ ROC-2007 : [IHM]  DR - Création de compte référent - Message Le jeton CSRF est invalide. Veuillez renvoyer le formulaire. 

*+Cas13+* ROC-2005 : Indiquer un message fonctionnel du type ""La commande de e-billet est temporairement indisponible, veuillez réessayer ultérieurement"" lors d'une communication en échec avec Tacite

*+Cas14:+* ROC-2017 : [communication] - le gestionnaire ne voit pas l'erreur signalée lors de la validation suite à une erreur non visible";;
527978;"01/20/2026 20:22";;"[Droits] Création d'un CS - l'autocomplétion du grade ne fonctionne pas";;;"En attente de prise en compte dans l'usine logicielle";;"07/17/2025 15:21";;;;;;"DP ROC";;b_poiron_ext;ROC-1904;j_kahn1;;;;Droits;;;Bloquant;;;V5.4.1;;;;;"*Titre* : [Droits] Création d'un CS - l'autocomplétion du grade ne fonctionne pas 

*Configuration* : PProd V.5.4.1

*Identifiant* :

REF : 3434_utilisateur

*Descriptif :* En tant que gestionnaire, je clique sur gestion -> correspondant de sécurité -> créer un correspondant de sécurité -> je rentre les premières lettres d'un grade connu (col pour colonel) 

*Résultat attendu :* Un menu déroulant apparait me proposant Colonel bien formatté 

*Résultat obtenu :* Je peux rentrer n'importe quel grade et valider";;
527906;"01/20/2026 20:22";;"[Contrat] - Erreur 500 ou fichier introuvable au téléchargement du renouvellement de contrat";;;"En attente de prise en compte dans l'usine logicielle";;"07/17/2025 15:21";;;;;;"DP ROC";;b_poiron_ext;ROC-2042;j_kahn1;;;;Contrat;;;Mineur;;;V5.4.4;;;;;"Titre: [Contrat] - Erreur 500 ou fichier introuvable au téléchargement du renouvellement de contrat

Configuration: PICSEL v5.4.4 DR

URL: [https://roc-front-dr-pre.picsel.defense.gouv.fr/interne/mes-contrats/reserviste/20468/export-avis-reconduction/28020]

Identifiants / rôle : REF
REF: 2111_utilisateur 
Mot de passe qJe9#Y+tX!6fX51<

Descriptif :
 # REF / DR : connexion
 # Contrat/mobilité / a renouveler : [https://roc-front-dr-pre.picsel.defense.gouv.fr/interne/mes-contrats/liste-reservistes/contrats-a-renouveler]
 # Editer un contrat de reserviste : [https://roc-front-dr-pre.picsel.defense.gouv.fr/interne/mes-contrats/reserviste/193436]

h1. Contrat de Navarrate Blair

4. Telecharger export avis de reconduction
[https://roc-front-dr-pre.picsel.defense.gouv.fr/interne/mes-contrats/reserviste/20468/export-avis-reconduction/28020]


*+Résultat obtenu:+*
Erreur 500 lors d'une tentative de téléchargement de
Ou alors parfois fichier introuvable
=> sous entendu il y a différents cas de figures fonctionnels (hypothèses : document existant mais probleme de téléchargement, document inexistant et donc impossible a télécharger)



*+Résultat attendu:+*

En cas de document présent télécharger le document
En cas de document absent avoir le bouton grisé (voir avec le PO)

Problème reproduit également en production";;
528076;"01/20/2026 20:22";;"[CONTRAT] Affichage refus ATM non conforme";;;"En attente de prise en compte dans l'usine logicielle";;"07/17/2025 15:21";;;;;;"DP ROC";;b_poiron_ext;ROC-1298;j_kahn1;;;;Contrat;;;Mineur;;;V4.20.0.5;;;;;"|   *Ticket JIRA N°*| |
|   *Environnement/ Version*|PPROD v4.20.0.5|
|   *Titre de l'anomalie*|Affichage refus ATM non conforme|
|   *Url*|[https://pprod-reservistes.cloud.defense.gouv.fr/reserviste/ro1/mes-contrats|https://pprod-reservistes.intradef.gouv.fr/interne/accueil-choix-bloc]|
|   *Acteur*|RO1|
|   *Identifiant*|2644_reserviste|
|   *Mot de passe*|Azertyuiop44!!!|
|   *Anomalie*|MINEURE|
|   *Configuration*|INTRADEF FIREFOX|
|   *Bloc*|CONTRAT|
|   *Description*|Si le renouvellement de contrat est refusé par l'ATM, le RO1 a sur son compte ROC un message ""date de refus du RO1"", alors qu'il avait confirmé son souhait de renouveler son contrat.|
|   *Résultat attendu*|Si l'ATM refuse le renouvellement, l'icône ""validation ATM"" doit passer en rouge avec affichage de la date, sur le compte de l'ADR, du référent et du RO1.|
|   *Copies d'écran*| |";;
648690;"01/20/2026 20:22";;"Saturation mémoire utilisée PROD BDD";;;"En attente de prise en compte dans l'usine logicielle";;"12/01/2025 16:42";;;;;;"DP ROC";;b_poiron_ext;ROC-2870;j_kahn1;;;;;;;Majeur;;;;;;;;"La mémoire utilisée de la BDD PROD augmente depuis ce lundi.

Aujourd'hui, la mémoire physique utilisée est montée à 80% est la mémoire virtuelle utilisée est montée à 97%.

 ";;
648817;"01/20/2026 20:22";;"Filtre dates ne fonctionne pas - Tableau de bord e-billets (infocentre)";;;"En attente de prise en compte dans l'usine logicielle";;"12/01/2025 16:42";;;;;;"DP ROC";;b_poiron_ext;ROC-2101;j_kahn1;;;;Infocentre;;;Majeur;;;;;;;;"Dans la page ""Tableau de bord e-billets"", les filtres de dates ne fonctionnent pas. Les dates peuvent être modifiées mais les valeurs affichées restent inchangé.
Dans l'exemple joint, les valeurs sont les mêmes entre 01/01/2023-31/12/2025 et 01/01/2025-31/12/2025 ";;
528039;"01/20/2026 20:22";;"Anomalie Signature";;;"En attente de prise en compte dans l'usine logicielle";;"07/17/2025 15:21";;;;;;"DP ROC";;b_poiron_ext;ROC-1690;j_kahn1;;;;Activités;;;Majeur;;;V4.20.0.7;;;;;"Analyse des logs du Back au 12/05

Erreur sur le log Symfony du Front DR de preprod :
 
 
{noformat}
[2025-05-12 10:57:51] request.CRITICAL: Uncaught PHP Exception TypeError: ""App\Service\AutoriteSignataireService::recupererAutoriteSignataireParId(): Argument #1 ($autoriteSignataireId) must be of type int, null given, called in /var/www/html/src/Controller/MesActivites/GestionActiviteController.php on line 821"" at AutoriteSignataireService.php line 66 {""exception"":""[object] (TypeError(code: 0): App\\Service\\AutoriteSignataireService::recupererAutoriteSignataireParId(): Argument #1 ($autoriteSignataireId) must be of type int, null given, called in /var/www/html/src/Controller/MesActivites/GestionActiviteController.php on line 821 at /var/www/html/src/Service/AutoriteSignataireService.php:66)"" } {""dt.trace_sampled"":""true"",""dt.trace_id"":""4ef8934aa6d27fbc0049d2930eceef00"",""dt.span_id"":""756103e6b3b61b77""}{noformat}
 
Semble corrélé à une erreur sur l'access log du Front DR :
 
{noformat}
221.12.65.0 - - [12/May/2025:10:57:46 +0200] ""POST /interne/activites/signer/liste HTTP/1.1"" 500 68543 ""https://pprod-reservistes.intradef.gouv.fr/interne/activites/signer/liste"" ""Mozilla/5.0 (Windows NT 10.0 Win64 x64 rv:109.0) Gecko/20100101 Firefox/115.0""{noformat}
 
 ";;
527946;"01/20/2026 20:22";;"[candidat] : lorsque la session du compte F5 expire suite a reconnexion est orienté sur page blanche refresh-token";;;"En attente de prise en compte dans l'usine logicielle";;"07/17/2025 15:21";;;;;;"DP ROC";;b_poiron_ext;ROC-1970;j_kahn1;;;;Candidature;;;Majeur;;;V5.4.1;;;;;"*Titre* : [candidat] : erreur lors de la validation suite au téléversement du fichier autorisation_parentale_PA.pdf

*Configuration* : PPROD v5.4.1 NP full internet

*URL* : [https://pprod-reservistes.cloud.defense.gouv.fr/] 

*Identifiant :* 

Candidat : alexandre.courreur

*Descriptif* :

1. Sur une candidature avec bloc sécurité a remplir
2. cliquer sur le bloc sécurité

[https://pprod-reservistes.cloud.defense.gouv.fr/candidat/processus-candidature/etape/verification-securite]

3. cliquer sur CER : OK le CER.pdf est téléchargé
4. cliquer sur autorisation parentale : OK le fichier autorisation_parentale_Philipito_Albert.pdf est téléchargé

5. Remplir les CER et autorisation parentale : OK
6. Téléverser le fichier rempli CER.pdf : OK

7. Téléverser le fichier autorisation_parentale_Philipito_Albert.pdf : NOK un message d'erreur apparait : \{*}{color:#de350b}ROC-1966
{color}{*}{color:#172b4d}8. Patienter 3 heures
9. Téléverser le fichier autorisation_parentale_PA.pdf : OK
10. Valider : NOK une erreur s'est produite le 30 juin 2025 à 18h20 : *{color:#de350b}ROC-1968{color}*
11. Cliquer sur le bouton retour : l'""utilisateur est orienté vers la page de connexion F5 suite a expiration
12. Reconnexion F5 : OK
13. [https://pprod-reservistes.cloud.defense.gouv.fr/oauth/refresh-token] : *{color:#de350b}page blanche NOK{color}*{color}

 

*Résultat attendu* : 
Le candidat ne devrait pas avoir des pages blanches lors de sa navigation même après F5 a minima un message d'erreur devrait apparaitre

 

*Résultat obtenu :* 

Le candidat rencontre une page blanche refresh-token après les problèmes ROC-1966 et ROC-1968



 ";;
648701;"01/20/2026 20:22";;" [Volontariat]generation ESR- pas de redirection";;;"En attente de prise en compte dans l'usine logicielle";;"12/01/2025 16:42";;;;;;"DP ROC";;b_poiron_ext;ROC-2799;j_kahn1;;;;Candidature;;;Majeur;;;;;;;;"'+*Titre :*+ [ [Volontariat ]génération ESR- pas de redirection

*+Configuration:+*

PPROD v7.4.3

 

{+}*URL :*{+}https://pprod-reservistes.intradef.gouv.fr/interne/processus-candidature/candidature/308871/etape/creation-esr/generation

 

*Identifiants / rôle :* REF 12743_utilisateur (OIA)

 

+*Prérequis:*+  avoir complété le processus d'engagement jusqu’à la création  de l'ESR 

*+Descriptif :+*

en tant que REF je clique sur le bloque ""Création de l'ESR""

je complète les données obligatoire

je valide

je coche non a demande d'information

je coche oui pour l'envoi de l'ESR

je clique sur ""Générer l'ESR""

 

+*Résultat obtenue:*+

pas de redirection sur la page ""processus d'engagement""

 

 

*+Résultat attendu:+*

redirection vers  la page ""processus d'engagement""";;
648842;"01/20/2026 20:22";;"[Candidat] - Erreur lors du téléchargement du Questionnaire médicale 1ère partie de la visite médicale militaire";;;"En attente de prise en compte dans l'usine logicielle";;"12/01/2025 16:42";;;;;;"DP ROC";;b_poiron_ext;ROC-1988;j_kahn1;;;;Candidature;;;Mineur;;;;;;;;" 
| |Ticket JIRA N°| |
| |   Environnement/ Version|Pprod NP v5.4.1 du 01/07/2025
 |
| |   Titre de l'anomalie|[Candidat] - Erreur lors du téléchargement du Questionnaire médicale 1ère partie de la visite médicale civile|
| |   Url|[https://roc-front-np-pre.picsel.defense.gouv.fr/candidat/download-doc/fiche_medicale_1/256133/951899]|
| |   Acteur|Reprise d'un candidat existant|
| |   Identifiants|256243_candidat.roc@getnada.com|
| |   Mot de passe|Azertyuiop44!!!|
| |   Anomalie|Mineur|
| |   Configuration|Edge|
| |   Bloc|Candidat|
| |   Description|

Pour la visite médicale civile, le candidat rencontre des erreurs au téléchargement de certains document 
Questionnaire médicale 1ère partie : Erreur de téléchargement
[https://roc-front-np-pre.picsel.defense.gouv.fr/candidat/download-doc/fiche_medicale_1/256133/951899]

Liste des antennes médicales militaires : OK
Questionnaire médicale 2ère partie : OK
 
| |Résultat obtenu|Erreur de téléchargement systématique|
| |Résultat attendu :|le candidat doit pouvoir télécharger les documents de la visite médicale civile|";;
650172;"01/20/2026 20:22";;"[IHM]  DR - Création de compte référent - Message Le jeton CSRF est invalide. Veuillez renvoyer le formulaire. ";;;"En attente de prise en compte dans l'usine logicielle";;"12/02/2025 15:42";;;;;;"DP ROC";;b_poiron_ext;ROC-2007;j_kahn1;;;;Env.;;;Mineur;;;V5.4.1;;;;;"'+*Titre* :+ DR - Création de compte référent - Message Le jeton CSRF est invalide. Veuillez renvoyer le formulaire.


+*Configuration* :+ PPROD v5.4.1

+*URL* :+  [https://pprod-reservistes.intradef.gouv.fr/interne/creation-compte]

 

+*Descriptif* :+

Tentative de création d'un compte REF déjà existant [2128_utilisateur.roc@getnada.com|mailto:2128_utilisateur.roc@getnada.com] 

=> un message d'erreur ci-dessous apparait 
*{color:#de350b}Le jeton CSRF est invalide. Veuillez renvoyer le formulaire.{color}*


+*Résultat obtenu :*+

Message d'erreur {*}{color:#de350b}Le jeton CSRF est invalide. Veuillez renvoyer le formulaire.

{color}{+}{color:#172b4d}Résultat attendu :{color}{+}{color:#de350b}
{color}{*}{color:#172b4d}Avoir un message d’entête fonctionnel{color} *{color:#de350b}{color}* {color:#de350b}{color:#172b4d}en conformité avec les erreurs détectées{color}{color}{*}{color:#de350b}
{color}{*}";;
648824;"01/20/2026 20:22";;" [e-billet] IHM message contradictoires lors de demande de e-billets successifs";;;"En attente de prise en compte dans l'usine logicielle";;"12/01/2025 16:42";;;;;;"DP ROC";;b_poiron_ext;ROC-2050;j_kahn1;;;;E-billet;;;Mineur;;;;;;;;"*Titre :*  [e-billet] ** IHM message contradictoires lors de demande de e-billets successifs
*Configuration* : PPROD v5.4.4 NP

*Identifiant* [288927_reserviste.roc@getnada.com|mailto:288927_reserviste.roc@getnada.com]
Azertyuiop44!!!

+*Rôle:*+ ro1

+*Descriptif* :+

Lors de demandes de e-billets dérogatoires succesifs il y a des informations contradictoires dans l'IHM
 - Votre demande d'e-billet a été enregistrée
 - Ce numéro de transport a déjà été utilisé. Vérifier si vous ne vous êtes pas trompé ou contactez votre référent (message non pertinent car ce e-billet n'existe pas)

 

+*Résultat obtenu* :+

L'IHM indique des informations contradictoires lors de demandes d'e-billets dérogatoires :
 - Votre demande d'e-billet a été enregistrée
 - Ce numéro de transport a déjà été utilisé. Vérifier si vous ne vous êtes pas trompé ou contactez votre référent (message non pertinent car ce e-billet n'existe pas)

 

+{*}Résultat attendu{*}:+
Avoir des informations d'IHM cohérentes entre elles ++ lorsque le ro1 effectue des demandes de e-billets dérogatoires +

 ";;
648693;"01/20/2026 20:22";;"Pb commande globanonymisation";;;"En attente de prise en compte dans l'usine logicielle";;"12/01/2025 16:42";;;;;;"DP ROC";;b_poiron_ext;ROC-2856;j_kahn1;;;;;;;Majeur;;;;;;;;"Suite passage de la commande globanonymisation sur le back DR de l'environnement PICSEL Release, je ne trouve pas mon nom (""noisette"") dans la table utilisateur.

En revanche, si je fais un grep sur le dump créé après passage de la commande globanonymisation,  je retrouve mon nom & prénom.

Est ce normal ?

 

[sysadm@BDDDRPNT968V tmp]$ zcat dumpPRODano_2025-11-25.sql.gz | grep ""noisette""
(3907,'associate','25',NULL,'4433689412689f09963c55c971117793be26b468','\{\"source\""":{\"""refRoleUtilisateurId\""":25,\"""class\""":\"""App\\\\Entity\\\\RefRoleUtilisateur\""",\"""label\""":\"""App\\\\Entity\\\\RefRoleUtilisateur#25\""",\"""table\""":\"""ref_role_utilisateur\""",\"""field\""":\"""utilisateurRoles\""",\"""_extra\""":{\"""id\""":25,\"""libelle\""":\"""Contr\\u00f4leur\"""}},\"""target\""":\{\"""utilisateurId\""":11164,\"""class\""":\"""App\\\\Entity\\\\Utilisateur\""",\"""label\""":\"""App\\\\Entity\\\\Utilisateur#11164\""",\"""table\""":\"""utilisateur\""",\"""field\""":\"""utilisateurRoles\""",\"""_extra\""":{\"""id\""":11164,\"""identite\""":\"""LTN cpt test\"""}},\"""is_owning_side\""":false,\"""table\""":\"""association_utilisateur_role\"""}','3458','didier.noisette','App\\Entity\\Utilisateur','main',NULL,'2022-11-14 10:05:53'),""";;
648883;"01/20/2026 20:22";;"[candidat] - désynchronisation d'état de tuile lors de la saisie et validation du Résultat du contrôle élémentaire";;;"En attente de prise en compte dans l'usine logicielle";;"12/01/2025 16:42";;;;;;"DP ROC";;b_poiron_ext;ROC-1792;j_kahn1;;;;Candidature;;;Majeur;;;;;;;;"| |Ticket JIRA N°| | |
| |   Environnement/ Version| |PICSEL NP v5.4 du 23/05/2025
 |
| |   Titre de l'anomalie| |[candidat] - non persistance d'information sur le contrôle de sécurité|
| |   Url| |[https://roc-front-dr-pre.picsel.defense.gouv.fr/interne/processus-candidature/candidature/284919/etape/verification-securite]|
| |   Acteur| |REF|
| |   Identifiants| |10183_utilisateur.roc@getnada.com |
| |   Mot de passe| |Azertyuiop1234!!!|
| |   Anomalie| |Majeur|
| |   Configuration| |Firefox|
| |   Bloc| |Candidat|

Suite au parcours du candidat le REF voit disparaitre des informations sur le contrôle sécurité [https://roc-front-dr-pre.picsel.defense.gouv.fr/interne/processus-candidature/candidature/284919/etape/verification-securite] : les informations ci-dessous ne sont pas persistées dans la vue du référent
 * Sans objection est coché mais non persisté à la réouverture de la tuile liée à la sécurité
 * La date de retour du contrôle élémentaire est renseignée mais non persisté a la réouverture de la tuile liée à la sécurité

Par ailleurs le CER n'est plus visible sur la fiche d'information du candidat [241005_candidat.roc@getnada.com|mailto:241005_candidat.roc@getnada.com]

 

Résultat obtenu:

Il y a disparition du CER dans les informations du candidat

 

Résultat attendu
Le CER doit etre visible dans l'IHM des informations du candidat";;
527918;"01/20/2026 20:22";;"[engagement] - DR - avec 1 REF + 1 CS dans 2 navigateurs différents => erreur 403";;;"En attente de prise en compte dans l'usine logicielle";;"07/17/2025 15:21";;;;;;"DP ROC";;b_poiron_ext;ROC-2021;j_kahn1;;;;Candidature;;;Majeur;;;V5.4.3;;;;;"'+*Titre :*+ [engagement] - DR - avec 1 REF + 1 CS dans 2 navigateurs différents => erreur 403

*+Configuration:+* PICSEL v5.4.3 DR

+*URL :*+ 

*Identifiants / rôle :* 
REF 2111_utilisateur Azertyuiop44!!!

CS manitas.securitas Azertyuiop44!!!

*+Descriptif :+*
 # purger les caches des navigateurs
 # Edge n°1 REF / DR interne/login : connexion
 # Edge n°2 CS / DR interne/login : connexion
 # FireFox candidat / NP : connexion
 # Faire le process engagement

A un moment donné le CS rencontre une erreur 403

 

*+Résultat attendu:+*
A voir avec le PO si le produit est compatible avec plusieurs rôles dans des navigateurs différents sur une même machine

 

+*Résultat obtenu:*+
Erreur 403";;
648880;"01/20/2026 20:22";;"[candidat] - La taille des fichiers téléversés annoncée n'est pas correcte (dans tout ROC)";;;"En attente de prise en compte dans l'usine logicielle";;"12/01/2025 16:42";;;;;;"DP ROC";;b_poiron_ext;ROC-1802;j_kahn1;;;;Candidature;;;Mineur;;;;;;;;"| |Ticket JIRA N°| | |
| |   Environnement/ Version| |PICSEL NP v5.4 du 27/05/2025
 |
| |   Titre de l'anomalie| |[candidat] - La taille des fichiers annoncée n'est pas correcte|
| |   Url| |[https://roc-front-np-pre.picsel.defense.gouv.fr/candidat/processus-candidature/etape/verification-securite]|
| |   Acteur| |Candidat|
| |   Identifiants| |Candidat001.Toreno@gmail.com|
| |   Mot de passe| |Azertyuiop1234!!!|
| |   Anomalie| |Mineur|
| |   Configuration| |Firefox|
| |   Bloc| |Candidat|

La taille des fichiers téléversés n'est jamais correcte dans l'ensemble des espaces de fichiers téléversés

Exemple ici le candidat téléverse un fichier CER.pdf de 570ko

[https://roc-front-np-pre.picsel.defense.gouv.fr/candidat/processus-candidature/etape/verification-securite]

Lorsque ce fichier est téléversé ROC signale le fichier faisant 759,1ko

Démo réalisée au lieutenenant [~X-LLODI] 

 

Résultat obtenu:

Lorsque ce fichier est téléversé ROC signale le fichier faisant 759,1ko

 

Résultat attendu

Lorsque ce fichier est téléversé ROC devrait signaler le fichier a 570ko, l'espace signalé sur le disque";;
527933;"01/20/2026 20:22";;"[CS] IHM : message d'erreur non rouge en cas d'absence de fonction du CS à la création de l'officier sécurité";;;"En attente de prise en compte dans l'usine logicielle";;"07/17/2025 15:21";;;;;;"DP ROC";;b_poiron_ext;ROC-1989;j_kahn1;;;;;;;Majeur;;;V5.4.2;;;;;"*Titre* : [CS] IHM : message d'erreur non rouge en cas d'absence de fonction du CS à la création de l'officier sécurité

*Configuration* : 
PICSEL v5.4.2 intradef interne/login

*URL* : [https://roc-front-dr-pre.picsel.defense.gouv.fr/interne/unite/officier-securite/creer|https://pprod-reservistes.intradef.gouv.fr/interne/admin/unites/modifier/28]

*Identifiant :* 

REF 9762_utilisateur
Azertyuiop44!!!

 

*Descriptif* :
 # Se connecter avec un AF en DR interne/login
 # cliquer sur icone création officier sécurité [https://roc-front-dr-pre.picsel.defense.gouv.fr/interne/unite/officier-securite/creer]
 # Remplir tous les champs exceptés Fonction
 # Cliquer sur Créer : NOK un message non rouge apparait comme cela est habituel dans l'application

 

*Résultat attendu* 
Un message d'erreur rouge devrait apparaitre sous le champ  Fonction ""Veuillez compléter ce champ"".

+*Résultat obtenu*+
Un message d'erreur non rouge apparait sous le champ  Fonction ""Veuillez compléter ce champ"".

 ";;
527908;"01/20/2026 20:22";;"[email] - le candidat reçoit plusieurs même notifications email sur la durée de son contrat choisi par le référent";;;"En attente de prise en compte dans l'usine logicielle";;"07/17/2025 15:21";;;;;;"DP ROC";;b_poiron_ext;ROC-2040;j_kahn1;;;;Candidature;;;Majeur;;;V5.4.4;;;;;"*+Titre:+* [email] - le candidat reçoit plusieurs même notifications email sur la durée de son contrat choisi par le référent

*+Configuration:+* PICSEL v5.4.4 NP

URL:

+*Identifiants / rôle :*+ candidat
|| |[arthorito.biono.roc@getnada.com|http://roc-mailpit.picsel.defense.gouv.fr:8025/search?q=arthorito.biono.roc%40getnada.com]|

Mot de passe Azertyuiop44!!!

 

+*Descriptif :*+

Le candidat a reçu plusieurs email du type ci-dessous lors de sa candidature, pourtant le référent a choisi a une seule reprise la durée du contrat.

Bonjour Arthurito Biono,

Votre référent a modifié la durée du contrat que vous avez spécifié. Elle est désormais de 3 an(s)

 

+*Résultat obtenu:*+
Le candidat est notifié à plusieurs reprises du choix par le référent de la durée de son contrat

 

+*Résultat attendu:*+
Le candidat doit être notifié à une seule reprise du choix par le référent de la durée de son contrat

 ";;
650171;"01/20/2026 20:22";;"[Mobilite interne] - Erreur 500 dans les LOG lors de clic dans l'IHM au niveau des champs du tableau";;;"En attente de prise en compte dans l'usine logicielle";;"12/02/2025 15:42";;;;;;"DP ROC";;b_poiron_ext;ROC-2043;j_kahn1;;;;Env.;;;Mineur;;;V5.4.4;;;;;"+*Titre:*+ [Mobilite interne] - Erreur 500 dans les LOG lors de clic dans l'IHM au niveau des champs du tableau

+*Configuration:*+ PICSEL v5.4.4 DR

URL:  
[https://roc-front-dr-pre.picsel.defense.gouv.fr/interne/mobilite-interne/postes/6567/gestion-des-demandes]  
 
{color:#6e6e73} {color}

Identifiants / rôle : AF
REF: {color:#000000}4512_utilisateur{color} 
Mot de passe Azertyuiop44!!!

+*Descriptif :*+

Lorsque l'AF navigue au niveau de cette IHM des erreurs 500 sont tracées dans les logs alors qu'il n'y a aucune erreur 500 dans l'IHM

=> cliquer sur les champs du tableau

Reproduit avec [~authayak] 


*+Résultat obtenu:+*
Erreur 500 dans les logs non conforme à l'IHM qui n'indique aucune erreur et que l'utilisateur ne rencontre aucun problème



*+Résultat attendu:+*

Ne pas tracer inutilement des erreurs 500 dans les logs alors que l'utilisateur navigue normalement dans l'IHM


+*Ci-dessous lAccess Log Back DR*+

 

- 10.28.30.68 - [08/Jul/2025:16:15:37 +0200] ""GET /v7/api/candidatures-mobilite-interne?format=datatable&page=0&taille=50&sens=asc&tri=datePostulation&etats=[%22envoyee%22]&table=gestionDesDemandes&posteId=6567 HTTP/1.1"" 500 350 ""-"" ""Symfony HttpClient (Curl)""

[2025-07-08 16:15:37] app.CRITICAL:

[2025-07-08 16:15:37] app.CRITICAL: ========== UNE ERREUR TECHNIQUE EST SURVENUE ==========

[2025-07-08 16:15:37] app.CRITICAL: Message : Doctrine\ORM\QueryBuilder::addOrderBy(): Argument #2 ($order) must be of type ?string Doctrine\Common\Collections\Order given called in /var/www/html/roc-back/src/DataTable/CandidaturePosteInterneQuery.php on line 232

[2025-07-08 16:15:37] app.CRITICAL: Fichier : /var/www/html/roc-back/vendor/doctrine/orm/src/QueryBuilder.php :: ligne 1164

[2025-07-08 16:15:37] app.CRITICAL: Fichier : /var/www/html/roc-back/src/Exception/WSException.php :: ligne 139

[2025-07-08 16:15:37] app.CRITICAL: StackTrace : Doctrine\ORM\QueryBuilder::addOrderBy() [L.232] <- App\DataTable\CandidaturePosteInterneQuery::trierRequete() [L.95] <- App\Component\DataTable\Query\AbstractDataTableQuery::getResults() [L.376] <- App\Controller\MobiliteInterne\WSCandidaturePosteInterneController::getCandidaturesPosteInterne() [L.181] <- Symfony\Component\HttpKernel\HttpKernel::handleRaw() [L.76] <- Symfony\Component\HttpKernel\HttpKernel::handle() [L.197] <- Symfony\Component\HttpKernel\Kernel::handle() [L.38]

[2025-07-08 16:15:37] app.CRITICAL: Utilisateur connecté : 014512

[2025-07-08 16:15:37] app.CRITICAL: Rôle : 2 - Administrateur fonctionnel

[2025-07-08 16:15:37] app.CRITICAL: =======================================================";;
648813;"01/20/2026 20:22";;"Gestion d'erreur sur /lister-postes ";;;"En attente de prise en compte dans l'usine logicielle";;"12/01/2025 16:42";;;;;;"DP ROC";;b_poiron_ext;ROC-2127;j_kahn1;;;;;;;Mineur;;;;;;;;"Test effectué sur FRONT NP (6.3.0) en cliquant sur le bouton *Consulter l'ensemble des offres d'emploi* j'ai une erreur 500

 

en regardant le profiler,
 - PAPI est en timeout 504 : connexion est en échec côté PAPI

 * sur le front NP : PosteService me dit trying to access array offset on value of type null au moment de désérialisation{*}{*}";;
650170;"01/20/2026 20:22";;"[FAQ] - certaines anciennes FAQ en mode deconnectées sont encore accessibles";;;"En attente de prise en compte dans l'usine logicielle";;"12/02/2025 15:42";;;;;;"DP ROC";;b_poiron_ext;ROC-2195;j_kahn1;;;;Env.;;;Mineur;;;V6.3.0;;;;;"PICSEL v6.3 NP en mode déconnecté

Certaines anciennes FAQ sont toujours accessibles en mode déconnecté
[https://roc-front-np-pre.picsel.defense.gouv.fr/deconnecte/faq/101]
[https://roc-front-np-pre.picsel.defense.gouv.fr/deconnecte/faq/102]
[https://roc-front-np-pre.picsel.defense.gouv.fr/deconnecte/faq/103]
[https://roc-front-np-pre.picsel.defense.gouv.fr/deconnecte/faq/104]

Par contre cette ancienne FAQ n'est plus accessible
[https://roc-front-np-pre.picsel.defense.gouv.fr/deconnecte/faq/105]
Quelles sont les missions confiées aux réservistes ?

Les FAQ sont maintenant regroupées ici
[https://roc-front-np-pre.picsel.defense.gouv.fr/informations-reserve]";;
648887;"01/20/2026 20:22";;"[ACTIVITE] RO2 refusant une convocation, l'activité continue d'apparaître dans le calendrier";;;"En attente de prise en compte dans l'usine logicielle";;"12/01/2025 16:42";;;;;;"DP ROC";;b_poiron_ext;ROC-1719;j_kahn1;;;;Activités;;;Mineur;;;;;;;;"*Titre* : [

*Configuration* : {color:#172b4d}PICSEL v.5.4{color}

*Identifiant* :

REF : 12731_utilisateur 

RO2 : 166503_reserviste

*URL* :  (je remplis l'URL dqp)

*Descriptif* :

Avec un RO2 :

je clique sur ""Mes convocations"",

je clique sur l'activité qui m'est proposée,

je clique sur ""je refuse la convocation"",

je choisis la raison ""autre"",

je remplis un message justificatif trop court, 

je reçois un message d'erreur (voir PJ)

je re-clique sur ""je refuse la convocation, 

je remplis un message justificatif suffisamment long, 

je valide, 

+Résultats obtenus cohérents :+ 

Le RO2 reçoit le pop-up de confirmation d'avoir bien refusé l'activité,

Les délégataires reçoivent un mail de confirmation de refus d'activité, 

L'activité disparait bien des convocations du RO2

{*}Résultat attendu +supplémentaire+{*}:

L'activité proposée disparait du calendrier du RO2

Le référent reçoit un mail de refus du RO2

L'activité disparait de l'onglet ""A convoquer"" du référent

*Résultat obtenu* :

{color:#de350b}L'activité apparait dans le calendrier du RO2{color}

-Le référent ne reçoit pas de mail de refus-

-L'activité disparait de l'onglet à convoquer du référent-";;
598658;"01/20/2026 20:22";;"[MOE][Création Affiliation] - problème de connexion avec un utilisateur";;;"En attente de prise en compte dans l'usine logicielle";;"10/07/2025 16:06";;;;;;"DP ROC";;b_poiron_ext;ROC-1560;j_kahn1;;;;Connexion;;;Majeur;;;;;;;;"*Titre* : [MOE][Création Affiliation] - problème de connexion avec un utilisateur

*Configuration* : PIC v5.4

*URL* :  [https://roc-pic-intradef.fr.capgemini.com/interne/autorite-signataire/parametrage-signature]

*Identifiant :*  REF - 5920_utilisateur

*Descriptif* :

Suite à une affiliation, une demande de connexion

Se connecter en tant que 5920_utilisateur

 

*Résultat attendu* : 

Connexion OK

*Résultat obtenu :* 

 

!image-2025-04-22-16-40-25-753.png!

 

!image-2025-04-22-16-40-04-555.png!

 

 ";;
598656;"01/20/2026 20:22";;"[MOE] Affichage de l'adresse 2 (optionnel) impossible";;;"En attente de prise en compte dans l'usine logicielle";;"10/07/2025 16:06";;;;;;"DP ROC";;b_poiron_ext;ROC-1754;j_kahn1;;;;Perso;;;Mineur;;;;;;;;"*Titre* : [MOE] Affichage de l'adresse 2 (optionnel) impossible

*Configuration* : V6.1

*Identifiant* :

[247517_reserviste.roc@getnada.com|mailto:247517_reserviste.roc@getnada.com] (RO1) 

*URL* :  [https://www.reservistes.defense.gouv.fr/candidat/creation-compte|https://roc-pic-internet.fr.capgemini.com/reserviste/ro1/mes-donnees-perso/modifier]

*Descriptif* :

Dans les données personnelles d'un RO1, apres avoir effacé l'adresse 2 (optionnelle) et mettre une adresse sur l'adress3 (optionnelle), on valide sur le bouton.

On revient sur les données personnelles, 

*Résultat attendu* :

l'adresse 2 a été effacé.

*Résultat obtenu* :

L'adresse 2 n'est pas été effacé.";;
677961;"01/20/2026 20:22";;"[bootstrap] alignement champs validation poste";;;"En attente de prise en compte dans l'usine logicielle";;"01/20/2026 15:48";;;;;;"DP ROC";;b_poiron_ext;ROC-3112;j_kahn1;;;;;;;Mineur;;;V9.1.0;;;;;"La classe utilisée pour aligner les champs n'est plus prise en compte (dans la dernière étape de création de poste)

Action : Mettre la bonne classe !image-2026-01-20-10-50-44-606.png!";;
677966;"01/20/2026 20:22";;"[bootstrap] Scroll dans le dropdown des roles ";;;"En attente de prise en compte dans l'usine logicielle";;"01/20/2026 15:48";;;;;;"DP ROC";;b_poiron_ext;ROC-3099;j_kahn1;;;;;;;Majeur;;;V9.1.0;;;;;"Suite à la maj de bootstrap en version 5, le scroll dans le menu des rôles à disparu 
!image-2026-01-16-12-23-48-178.png!";;
677967;"01/20/2026 20:22";;"[MOE] Affichage du bloc ""Contrat"" impossible pour un ""ADR""";;;"En attente de prise en compte dans l'usine logicielle";;"01/20/2026 15:48";;;;;;"DP ROC";;b_poiron_ext;ROC-3097;j_kahn1;;;;Paramétrage;;;Majeur;;;V9.1.0;;;;;"Titre : Affichage du bloc ""Contrat"" impossible pour un ""ADR""

 

Configuration : Intégration et recette V9.1

 

Descriptif :

Lorsque je me connecte avec un AF pour modifier dans les paramètre fonctionnel afin d' activer le bloc ""Contrat"" pour ADR (tous les ADS), ensuite je me connecte avec l'ADR et sur l'accueil, pas de bloc ""Contrat"" . ( Vu avec Kevin)

 

+Résultat attendu+ :

Bloc ""Contrat"" afficher 

+Résultat obtenu+ :

Bloc ""Contrat"" ne s'affiche pas";;
677977;"01/20/2026 20:22";;"[Contrats] Exports csv ";;;"En attente de prise en compte dans l'usine logicielle";;"01/20/2026 15:48";;;;;;"DP ROC";;b_poiron_ext;ROC-3073;j_kahn1;;;;;;;Mineur;;;V7.5.1;;;;;"Dans 

\App\Util\StreamedCsvResponse::gestionAffichagePourExportContrats
Si la ligne $row['reservisteDateNaissance'] est vide, alors la diff est erreur. (fonction gestionAffichagePourExportContrats() 

Action : Comprendre pourquoi la date de naissance est vide et protéger ce cas ";;
677978;"01/20/2026 20:22";;"[E-billet] export ";;;"En attente de prise en compte dans l'usine logicielle";;"01/20/2026 15:48";;;;;;"DP ROC";;b_poiron_ext;ROC-3071;j_kahn1;;;;E-billet;;;Mineur;;;V7.5.1;;;;;"En étudiant les logs, j'ai tracé cette erreur :



app.CRITICAL: Message : App\Service\ServicesMesDeplacements\DemandeBilletService::exportBilletArchivesGestionnaire(): Return value must be of type App\Model\Document\V1\DocumentRoc, array returned []

Peut etre un mauvais typage ou un cas d'exception à traiter ";;
677979;"01/20/2026 20:22";;"[Mail] le code ALL_CREA_COMPTE n'est plus présent ";;;"En attente de prise en compte dans l'usine logicielle";;"01/20/2026 15:48";;;;;;"DP ROC";;b_poiron_ext;ROC-3070;j_kahn1;;;;Perso;;;Majeur;;;V7.5.1;;;;;"La migration {color:#172b4d}Version20250806093559 est bien présente dans la table migration et a donc bien été jouée. 

Mais le code n'est pas présent en base et génère des erreurs d'envoi lors de la{color}
génération d'un nouveau mot de passe & Changement des informations du compte candidat

Action : tracer si le code a volontairement été supprimé et dans ce cas mettre un autre code mail ou alors rétablir cette migration";;
677981;"01/20/2026 20:22";;"Envoi d'un mail au valideur KO lors d'un patch de commande billet";;;"En attente de prise en compte dans l'usine logicielle";;"01/20/2026 15:48";;;;;;"DP ROC";;b_poiron_ext;ROC-3066;j_kahn1;;;;E-billet;;;Majeur;;;V7.5.1;;;;;"Parfois, absence de valideur sur la commande 

Log d'erreur :

 

{{{}[2026-01-08 00:00:55] app.CRITICAL: ========== UNE ERREUR TECHNIQUE EST SURVENUE ========== {""dt.trace_sampled"":""true"",""dt.trace_id"":""56aa66aebb85a95d384e678fa1bbc726"",""dt.span_id"":""c0535449ffab7290""{}}}}
{{{}[2026-01-08 00:00:55] app.CRITICAL: Message : Call to a member function getUtilisateurEmailIntradefInitial() on null {""dt.trace_sampled"":""true"",""dt.trace_id"":""56aa66aebb85a95d384e678fa1bbc726"",""dt.span_id"":""c0535449ffab7290""{}}}}
{{{}[2026-01-08 00:00:55] app.CRITICAL: Fichier : /var/www/html/src/Service/ServicesMesDeplacements/DemandeBilletService.php :: ligne 910 {""dt.trace_sampled"":""true"",""dt.trace_id"":""56aa66aebb85a95d384e678fa1bbc726"",""dt.span_id"":""c0535449ffab7290""{}}}}
{{{}[2026-01-08 00:00:55] app.CRITICAL: Fichier : /var/www/html/src/Exception/WSException.php :: ligne 139 {""dt.trace_sampled"":""true"",""dt.trace_id"":""56aa66aebb85a95d384e678fa1bbc726"",""dt.span_id"":""c0535449ffab7290""{}}}}
{{{}[2026-01-08 00:00:55] app.CRITICAL: StackTrace : App\Service\ServicesMesDeplacements\DemandeBilletService::gestionErreurTacite() [L.694] <- App\Controller\MesDeplacements\WSDemandeBilletController::actionPatchCommandeBillet() [L.630] <- App\Controller\MesDeplacements\WSDemandeBilletController::wsPatchCommandesBillets() [L.181] <- Symfony\Component\HttpKernel\HttpKernel::handleRaw() [L.76] <- Symfony\Component\HttpKernel\HttpKernel::handle() [L.197] <- Symfony\Component\HttpKernel\Kernel::handle() [L.38] {""dt.trace_sampled"":""true"",""dt.trace_id"":""56aa66aebb85a95d384e678fa1bbc726"",""dt.span_id"":""c0535449ffab7290""{}}}}
{{{}[2026-01-08 00:00:55] app.CRITICAL: ======================================================= {""dt.trace_sampled"":""true"",""dt.trace_id"":""56aa66aebb85a95d384e678fa1bbc726"",""dt.span_id"":""c0535449ffab7290""{}}}}";;
677982;"01/20/2026 20:22";;"[MOE] Erreur 500 sur l'information du candidat (processus engagment)";;;"En attente de prise en compte dans l'usine logicielle";;"01/20/2026 15:48";;;;;;"DP ROC";;b_poiron_ext;ROC-3065;j_kahn1;;;;Candidature;;;Mineur;;;V9.1.0;;;;;"Titre : [MOE] Erreur 500 sur l'information du candidat (processus engagment)

Configuration : Intégration V9.1

 

URL :   [https://www.reservistes.defense.gouv.fr/candidat/creation-compte|https://front-dr.integration.roc.fr.capgemini.com/interne/engager/engagement/processus-candidature]

Descriptif :

Lorsque je me connecte avec un AF, ensuite sur le suivi des candidatures, dans le tableau je clique sur un Volontaire, dans le Processus d'engagement cliquer sur les informations candidat (logo crayon).

Résultat attendu :

Affichage d'une erreur sur la page ( {color:#FF0000}+*Impossible to access an attribute (""contactTel"") on a null variable in Candidat/modifier_donnees_perso.html.twig at line 16*+{color}.)

 

[https://front-dr.integration.roc.fr.capgemini.com/_profiler/5015c4?panel=request]

 

Résultat obtenu :

Affichage de la page ""Donnée personnelles"" du volontaire

 

!image-2026-01-13-11-58-16-595.png!

!image-2026-01-13-11-58-40-443.png!

 

!image-2026-01-13-12-01-09-492.png!";;
677986;"01/20/2026 20:22";;"[activités]consultation ENARO dans activités passées ""fichier introuvable";;;"En attente de prise en compte dans l'usine logicielle";;"01/20/2026 15:48";;;;;;"DP ROC";;b_poiron_ext;ROC-3052;j_kahn1;;;;Activités;;;Majeur;;;V7.5.3;;;;;"'+*Titre :*+ [activités]consultation ENARO dans activités passées ""fichier introuvable

*+Configuration:+*

PPROD/PICSEL v7.5.3

 

+*URL :*+[ https://pprod-reservistes.intradef.gouv.fr/interne/activites/enaro/signature/passe|https://pprod-reservistes.intradef.gouv.fr/interne/activites/enaro/signature/passe]

 

*+Descriptif :+*

en tant que DEL REF j'ai créé un activité de regularisation

lors de la clôture je sélectionne un RO1

je sélectionne l'ATS/REF en tant que signataire

connexion en tant que ATS/REF

sélectionner le profil ATS

cliquer sur ""Activité""

telecharger ENARO OK

valider ENARO

consultation de l'ENARO dans ""Passées""

 

+*Résultat obtenue:*+

message d'erreur "" fichier introuvable""

 

 

*+Résultat attendu:+*

consultation de l'ENARO avec la signature";;
677992;"01/20/2026 20:22";;"[MOE] [Communication] une erreur à l'ouverture d une pièce jointe d'un message";;;"En attente de prise en compte dans l'usine logicielle";;"01/20/2026 15:48";;;;;;"DP ROC";;b_poiron_ext;ROC-3033;j_kahn1;;;;Communication;;;Mineur;;;V9.1.0;;;;;"Titre : [MOE] [MOE] [Communication] une erreur à l'ouverture d une pièce jointe d'un message

Configuration : Intégration V9.1

Identifiant :

Tous les utilisateurs

Descriptif :

Une erreur sur l'ouverture d'une pièce jointe d'un message reçus et envoyés dans le bloc communication

Résultat attendu :

ouverture de la pièce jointe sans erreur

Résultat obtenu :

ouverture de la pièce jointe avec une erreur

 

 

!image-2026-01-06-16-48-07-904.png!";;
677993;"01/20/2026 20:22";;"[MOE] deux boutons différents dans la zone de recherche de la colonne rôle";;;"En attente de prise en compte dans l'usine logicielle";;"01/20/2026 15:48";;;;;;"DP ROC";;b_poiron_ext;ROC-3032;j_kahn1;;;;;;;Mineur;;;V9.1.0;;;;;"|   Environnement/ Version|Integration V9.1|
|   Titre de l'anomalie|[MOE] deux boutons différents dans la zone de recherche de la colonne rôle|

 
 |
|   Acteur|AF|
|   Anomalie|Mineur|
|   Bloc|Gestion/ Gestion des utilisateurs|
|   description|Lorsque l'AF clique sur la gestion des utilisateurs, sur le tableau des utilisateurs, sur la colonne rôle. dans la zone recherche ( 1 bouton en anglais "" Select All"" et un bouton en francais ""Tout déselectionner"")|
|   Résultat attendu
 
 
 |sur la colonne rôle. dans la zone recherche ( 1 bouton en francais "" Tout selectionner"" et un bouton en francais ""Tout déselectionner"")
 
 |
| Résultat Obtenu|sur la colonne rôle. dans la zone recherche ( 1 bouton en anglais "" Select All"" et un bouton en francais ""Tout déselectionner"")
 
 
 
 
 
 
 
!image-2026-01-05-17-06-50-186.png!|";;
677994;"01/20/2026 20:22";;"[MOE] Manque les couleurs sur les rôles";;;"En attente de prise en compte dans l'usine logicielle";;"01/20/2026 15:48";;;;;;"DP ROC";;b_poiron_ext;ROC-3031;j_kahn1;;;;;;;Mineur;;;V9.1.0;;;;;"|   Environnement/ Version|Integration V9.1|
|   Titre de l'anomalie|[MOE] Manque les couleurs sur les rôles|
|   Url|[https://pprod-reservistes.intradef.gouv.fr/interne/login|https://pprod-reservistes.intradef.gouv.fr/interne/mes-contrats/reserviste/177748]
 |
|   Acteur|AF|
| | |
| | |
|   Anomalie|Mineur|
| | |
|   Bloc|Gestion/ Gestion des utilisateurs|
|   description|Lorsque l'AF clique sur la gestion des utilisateurs, sur le tableau des utilisateurs, sur la colonne rôle.|
|   Résultat attendu
 
 
 |La colonne des rôles s'affiche avec les couleurs correspondant aux rôles
 
 |
| Résultat Obtenu|La colonne des rôles ne s'affiche pas avec les couleurs correspondant aux rôles


!image-2026-01-05-16-47-09-133.png!|";;
677996;"01/20/2026 20:22";;"[Gestion Réservistes] Filtre tableau NPJA/NPJR/NJAE";;;"En attente de prise en compte dans l'usine logicielle";;"01/20/2026 15:48";;;;;;"DP ROC";;b_poiron_ext;ROC-3026;j_kahn1;;;;;;;Mineur;;;V7.5.2;;;;;"Sur intradef, se connecter avec un utilisateur pouvant voir le tableau des réservistes avec des données (gestion > gérer les comptes > ro1)

Choisir un ordre de grandeur et un nombre (avant BS5 on ne voit pas la colonne pour le nombre suite à la maj dsfr (cf env isoProd et env recette). )

Le tableau se charge mais rien ne change (déjà présent en isoProd)

_Pour le dev : erreur 408 dans la requête_

+*Résultat attendu :*+ pouvoir filtrer sur un nombre de jour avec le paramètre inférieur ou supérieur) ";;
677999;"01/20/2026 20:22";;"[Parcours Volontaire]- Impossible de modifier le RDV ";;;"En attente de prise en compte dans l'usine logicielle";;"01/20/2026 15:48";;;;;;"DP ROC";;b_poiron_ext;ROC-3012;j_kahn1;;;;Candidature;;;Majeur;;;V7.5.1;;;;;"Url 

PPROD DR : [https://reservistes.intradef.gouv.fr/interne/login]

PPROD NP : [https://pprod-reservistes.cloud.defense.gouv.fr/]

Ref : 1309_utilisateur MDP : Aertyuiop44!!!

Candidat: [testvolontairecs@getnada.com|mailto:testvolontairecs@getnada.com] ; MDP Azertyuiop44!!!
 # Se connecter avec le référent en PPROD DR
 # Cliquer sur l'onglet contrats et Mobilités
 # Rechercher le candidat cité ci-dessus et cliquer dessus
 # Choisir le bloc RDV
 # cliquer sur modifier le RDV
 # Modifier et valider
 # Résultat obtenu Aucun changement et pas de prise en compte du changement
 # Résultat attendu prise en compte de la nouvelle modification (DATE et HEURE)
 # Se connecter avec le candidat sur PPROD NP
 # Cliquer sur Engagement
 # Aller dans RDV
 # Résultat le attendu Aucun  changement";;
678001;"01/20/2026 20:22";;"[Volontariat] validation de la candidature sans CS et contrôle du dossier";;;"En attente de prise en compte dans l'usine logicielle";;"01/20/2026 15:48";;;;;;"DP ROC";;b_poiron_ext;ROC-3004;j_kahn1;;;;Volontariat;;;Majeur;;;V7.5.1;;;;;"*Titre* : [Volontariat] validation de la candidature sans CS et contrôle du dossier

*Configuration* : PPROD V7.5.1 - DR

*Identifiant* : REF 12743

 

*Descriptif* :

utilisation d'un candidat déjà présent dans la base

en tant que REF et candidat je valide tout les blocs SAUF correspondant sécurité et contrôle du dossier

je clique sur ""création de l'ESR

je remplis toute les cases

a l'option ""Envoi de l'ESR pour signature"" je sélectionne ""oui""

je clique sur ""Générer l'ESR""

*Résultat attendu* :

retour sur le profil du candidat avec les blocs correspondant sécurité et contrôle du dossier a compléter, et la validation définitive ne doit pas apparaitre 

*Résultat obtenu* :

le candidat est automatiquement recruté";;
678003;"01/20/2026 20:22";;"Cron ordre de convocation interrompu";;;"En attente de prise en compte dans l'usine logicielle";;"01/20/2026 15:48";;;;;;"DP ROC";;b_poiron_ext;ROC-2993;j_kahn1;;;;Activités;;;Majeur;;;v7.4.3;;;;;"Le dernier run du cron ""Mes activités ordre convocation"" semble s'être interrompu pour une raison indéterminée.

 

[2025-12-15 23:55:01] Envoi des ordres de convocations
======================================================

Debut de l'envoi des ordres de convocation et attestations de service fait : 15/12/2025 23:55:01
Préparation de l'envoi des ordres de convocation...
Nombre d'ordres de convocation à envoyer : 0
Nombre d'ordres de convocation traités : 0/0
Traitement des ordres de convocation terminé.
Préparation de l'envoi des attestations de service fait...
Nombre d'attestations de service fait à envoyer : 0
Nombre d'attestations de service fait traités : 0/0
Traitement des attestations de service fait terminé.
Fin de l'exécution de la commande : 15/12/2025 23:55:01

[2025-12-16 00:00:02] Envoi des ordres de convocations
======================================================

Debut de l'envoi des ordres de convocation et attestations de service fait : 16/12/2025 00:00:02
Préparation de l'envoi des ordres de convocation...
Nombre d'ordres de convocation à envoyer : 0
Nombre d'ordres de convocation traités : 0/0
Traitement des ordres de convocation terminé.
Préparation de l'envoi des attestations de service fait...";;
678004;"01/20/2026 20:22";;"Variable $profils non défini";;;"En attente de prise en compte dans l'usine logicielle";;"01/20/2026 15:48";;;;;;"DP ROC";;b_poiron_ext;ROC-2992;j_kahn1;;;;;;;Majeur;;;V7.5.1;;;;;"Dans la log Symfony du back DR de PREPROD, je note cette erreur :

 

[2025-12-15 10:26:29] app.CRITICAL: ========== UNE ERREUR TECHNIQUE EST SURVENUE ==========  \{""dt.trace_sampled"":""true"",""dt.trace_id"":""4fe2ea2aa7c6dc8a8671ca4c63291b1a"",""dt.span_id"":""f0de25f6910febc7""}
[2025-12-15 10:26:29] app.CRITICAL: Message : Warning: Undefined variable $profils  \{""dt.trace_sampled"":""true"",""dt.trace_id"":""4fe2ea2aa7c6dc8a8671ca4c63291b1a"",""dt.span_id"":""f0de25f6910febc7""}
[2025-12-15 10:26:29] app.CRITICAL: Fichier : /var/www/html/src/Service/MesActivites/RecuperationInscriptionActiviteService.php :: ligne 115  \{""dt.trace_sampled"":""true"",""dt.trace_id"":""4fe2ea2aa7c6dc8a8671ca4c63291b1a"",""dt.span_id"":""f0de25f6910febc7""}
[2025-12-15 10:26:29] app.CRITICAL: Fichier : /var/www/html/src/Service/MesActivites/EtapeActiviteService.php :: ligne 55  \{""dt.trace_sampled"":""true"",""dt.trace_id"":""4fe2ea2aa7c6dc8a8671ca4c63291b1a"",""dt.span_id"":""f0de25f6910febc7""}
[2025-12-15 10:26:29] app.CRITICAL: StackTrace : App\Service\MesActivites\RecuperationInscriptionActiviteService::recupererInscriptionsConcerneesEtProfils() [L.126] <- App\Service\MesActivites\EtapeActiviteService::getActiviteReservisteEtapeAction() [L.53] <- App\Service\MesActivites\EtapeActiviteService::getActiviteReservisteEtape() [L.594] <- App\Controller\MesActivites\WSActiviteController::wsGetActivitesId() [L.181] <- Symfony\Component\HttpKernel\HttpKernel::handleRaw() [L.76] <- Symfony\Component\HttpKernel\HttpKernel::handle() [L.197] <- Symfony\Component\HttpKernel\Kernel::handle() [L.38]  \{""dt.trace_sampled"":""true"",""dt.trace_id"":""4fe2ea2aa7c6dc8a8671ca4c63291b1a"",""dt.span_id"":""f0de25f6910febc7""}
[2025-12-15 10:26:29] app.CRITICAL: Utilisateur connecté : 0329556  \{""dt.trace_sampled"":""true"",""dt.trace_id"":""4fe2ea2aa7c6dc8a8671ca4c63291b1a"",""dt.span_id"":""f0de25f6910febc7""}";;
678005;"01/20/2026 20:22";;"Anomalies dans les crons en prod";;;"En attente de prise en compte dans l'usine logicielle";;"01/20/2026 15:48";;;;;;"DP ROC";;b_poiron_ext;ROC-2966;j_kahn1;;;;;;;Majeur;;;v7.4.3;;;;;"Les crons suivants ne fonctionnement pas correctement :
 * {*}mes_activites_notification_publication{*}.
 ** Run du 12/12 à 12:00 : A la lecture de la log (mes_activites_notification_publication_20251212_120001.log) seulement 500 lignes sont traitées
 * *remote_log_crawler* : Erreur dans la log (remote_log_crawler_2025_1211.log)
 * {*}transfert_documents_via_papi{*}: log vide (transfert_documents_via_papi_2025_1212.log)

Voir les logs en PJ.";;
678009;"01/20/2026 20:22";;"[CONTRAT] AADS ne voit pas utilisateur hors SSA";;;"En attente de prise en compte dans l'usine logicielle";;"01/20/2026 15:48";;;;;;"DP ROC";;b_poiron_ext;ROC-2959;j_kahn1;;;;Comptes;;;Majeur;;;V7.5.1;;;;;"*Titre* : [CONTRAT] AADS ne voit pas tout utilisateur

*Configuration* : PPROD V7.5.1 - DR

*Identifiant* : 16302_utilisateur Dél AADS SSA

*URL* : [https://pprod-reservistes.intradef.gouv.fr/interne/utilisateurs/autorite/gestionnaires]

 

*Descriptif* :

en tant qu'AADS je clique sur ""Gestion"" puis sur ""Gestion des utilisateur""

 

*Résultat attendu* :

L’AADS doit voir l’ensemble des utilisateurs de ROC

*Résultat obtenu* :

L’AADS voit seulement les utilisateur associer a l'AADS dans ce cas précis le SSA";;
475801;"01/22/2026 11:25";;"[PICSEL] - Une tentative de création d'un compte candidat sous NP retourne erreur 500";;;"Corrigé en production";;"05/12/2025 15:34";;;;;;"DP ROC";;b_poiron_ext;ROC-1685;b_poiron_ext;;;;;"LIVRAISON HORS VERSION";;;;;V5.4;;;;;"
   *Environnement/ Version*PICSEL NP et DR v5.4
 
   *Titre de l'anomalie*[PICSEL] - Une tentative de création d'un compte candidat sous NP retourne erreur 500
   *Url* [https://alias-front-np.picsel.defense.gouv.fr/candidat/creation-compte] {color:#de350b}Erreur 500{color}
   *Acteur*Candidat
   *Identifiants* 
   *Mot de passe* 
   *Anomalie*Bloquant
   *Configuration*Firefox
   *Bloc*Connexion
   D{*}escription{*}En v5.4 la plateforme PICSEL DR et NP n'est pas utilisable
 
Tentative de création de compte candidat : [https://alias-front-np.picsel.defense.gouv.fr/candidat/creation-compte] {color:#de350b}Erreur 500{color}
 
Phénomènes reproduit chez [~authayak] 
 
 
 
   *Résultat attendu*Un candidat doit pouvoir créer un compte candidat ";;
473625;"01/22/2026 11:25";;"Impossible de générer un ESR";;l_lodigiani_dechamp;"Corrigé en production";"Anomalie fonctionnelle parcours Engagement";"05/09/2025 10:51";;;;;;ADT;;j_saint_julien;ROC-1705;b_poiron_ext;;;;Candidature;V4.20.0.8;;Bloquant;"Poste Intradef";https://reservistes.intradef.gouv.fr/interne/processus-candidature/candidature/260162/etape/creation-esr/generation;V4.20.0.7;Référent;;;;"Impossibilité de générer un ESR (5 cas minimum recensés ; pour certains le bloc de validation apparaît et d'autre non)";Bloquant;"Anomalie recrutement Imprim Ecran.docx"
476017;"01/22/2026 11:25";;"affichage des offres d'emploi";;;"Corrigé en production";;"05/12/2025 15:34";;;;;;"DP ROC";;b_poiron_ext;ROC-50;b_poiron_ext;;;;;V4.20;;;;;V4.19;;;;;"Anomalie remontée par CNE GAY (SSA)
TITREaffichage des offres d'emploi
*Configuration* Recette CAP v4.19.0.0
*URL*https://roc-recette-internet.fr.capgemini.com/lister-postes
*Identifiant :*
*Mot de passe :*
 
_mdp : Azertyuiop44!!!_ 
*Rôle* 
*Bloc* 
*Anomalie* Majeur
*Description* Lorsque le candidat consulte les offres d’emploi il ne visualise pas le sous-titre de l’emploi précisant le métier recherché Il visualise le descriptif de l’emploi affiché en double.
*Résultats attendus* L’offre d’emploi doit faire apparaitre le sous-titre de l’emploi en gras puis le descriptif
*Captures d’écrans*  +Fichiers+ :
 cf. PJ";;
475949;"01/22/2026 11:25";;"Ajout de documents dans la zone d'aide";;;"Corrigé en production";;"05/12/2025 15:34";;;;;;"DP ROC";;b_poiron_ext;ROC-524;b_poiron_ext;;;;;V4.20.0.2;;;;;V4.18.2;;;;;"
   *Environnement/ Version*PROD V4.18.2 et RECETTE CAP V4.20
   *Titre de l'anomalie*Ajout de documents dans la zone d'aide
   *Url*https://reservistes.intradef.gouv.fr/interne/admin/parametrage/document-zone-aide/ajout
   *Acteur*AF
   *Identifiants*4512_utilisateur
   *Mot de passe*Azertyuiop44!!!
   *Anomalie*Bloquante
   *Configuration*INTRADEF Chrome
   *Bloc*Paramétrage fonctionnel
   *description* * En Production : l'ajout d'un document résulte en l'affichage d'une erreur (cf. pj). Aucun document n'est ajouté à la zone d'aide
 * Sur Recette CAP : l'ajout d'un document résulte en l'affichage d'une erreur (identique à celle en pj à la position du pop-up près). Les documents de type pdf ne s'ajoute pas
   *Résultat attendu* # L'ajout du document souhaité étant pour anticiper le passage sous MDC proposition d'une solution de contournement pour le document (priorité haute
 # Rétablissement de la fonctionnalité sur serveur CAP (priorité moyenne)
   *Copies d'écran*Ajout_doc_aide.png";;
475826;"01/22/2026 11:25";;"AO/PIL - Création d'un délégataire sans compte ROC ";;;"Corrigé en production";;"05/12/2025 15:34";;;;;;"DP ROC";;b_poiron_ext;ROC-1321;b_poiron_ext;;;;;V4.20.0.6;;;;;V4.20.0.5;;;;;"  *Environnement/ Version*PPROD V4.20.0.5
   *Titre de l'anomalie*AO/PIL - Création d'un délégataire sans compte ROC 
   *Url*https://pprod-reservistes.cloud.defense.gouv.fr/interne/mon-compte/delegation/lister-donnees
 
   *Acteur*AO/PIL
   *Identifiants* 
   *Mot de passe*Azertyuiop44!!!
   *Anomalie*Majeur
   *Configuration*Poste INTRADEF FIREFOX ET EDGE
   *Bloc*Gestion des rôles
   *description*Lorsque la délégation est créé elle passe directement au statut ""refusé""
   *Résultat attendu*A la création de la délégation le statut de la délégation doit être ""en attente"" jusqu'à ce que le délégataire ait créé son compte
   *Copies d'écran* ";;
475773;"01/22/2026 11:25";;"[Engagement] - Candidat - L'enregistrement du Contôle du dossier du résultat de l'entretien et du CER valide la tuile non sauvegardé";;;"Corrigé en production";;"05/12/2025 15:32";;;;;;"DP ROC";;b_poiron_ext;ROC-119;b_poiron_ext;;;;;V4.20;;;;;V4.20;;;;;"TITREL'enregistrement du Contrôle du dossier valide la tuile et le résultat de l'entretien n'est pas enregistré
*Configuration* PIC
*URL*[https://roc-pic-intradef.fr.capgemini.com/interne/engager/engagement/processus-candidature/219991]
*Identifiant :*
*Mot de passe :*
 
_mdp : Azertyuiop44!!!_220101_candidat
REF : 5570_utilisateur
*Rôle*REF
*Bloc*Activité
*Anomalie* mineur
*Description* Se connecter avec le référent aller sur une candidature qui n'a pas fait la tuile contrôle du dossier.
Cliquer sur la tuile avec le référent/candidat.
Renseigner un champ.
Cliquer sur le Sauvegarder
 
Cliquer de nouveau sur la tuile.
*Résultats attendus* La tuile ""Contrôle du dossier"" passe en bleue avec la date du jour ""MAJ: XX/XX/XXXX""
*Résultats obtenus*Il faut renseigner tous les champs obligatoires pour enregistrer 
La tuile est validée avec la date du jour.
 
 


 ";;
475573;"01/22/2026 11:25";;"Accès au détail d'une activité mobilisant trop de réservistes";;;"Corrigé en production";;"05/12/2025 15:32";;;;;;"DP ROC";;b_poiron_ext;ROC-42;b_poiron_ext;;;;;V4.20;;;;;V4.18.2;;;;;"Configuration : INTRADEF PROD et PPROD (V 4.18.2.3)

url : [https://reservistes.intradef.gouv.fr/interne/activites/clotures/detail/[id_activite]]

identifiant : 4512_utilisateur (AF) et les référents concernés par les activités

Bloc : Activité

+Description+ : 

Lorsqu'un gestionnaire tente d'accéder côté DR au détail d'une activité à clôturer pour plus de 22 réservistes [id pour 23 réservistes : 14 87 665 id pour 55 réservistes : 13 70 670]  l'ouverture échoue et produit une erreur 500 probablement réellement un time-out compte tenu du temps de traitement (à confirmer avec les logs).

L'anomalie se produit également sur les activités ""à signer"" et ""à convoquer"" mais plus tests sont à mener pour déterminer les seuils d'échec.

Enfin ce comportement ne se reproduit pas côté NP pour le profil AF et REF.";;
475570;"01/22/2026 11:25";;"Engagement - Erreur 403 sur la modification des données personnelles d'un candidat";;;"Corrigé en production";;"05/12/2025 15:32";;;;;;"DP ROC";;b_poiron_ext;ROC-46;b_poiron_ext;;;;;V4.20;;;;;V4.20;;;;;"*Titre de l’anomalie*Erreur 403 sur la modification des données personnelles d'un candidat
*Configuration* PIC
*URL*[https://roc-pic-internet.fr.capgemini.com/candidat/modifier-donnees]
*Identifiant* 
*MDP*205073_candidat
_Azertyuiop44!!!_
*Rôle*Candidat
*Anomalie* Majeur
*Description* Se connecter avec un candidat
Cliquer sur ""Données personnelles""
ou
Cliquer sur ""Engagement""
Et cliquer sur l'icône pour éditer Mes informations / Compétences / Documents
!image-2024-10-07-17-39-43-929.png!
*Résultats attendus* Formulaire de modification des données personnelles.
*Résultats obtenus*Erreur 403 : Accès non autorisé
*Captures d’écrans*  !image-2024-10-07-17-38-15-439.pngwidth=359height=195!";;
475569;"01/22/2026 11:25";;"BO - Mes Contrats - Contrats en cours de renouvellement - Problème d'affichage checkbox et présence dans l'onglet";;;"Corrigé en production";;"05/12/2025 15:32";;;;;;"DP ROC";;b_poiron_ext;ROC-47;b_poiron_ext;;;;;V4.20;;;;;V4.20;;;;;"*Environnement :* PIC

*Url :* [https://roc-recette-intradef.fr.capgemini.com/interne/poste/creer/poste/2]

*Identifiant :* 

*Description :* 

Aller sur mes contrats dans l'onglet en cours

Certains contrats en cours de renouvellement ont dans le tableau la checkbox renouvellement alors que le processus est bien en cours

Certains contrats sont présents dans l'onglet en cours alors que le processus de renouvellement n'est pas initié sur le détail du contrat.";;
475567;"01/22/2026 11:25";;"suppression d'une activité "" en cours de creation""";;;"Corrigé en production";;"05/12/2025 15:32";;;;;;"DP ROC";;b_poiron_ext;ROC-49;b_poiron_ext;;;;;V4.20;;;;;V4.19;;;;;"Anomalie remontée par: LCL SALES (AAE)

 
TITREsuppression d'une activité "" en cours de création""
*Configuration* Recette CAP v4.19.0.0
*URL*[https://roc-recette-internet.fr.capgemini.com/interne/activites/creer/brouillonhttps://roc-pic-internet.fr.capgemini.com/reserviste/mes-deplacements/demandes-validees]
*Identifiant :*
*Mot de passe :*
 
_mdp : Azertyuiop44!!!_12743_utilisateur
*Rôle*Référent
*Bloc*Activités
*Anomalie* Mineur
*Description* La suppression des ""activités en cours de création"" est impossible le bouton « OUI » de la fenêtre modale est inactif.
*Résultats attendus* lorsqu'on clic sur le bouton OUI on doit être rediriger sur la page des activités en cours de création et l'activité est bien supprimé
*Captures d’écrans*  +Fichiers+ :
 cf. PJ";;
475565;"01/22/2026 11:25";;"Un emploi publié reste en cours de création";;;"Corrigé en production";;"05/12/2025 15:32";;;;;;"DP ROC";;b_poiron_ext;ROC-52;b_poiron_ext;;;;;V4.20;;;;;V4.19;;;;;"Anomalie remontée par CNE GAY (SSA)
TITREUn emploi publié reste en cours de création
*Configuration* Recette CAP v4.19.0.0
*URL*https://roc-recette-intradeft.fr.capgemini.com/interne/poste/créer/brouillon
*Identifiant :*
*Mot de passe :*
 
_mdp : Azertyuiop44!!!_4965_utilisateur
*Rôle*Référent
*Bloc*Gestion des emplois
*Anomalie* Majeur
*Description* Lorsque le  référent crée et publie un nouvel emploi le poste reste dans l’onglet « en cours de création ». 
Il est cependant publié dans les offres d’emploi.
*Résultats attendus* Un poste créé et publié doit basculer dans l’onglet « liste des emplois ».
*Captures d’écrans*  +Fichiers+ :
 cf. PJ";;
475562;"01/22/2026 11:25";;"Timeout sur les activités passées";;;"Corrigé en production";;"05/12/2025 15:32";;;;;;"DP ROC";;b_poiron_ext;ROC-55;b_poiron_ext;;;;;V4.20.0.1;;;;;V4.18.2;;;;;" 
TITRELe tableau des activités passées pour les rôles AF et AO Terre provoque un timeout.
*Configuration*Prod
*URL*https://roc-recette-intradeft.fr.capgemini.com/interne/poste/créer/brouillon
*Identifiant :*
*Mot de passe :*administrateur_fonctionnel + AO Terre
*Rôle*AF
*Bloc*Activité
*Anomalie* Majeur
*Description* Il y a un timeout sur le tableau des activités ""passées"" dû principalement au compteur du tableau (environ 400 000 données).
*Résultats attendus* Affichage du tableau.";;
475558;"01/22/2026 11:25";;"Utilisation non-autorisé de token/introspect ";;;"Corrigé en production";;"05/12/2025 15:32";;;;;;"DP ROC";;b_poiron_ext;ROC-104;b_poiron_ext;;;;;V4.20;;;;;V4.19;;;;;"L'erreur suivante a été trouvé dans les logs Symfony du front :

*[2024-10-09 11:59:27] app.CRITICAL: cURL error 3: <url> malformed (see [https://curl.haxx.se/libcurl/c/libcurl-errors.html]) for /token/introspect*

La spécification d'interface MinDef Connect Intradef v3.1.3 p.38 dit : 

*« La méthode de validation à utiliser est la validation locale. La validation par appel du endpoint Token_Introspection est interdite. »*

 ";;
475557;"01/22/2026 11:25";;"[Engagement] - Certaines tuiles passent en bleu avec la date du jour sans actions du candidat ou référent";;;"Corrigé en production";;"05/12/2025 15:32";;;;;;"DP ROC";;b_poiron_ext;ROC-108;b_poiron_ext;;;;;V4.20;;;;;V4.20;;;;;"TITRECertaines tuiles passent en bleu avec la date du jour sans actions du candidat ou référent
*Configuration* PIC
*URL* 
*Identifiant :*
*Mot de passe :*
 
_mdp : Azertyuiop44!!!_5570_utilisateur
*Rôle*REF
*Bloc*Activité
*Anomalie* mineur
*Description* Aller sur les différentes tuiles d'un candidat avec les tuiles correspondant sécurité visite médicale civile et militaire. à compléter.
Cliquer sur la tuile avec le référent/candidat.
Cliquer sur le lien de Retour.
*Résultats attendus* Correspondant sécurité : passe en bleu dès que le correspondant sécurité est désigné par le gestionnaire
Prise de rendez-vous : passe en bleu dès que le gestionnaire a tenté de prendre contact avec le candidat
Visite médicale civile : Il passe en bleu lorsque le candidat a téléchargé le certificat médical à faire remplir par son médecin traitant
Visite médicale militaire : passe en bleu lorsque le candidat a saisi et validé la date de sa visite médicale
FMP : Il passe en bleu lorsqu’une FPM est proposée par le gestionnaire
Contrôle du dossier : passe en bleu lorsque le gestionnaire a commencé à renseigner l’écran de contrôle et enregistré ses saisies
 
La tuile est toujours à compléter si aucun changement et enregistrement
*Résultats obtenus*La tuile est toujours mise à jour avec la date du jour.
!image-2024-10-21-09-25-45-763.png!

 ";;
475553;"01/22/2026 11:25";;"[Engagement] - Informations obligatoires - Blocage de la validation de la tuile et de la candidature";;;"Corrigé en production";;"05/12/2025 15:32";;;;;;"DP ROC";;b_poiron_ext;ROC-113;b_poiron_ext;;;;;V4.20;;;;;V4.20;;;;;"*Configuration* PIC
*URL*[https://roc-pic-internet.fr.capgemini.com/candidat/processus-candidature]
[https://roc-pic-intradef.fr.capgemini.com/interne/engager/engagement/processus-candidature/233676]
 
[https://roc-pic-intradef.fr.capgemini.com/interne/engager/engagement/processus-candidature/233674]
 
*Identifiant :*
*Mot de passe :*
 
_mdp : Azertyuiop44!!!_1 / 205809_candidat
REF : 5570_utilisateur
 
2/                                                                                                                                                        
abb.abc : Nouveau candidat
REF : 5570_utilisateur
*Rôle*REF CANDIDAT
*Bloc*Activité
*Anomalie* BLOQUANT
*Description*                     1 / Se connecter avec un candidat déjà présent sur ROC 
Cliquer sur la tuile informations obligatoires télécharger les deux documents cocher 
les cases et Valider la tuile Informations obligatoires sur une candidature 
 
2 / Créer un compte candidat faire la tuile de choix l'affectation puis cliquer sur la 
tuile informations obligatoires télécharger les deux documents cocher les cases et 
Valider la tuile Informations obligatoires sur une candidature 
*Résultats attendus*         La tuile est validée avec la date du jour
Message de succès
*Résultats obtenus*1 / La tuile est validée
Les différents blocs qui étaient accessibles par le référent ne sont plus cliquables             
la candidature est donc bloquée.
!image-2024-10-21-14-28-22-219.pngwidth=573height=415!
2 / La tuile ne se valide pas elle reste à compléter il faut se déconnecter se reconnecter 
et 
refaire les actions pour valider la tuile
!image-2024-10-21-12-44-32-384.pngwidth=556height=411!
 
 ";;
475542;"01/22/2026 11:25";;"Bouton créer une activité avec les réservistes disponibles génère une erreur 500";;;"Corrigé en production";;"05/12/2025 15:32";;;;;;"DP ROC";;b_poiron_ext;ROC-254;b_poiron_ext;;;;;V4.20.0.1;;;;;V4.19;;;;;"Anomalie remontée par: CC BOTA ( MN)

recette CAP 4.19.0.1 et PPROD 4.19.0.0

 *++* 
*Titre de l’anomalie*
 __ 
_Un titre résumant l’anomalie que l’on puisse clairement identifier._Bouton créer une activité avec les réservistes disponibles génère une erreur 500
*Configuration*
 __ ·          Firefox
·          PC bureau
·          INTRADEF
*URL*
 __ 
_L’url permet de vérifier le type d’environnement._[https://pprod-reservistes.intradef.gouv.fr/interne/calendrier/disponibilites-periode]
*Identifiant :*
*Mot de passe :*
 
_Cela permet de revérifier dans les mêmes conditions de test._
_Indiquez si le Mot de passe est différent de Azertyuiop44!!!_12743_utilisateur
*Rôle*REF
*Bloc*Calendrier/disponibilités par période
*Anomalie*
 __ 
 __ 
_Bloquante_ _:_ _qui ne peut pas fonctionner sans correction._
_Majeure_ _:_ _qui n’a pas abouti au résultat attendu une correction est souhaitable._
_Mineure_ __ _:_ _rencontre d’un fait technique sur un des composants dont l’impact est sans grande conséquence._Majeure
*Description* ** 
 __ 
_La bonne compréhension du résumé du ticket JIRA est l’« +élément clé+ » pour la résolution du problème._Le bouton « Créer une activité avec les réservistes disponibles »  génère une erreur 500.
 
 
*Résultats attendus*
 __ 
_Expliquez ce que l’on doit obtenir en fonctionnement normal._Normalement on doit pouvoir créer une activité à partir de la sélection des réservistes disponibles.
*Captures d’écrans*
 __ 
·   _« La +DATE+ et l’{+}HEURE{+} » permettent de retracer les logs afin d’identifier la nature de l’anomalie plus complexe._
 __ 
·   _Entourez la zone d’anomalie indiquez par des flèches ou autres avec Paint disponible sous Windows._
 __ 
·   _Les captures d’écrans claires et lisibles au format :_ 
_JPG PNG PDF DOCX XLS CSV…_
_+Exemple+_ _: A1.Jpg_ ";;
475539;"01/22/2026 11:25";;"tableau des controleurs vide";;;"Corrigé en production";;"05/12/2025 15:32";;;;;;"DP ROC";;b_poiron_ext;ROC-274;b_poiron_ext;;;;;V4.20.0.1;;;;;V4.19;;;;;"
   *Environnement/ Version*recette v4.19.0.1
 le tableau des controleurs vide
   *Url* 
   *Acteur*CTL/REF
   *Identifiant**10299_utilisateur/4674_utilisateur*
   *Mot de passe*Azertyuiop44!!!
   *Anomalie*BLOQUANTE
   *Configuration*SMOBI INTRADEF FIREFOX
   *Bloc*Activités
   *description*le tableau des contrôleur est vide  alors que le code CREDO lié au contrôleur a bien des activités passé a controler

   *Résultat attendu**le tableau doit contenir des lignes*
   *Copies d'écran* ";;
475536;"01/22/2026 11:25";;"[FPM] - Le pilote n'a pas accès à la gestion des FPM";;;"Corrigé en production";;"05/12/2025 15:32";;;;;;"DP ROC";;b_poiron_ext;ROC-317;b_poiron_ext;;;;;V4.20.0.1;;;;;V4.20;;;;;"*Titre* : [FPM] - Le pilote n'a pas accès à la gestion des FPM

*Configuration* : PIC 20.0.0

*Identifiant* :

Pilote : 2208_utilisateur

*URL* :  [https://roc-pic-intradef.fr.capgemini.com/interne/accueil-choix-bloc]

*Descriptif* :

Avec le Pilote

Via le menu cliquer sur Gestion puis Gestion des FPM en cours

*Résultat attendu* : 

Affichage de la page Gestion des formations prémilitaires en cours

Bouton de créer et tableau

*Résultat obtenu* :
Dans le menu Gestion le Pilote ne voit pas les liens Gestion des FPM en cours il ne peut donc pas créer des FPM.

CF. cartographie:

!image-2024-11-20-13-18-36-077.pngwidth=489height=80!

 ";;
475534;"01/22/2026 11:25";;"[Activités][Demande de signature] - AO ne pas faire de demande colonne Enaro non visible";;;"Corrigé en production";;"05/12/2025 15:32";;;;;;"DP ROC";;b_poiron_ext;ROC-319;b_poiron_ext;;;;;V4.20.0.1;;;;;V4.20;;;;;"*Titre* : [Activités][Demande de signature] - AO ne pas faire de demande colonne Enaro non visible

*Configuration* : PIC 20.0.0

*Identifiant* :

AO : admin.ter

*URL* :  [https://roc-pic-intradef.fr.capgemini.com/interne/activites/signer/liste]

*Descriptif* :

Se connecter

Via le menu cliquer sur ""Activités/Calendrier"" puis sur ""À signer""

*Résultat attendu* : 

Présence du bouton ""Demander la signature""

Le tableau contient la colonne Enaro

*Résultat obtenu* :

Le bouton ""Demander la signature"" n'est pas présent

La colonne Enaro n'est pas présente

 ";;
475532;"01/22/2026 11:25";;"[Engagement][FPM] - Exempter un candidat ne valide pas la tuile";;;"Corrigé en production";;"05/12/2025 15:32";;;;;;"DP ROC";;b_poiron_ext;ROC-321;b_poiron_ext;;;;;V4.20.0.1;;;;;V4.20;;;;;"*Titre* : [Engagement][FPM] - Exempter un candidat ne valide pas la tuile

*Configuration* : PIC 20.0.0

*Identifiant* :

AF : admin_fonctionnel

Candidat : abb.abc@getnada.com

*URL* :  [https://roc-pic-intradef.fr.capgemini.com/interne/engager/engagement/processus-candidature/233676]

*Descriptif* :

Se connecter avec l'AF

Accéder au suivi des candidatures

Cliquer sur le candidat qui n'a pas fait la tuile FPM

Cliquer sur la tuile FPM

Cliquer sur le bouton ""Exempter""

*Résultat attendu* : 

La tuile est validée avec la date du jour

*Résultat obtenu* :

La tuile est en cours avec la date du jour.

Si on clique sur la tuile les boutons et champs ne sont pas désactivés.

!https://jira-ci.fr.capgemini.com/jira/plugins/servlet/raven/attachment/70748/screenshot-1.png!

!https://jira-ci.fr.capgemini.com/jira/plugins/servlet/raven/attachment/70749/screenshot-2.pngwidth=444height=286!";;
475529;"01/22/2026 11:25";;"[Designation ATS] - Création d'une autorité signataire avec compte ROC";;;"Corrigé en production";;"05/12/2025 15:32";;;;;;"DP ROC";;b_poiron_ext;ROC-325;b_poiron_ext;;;;;V4.20.0.1;;;;;V4.20;;;;;"*Titre* : [Designation ATS] - Création d'une autorité signataire avec compte ROC

*Configuration* : PIC 20.0.0

*Identifiant* :

PIL/REF : 2208_utilisateur

Autorité : 7758_utilisateur

*URL* : [https://roc-pic-intradef.fr.capgemini.com/interne/autorite-signataire/liste]

*Descriptif* :

Se connecter

Cliquer sur le bloc fonctionnel ATS

Cliquer sur le bouton créer

Renseigner le formulaire avec un email d'un compte gestionnaire ROC

Cliquer sur Créer

 

Pilote :

*Résultat attendu* : 

Message d'avertissement : L'utilisateur existe déjà. Les informations lui concernant ont été récupérées. Re-cliquez sur le bouton de validation pour confirmer.

Les données récupérées (Nom Prenom Grade Nid Email ) sont bien les données de l'utilisateur

*Résultat obtenu :* 

!https://jira-ci.fr.capgemini.com/jira/plugins/servlet/raven/attachment/70972/screenshot-2.pngwidth=745height=455!

Référent : 

Pas de problèmes sur la récupération

Cliquer sur Créer

*Résultat attendu :*

L'ATS est affiché dans le tableau toutes les colonnes sont renseignées

*Résultat obtenu :*

Le Grade Nom Prénom n'est pas présent

!https://jira-ci.fr.capgemini.com/jira/plugins/servlet/raven/attachment/70971/screenshot-1.pngwidth=716height=307!

 

 

Si on clique sur l'ATS seul son grade n'est pas renseigné (il y a bien un grade [https://roc-pic-intradef.fr.capgemini.com/interne/admin/utilisateurs/gestionnaires/7758/modifier )https://roc-pic-intradef.fr.capgemini.com/interne/admin/utilisateurs/gestionnaires/7758/modifier]

!image-2024-11-21-14-48-20-624.pngwidth=657height=431!

 ";;
475524;"01/22/2026 11:25";;"[CRONS] - Problèmes de lock sur le messenger consumes des documents et emails";;;"Corrigé en production";;"05/12/2025 15:32";;;;;;"DP ROC";;b_poiron_ext;ROC-332;b_poiron_ext;;;;;V4.20.0.1;;;;;V4.20;;;;;"Description :

Les CRONS messenger consumes ne peuvent pas s'exécuter en parallèle.";;
475518;"01/22/2026 11:25";;"[Engagement] - Le souhait de contrat valide la tuile Création de l'ESR";;;"Corrigé en production";;"05/12/2025 15:32";;;;;;"DP ROC";;b_poiron_ext;ROC-342;b_poiron_ext;;;;;V4.20.0.1;;;;;V4.20;;;;;"*Titre* : [Engagement] - Le souhait de contrat valide la tuile Création de l'ESR

*Configuration* : PIC 20.0.0

*Identifiant* :

AF

Candidat : [adm.adm@getnada.commailto:adm.adm@getnada.com]

Candidat : [adn.adn@getnada.commailto:adm.adm@getnada.com]

*URL* :[ [https://roc-pic-intradef.fr.capgemini.com/interne/engager/engagement/processus-candidature/233674]https://roc-pic-intradef.fr.capgemini.com/interne/engager/engagement/processus-candidature/233674]

 

*Descriptif* :

Se connecter avec un candidat et un AF.

Valider l'ensemble des tuiles sauf la tuile souhait de contrat

Avec le candidat valider la tuile souhait de contrat

Rafraichir la page de suivi d'engagement avec l'AF

*Résultat attendu* : 

La création est à compléter

*Résultat obtenu :* 

La tuile Création de l'ESR est validé.

Il n'est donc pas possible de générer l'ESR.

!image-2024-11-25-16-08-52-934.pngwidth=564height=426!";;
475517;"01/22/2026 11:25";;"[Export] - E-billets - Le fichier exporté ne prend pas en compte le rôle";;;"Corrigé en production";;"05/12/2025 15:32";;;;;;"DP ROC";;b_poiron_ext;ROC-343;b_poiron_ext;;;;;V4.20.0.2;;;;;V4.20;;;;;"*Titre* : [Export] - E-billets -Le fichier exporté ne prend pas en compte le rôle

*Configuration* : PIC 20.0.0

*Identifiant* :

AF

Référent / Pilote : 2208_utilisateur

*URL* :  [https://roc-pic-intradef.fr.capgemini.com/interne/mes-deplacements/billets-archives]

*Descriptif* :

Avec l'AF accéder à l'URL  cliquer sur Export des commandes archivées

 

*Résultat attendu* : 

Le fichier exporté prend en compte le rôle de l'utilisateur pour exporter les e-billets de son périmètre.

*Résultat obtenu* :

Le fichier exporté par l'AF est le même fichier que le référent et pilote.

 

Le pilote et référent ont 105 000 e-billets exportés alors qu'ils ont 270 lignes dans le tableau archives";;
475512;"01/22/2026 11:25";;"[Engagement] - Visite médicale civil - Données obligatoires empêche l'enregistrement";;;"Corrigé en production";;"05/12/2025 15:32";;;;;;"DP ROC";;b_poiron_ext;ROC-359;b_poiron_ext;;;;;V4.20.0.2;;;;;V4.20.0.2;;;;;"*Titre* : [Engagement] - Visite médicale civil - Données obligatoires empêche l'enregistrement

*Configuration* : PIC 20.0.0

*URL* : [https://roc-pic-internet.fr.capgemini.com/candidat/processus-candidature/etape/visite-medicale-civile]

*Descriptif* :

Avec un candidat accéder à l'engagement

Cliquer sur la tuile Visite médicale civile

Renseigner un champ

Cliquer sur Enregistrer

*Résultat attendu* : 

Retour sur le processus d'engagement

La tuile est mise à jour avec la date du jour

 

*Résultat obtenu* :

Les champs sont obligatoires alors qu'on enregistre

 

 

!image-2024-11-26-12-39-42-454.pngwidth=830height=554!";;
475511;"01/22/2026 11:25";;"[Suppresion Rôle] - Erreur 403 à la connexion d'un ancien ATS";;;"Corrigé en production";;"05/12/2025 15:32";;;;;;"DP ROC";;b_poiron_ext;ROC-360;b_poiron_ext;;;;;V4.20.0.1;;;;;V4.20;;;;;"*Titre* : [Suppresion Rôle] - Erreur 403 à la connexion d'un ancien ATS

*Configuration* : PIC 20.0.0

*Identifant* : AF

*URL* : [https://roc-pic-intradef.fr.capgemini.com/interne/admin/utilisateurs/gestionnaires/8890/modifier]

*Descriptif* :

Avec l'AF supprimer le Role ATS à un utilisateur ATS qui *n'a pas paramétré sa signature*

Se connecter avec l'utilisateur concerné

*Résultat attendu* : 

Affichage de la page d'accueil 

*Résultat obtenu* :

Erreur 403 il y a l'url du parametrage-signature alors qu'on est plus ATS.

!image-2024-11-26-14-08-54-430.pngwidth=754height=417!";;
475505;"01/22/2026 11:25";;"[Engagement] - Le bloc Validation définitive n'apparaît pas";;;"Corrigé en production";;"05/12/2025 15:32";;;;;;"DP ROC";;b_poiron_ext;ROC-465;b_poiron_ext;;;;;V4.20.0.1;;;;;V4.20;;;;;"*Titre* : [Engagement] - Le bloc Validation définitive n'apparaît pas

*Configuration* : PIC 20.0.0

*Identifiant* :

REF ! 5570_utilisateur

Candidat : adq.adq@getnada.com  adp.adp@getnada.com

*URL* : [https://roc-pic-intradef.fr.capgemini.com/interne/engager/engagement/processus-candidature/233678]

*Descriptif* :

Sur un candidat valider la tuile contrat.

*Résultat attendu* : 

Côté candidat la tuile contrat est validé avec la date du jour l'esr signé est présent dans la liste des documents.

Coté référent 

La création de l'esr est validé avec la date du jour le document esr signé est présent et la tuile validation définitive est présente.

*Résultat obtenu :* 

La tuile validation définitive n'est pas présente.

!image-2024-11-28-11-31-37-249.pngwidth=513height=447!

 ";;
475503;"01/22/2026 11:25";;"[Espace Qualité] - Erreur sur l'export de tous les référentiels";;;"Corrigé en production";;"05/12/2025 15:32";;;;;;"DP ROC";;b_poiron_ext;ROC-487;b_poiron_ext;;;;;V4.20.0.2;;;;;V4.20;;;;;"*Titre* :[Espace Qualité] - Erreur sur l'export de tous les référentiels

*Configuration* : PIC 20.0.0

*Identifiant* :

AF

*URL*  :[https://roc-pic-intradef.fr.capgemini.com/interne/admin/extractions-massives/referentiel]

*Descriptif* :

Se connecter avec l'AF

Au niveau du menu cliquer sur Gestion puis sur Espace qualité.

Cliquer sur Téléchargement .csv au niveau de l'export de tous les référentiels

*Résultat attendu* : 

Téléchargement d'un fichier csv

*Résultat obtenu :*

*!image-2024-12-02-10-21-18-939.pngwidth=408height=239!*

 ";;
475496;"01/22/2026 11:25";;"500 Lister Affiliations Data Table";;;"Corrigé en production";;"05/12/2025 15:32";;;;;;"DP ROC";;b_poiron_ext;ROC-547;b_poiron_ext;;;;;V4.20.0.2;;;;;V4.20;;;;;"Lors des tests croisés on remarque une 500 (déjà présente) sur 
[/interne/admin/utilisateurs/gestionnaires/15818/modifier http://redhat.reserves2019.fr:2010/interne/admin/utilisateurs/gestionnaires/15818/modifier]
(VM de dev)

il y'a une coquille dans la fonction listerAffiliationsDataTable 
->addSelect('unite.refuniteLibelle AS unite')
->leftJoin('receveur.utilisateurUnite' 'unite')

Problème on alias deux fois unite et ce n'est pas refuniteLibelle mais refUniteLibelle

Pour ne pas fausser la TNR de Maxence on ajoute la correction dans le ticket de clean back ROC-255";;
475494;"01/22/2026 11:25";;"[Observabilité] - Ancien numéro de version sur les routes api";;;"Corrigé en production";;"05/12/2025 15:32";;;;;;"DP ROC";;b_poiron_ext;ROC-560;b_poiron_ext;;;;;V4.20.0.2;;;;;V4.20.0.1;;;;;"*Titre* : [Observabilité] - Ancien numéro de version sur les routes api

*Configuration* : PIC 20.0.1

*Descriptif* :

Accéder aux routes /health et /info

*Résultat attendu* : 

version : ""4.20.0.1""

*Résultat obtenu* :

version : ""4.19.0.0""

!image-2024-12-09-15-08-48-749.png!";;
475491;"01/22/2026 11:25";;"[Engagement] - Erreur 500 accès candidature";;;"Corrigé en production";;"05/12/2025 15:32";;;;;;"DP ROC";;b_poiron_ext;ROC-575;b_poiron_ext;;;;;V4.20.0.2;;;;;V4.20.0.1;;;;;"*Titre* : [Engagement] - Gestionnaire - Erreur accès candidature

*Configuration* : PIC 20.0.1

*Identifiant* :

REF : 5570_utilisateur

*URL* :  [https://roc-pic-intradef.fr.capgemini.com/interne/engager/engagement/processus-candidature/200605]

[https://roc-pic-intradef.fr.capgemini.com/interne/engager/engagement/processus-candidature/213825]

[https://roc-pic-intradef.fr.capgemini.com/interne/engager/engagement/processus-candidature/228019]

*Descriptif* :

Se connecter avec REF

Accéder au suivi des candidatures

Cliquer sur un candidat

*Résultat attendu* : 

Affichage de la page d'engagement

*Résultat obtenu* :

Erreur 500

!image-2024-12-10-16-03-49-426.pngwidth=798height=413!";;
475490;"01/22/2026 11:25";;"[Choix affectation] - Impossible d'accéder au choix d'affectation";;;"Corrigé en production";;"05/12/2025 15:32";;;;;;"DP ROC";;b_poiron_ext;ROC-585;b_poiron_ext;;;;;V4.20.0.2;;;;;V4.20.0.1;;;;;"*Titre* : [Choix affectation] - Impossible d'accéder au choix d'affectation

*Configuration* : PIC internet

*URL* : [https://roc-pic-internet.fr.capgemini.com/candidat/processus-candidature]

*Descriptif* :

Se connecter en tant que candidat avec le bloc Choix d'affectation non validé
Cliquer sur le bloc ""Engagement""
Cliquer sur ""Choix d'affectation""

*Résultat attendu* : 

Affichage de la page ""Je choisis mon unité""

*Résultat obtenu* :

Affichage d'une page d'erreur (err 500)

!image-2024-12-11-11-29-20-713.png!";;
475489;"01/22/2026 11:25";;"[Correspondant sécurité] - REF/PIL - Présence de correspondant en dehors du périmètre";;;"Corrigé en production";;"05/12/2025 15:32";;;;;;"DP ROC";;b_poiron_ext;ROC-587;b_poiron_ext;;;;;V4.20.0.2;;;;;V4.20.0.1;;;;;"*Titre* : [Correspondant sécurité] - REF/PIL - Présence de correspondant en dehors du périmètre

*Configuration* : PIC 20.0.1

*Identifiant* :

REF/PIL : 2208_utilisateur

*URL* :

[https://roc-pic-intradef.fr.capgemini.com/interne/unite/officier-securite]

[https://roc-pic-intradef.fr.capgemini.com/interne/unite/officier-securite/517/visualiser]

*Descriptif* :

Se connecter

Cliquer sur le bloc fonctionnel ATS

Cliquer sur le correspondant

*Résultat attendu* : 

Affichage des CS du périmètre du référent/pilote

*Résultat attendu* : 

Affichage de tous les CS de l'application

si on clique sur un correspondant en dehors du périmètre 

!image-2024-12-11-11-48-27-448.png!";;
475480;"01/22/2026 11:25";;"Activités - Access Denied";;;"Corrigé en production";;"05/12/2025 15:32";;;;;;"DP ROC";;b_poiron_ext;ROC-605;b_poiron_ext;;;;;V4.20.0.2;;;;;V4.20.0.2;;;;;"Access denied sur les activités dont la date de fin est antérieure à la date du jour. ";;
475471;"01/22/2026 11:25";;"Connexion ADR impossible sur INTRADEF";;;"Corrigé en production";;"05/12/2025 15:32";;;;;;"DP ROC";;b_poiron_ext;ROC-629;b_poiron_ext;;;;;V4.20.0.3;;;;;V4.20.0.2;;;;;"Mauvais typage dans le retour de la fonction ne permet plus au ADR de se connecter sur intradef

internet ok

 ";;
475493;"01/22/2026 11:25";;" Téléversement fichier impossible ";;;"Corrigé en production";;"05/12/2025 15:32";;;;;;"DP ROC";;b_poiron_ext;ROC-562;b_poiron_ext;;;;;"LIVRAISON HORS VERSION";;;;;V4.20.0.1;;;;;"
   *Environnement/ Version**RECETTE CAP  PICSEL v4.20.0.1 /Intradef/Internet*
   *Titre de l'anomalie*Téléversement fichier impossible
   *Url* 
   *Acteur*AF/ REF/candidat
   *Identifiant**4512_utilisateur*
   *Mot de passe*Azertyuiop44!!!
   *Anomalie*BLOQUANTE
   *Configuration*INTRADEF FIREFOX
   *Bloc*engagement/ activité/ donnés personnelle
   *Description*Il est impossible de téléverser des fichiers lors : * la création d'une activité
 * le parcours candidat ( CER Certificat médical ...)
 * et tout le reste
 * Dans les données personnelle
   *Résultat attendu**on doit pouvoir téléverser les document afin de par exemple compléter le parcours engagement et aboutir a un ESR*
   *Copies d'écran* 

 ";;
475464;"01/22/2026 11:25";;"[E-billets] - R01 - Erreur 500 demande e-billet";;;"Corrigé en production";;"05/12/2025 15:32";;;;;;"DP ROC";;b_poiron_ext;ROC-651;b_poiron_ext;;;;;V4.20.0.4;;;;;V4.20.0.3;;;;;"*Titre* : [E-billets] - R01 - Erreur demande e-billet

*Configuration* : PIC 20.0.3

*Identifiant* :

R01 : 44307_reserviste.roc@getnada.com

*URL* :  [https://roc-pic-intradef.fr.capgemini.com/interne/mes-deplacements/billets-archives]

*Descriptif* :

Se connecter avec un RO1

Via le menu cliquer sur ""Déplacements"" puis sur ""Demander un e-billet""

Renseigner un numéro d'ordre de transport et valider

*Résultat attendu* :

Message de succès : "" Votre demande d'e-billet a été enregistrée.""

Affichage de la page ""Mes demandes de e-billet""

Onglet ""Mes demandes en attentes"" ouvert

*Résultat obtenu* :

!image-2024-12-20-17-40-39-944.png!";;
475463;"01/22/2026 11:25";;"[E-billets] - R01 - Erreur 500 sur la page Mes demandes mes e-billets mon historique";;;"Corrigé en production";;"05/12/2025 15:32";;;;;;"DP ROC";;b_poiron_ext;ROC-653;b_poiron_ext;;;;;V4.20.0.4;;;;;V4.20.0.3;;;;;"*Titre* : [E-billets] - R01 - Erreur demande e-billet

*Configuration* : PIC 20.0.3

*Identifiant* :

R01 : 44307_reserviste.roc@getnada.com

*URL* :  [https://roc-pic-intradef.fr.capgemini.com/interne/mes-deplacements/billets-archives]

*Descriptif* :

Se connecter avec un RO1

Via le menu cliquer sur ""Déplacements"" puis sur ""Mes demandes""

Via le menu cliquer sur ""Déplacements"" puis sur ""Mes e-billets""

Via le menu cliquer sur ""Déplacements"" puis sur ""Mon historique""

*Résultat attendu* :

Affichage des différentes pages

*Résultat obtenu* :

!image-2024-12-20-18-03-54-206.pngwidth=719height=432!

!image-2024-12-20-18-04-23-279.pngwidth=721height=446!

!image-2024-12-20-18-04-59-968.pngwidth=721height=460!

 

 ";;
475455;"01/22/2026 11:25";;"Access token au mauvais format C1NP Preprod";;;"Corrigé en production";;"05/12/2025 15:32";;;;;;"DP ROC";;b_poiron_ext;ROC-712;b_poiron_ext;;;;;V4.20.0.4;;;;;V4.20.0.3;;;;;"Lors de la mise en pré-production sur C1NP la DP a été notifiée via les logs de ROC que l'access token était au mauvais format.

En effet le retour fait par la PAPI serait différent de ce qui est habituellement attendu.";;
475454;"01/22/2026 11:25";;"[E-billet] problème de typage dans l'ordre de transport";;;"Corrigé en production";;"05/12/2025 15:32";;;;;;"DP ROC";;b_poiron_ext;ROC-714;b_poiron_ext;;;;;V4.20.0.4;;;;;V4.20.0.3;;;;;"Dans le cadre des tests PICSEL lors de la demande de e-billet au moment de la saisie du numéro d'ordre de transport la saisie peut être un ""string"". 

Mettre en cohérence le code pour que ce type soit accepté. 

Pour les développeurs voici l'erreur :

App\Repository\CommandeBilletRepository::getNombreOccurenceNumeroOrdreTransportReserviste(): Argument #2 ($numeroOrdreTransport) must be of type int string given called in /var/www/html/roc-back/src/Service/ServicesMesDeplacements/DemandeBilletService.php on line 455";;
475415;"01/22/2026 11:25";;"Erreur de communication Back - Back";;;"Corrigé en production";;"05/12/2025 15:32";;;;;;"DP ROC";;b_poiron_ext;ROC-1057;b_poiron_ext;;;;;"LIVRAISON HORS VERSION";;;;;V4.20.0.5;;;;;"Passage en commenté d'une partie du code pour débloquer l'analyse d'erreur.

-> Poussée au chef Deroche jeudi 06/02 à 9h30";;
475411;"01/22/2026 11:25";;"[Information et Aide] erreur 500 sur l'accès de la page";;;"Corrigé en production";;"05/12/2025 15:32";;;;;;"DP ROC";;b_poiron_ext;ROC-1131;b_poiron_ext;;;;;V4.20.0.6;;;;;V5.1;;;;;"*Titre* : [Information et Aide] erreur 500 sur l'accès de la page

*Configuration* : DEV 5.1

*Identifiant :*  Pilote 177

*Descriptif* :

Se connecter sur Intradef et se rendre sur cette url http://redhat.reserves2019.fr:2010/interne/information

*Résultat attendu* :

!image-2025-02-11-15-50-40-124.png!

*Résultat obtenu :* 

 

!image-2025-02-11-15-51-26-106.png!";;
475552;"01/22/2026 11:25";;"[Designation ATS] - Création d'une autorité signataire avec compte ROC KO";;;"Corrigé en production";;"05/12/2025 15:32";;;;;;"DP ROC";;b_poiron_ext;ROC-116;b_poiron_ext;;;;;V4.20;;;;;V4.20;;;;;"*Configuration* PIC
*URL*[https://roc-pic-intradef.fr.capgemini.com/interne/autorite-signataire/creer]
*Identifiant :*
*Mot de passe :*
 
_mdp : Azertyuiop44!!!_email utilisateur présent dans ROC sans rôle : 4601_utilisateur.roc@getnada.com
5570_utilisateur
*Rôle*REF
*Bloc*ATS
*Anomalie* Majeur
*Description* ** Se connecter avec le référent
Cliquer sur le bloc ""Gérer mes ATS""
Je clique sur le bouton ""Créer"" en haut de la page.
Renseigner un Grade
Renseigner un Nom
Renseigner un Prénom
Renseigner un NID
Renseigner une fonction
Renseigner un Email ( email d'un utilisateur présent dans ROC)
Cliquer sur Créer
*Résultat attendu*Redirection sur la liste des ATS
L'ATS est en attente dans la liste.
Réception d'un mail.
*Résultats obtenus*!image-2024-10-21-15-17-28-854.pngwidth=511height=291!
 
 ";;
475385;"01/22/2026 11:25";;"Erreur 404 lié à l'ATM ";;;"Corrigé en production";;"05/12/2025 15:32";;;;;;"DP ROC";;b_poiron_ext;ROC-1273;b_poiron_ext;;;;;"LIVRAISON HORS VERSION";;;;;V4.20.0.5;;;;;"
   *Environnement/ Version*PPROD V4.20.0.5
   *Titre de l'anomalie*Lien conduisant à erreur lors de l'envoie d'un mail à l'ATM 
   *Url*[https://pprod-reservistes.intradef.gouv.fr/interne/loginhttps://pprod-reservistes.intradef.gouv.fr/afficher-validation/221865/contrat/167917/token/865bd8cf6732a48fe6a3978cb2cd1310]
 
   *Acteur*Autorité militaire 
   *Identifiants**742_utilisateur*
   *Mot de passe*Azertyuiop44!!!
   *Anomalie*Majeur
   *Configuration*SMOBI INTRADEF FIREFOX ET EDGE
   *Bloc*Contrat 
   *description* 
L'ATM reçoit le message comportant un lien pour qu'il puisse valider le renouvellement du contrat. En cliquant sur le lien affichage erreur 404
   *Résultat attendu*En cliquant sur le lien affichage interface comportant l'avis de reconduction par l'autorité militaire et permettant de valider l'étape
   *Copies d'écran* ";;
475379;"01/22/2026 11:25";;"Activités sans codes activités";;;"Corrigé en production";;"05/12/2025 15:32";;;;;;"DP ROC";;b_poiron_ext;ROC-1285;b_poiron_ext;;;;;"LIVRAISON HORS VERSION";;;;;V4.18.2;;;;;"En prod suite mise à jour des codes activités hier (livraison du 2025_02_03) des activités dans la liste des activités n'ont plus de libellés alors qu'auparavant pour certaines d'entres elles elles étaient rattachées au code 765.

La page avec le détail des activités en question génère maintenant une erreur 500.

Question : dans la page de détail d'une activité utilise-t-on l'id du code activité ou le code activité lui-même ? 

Cette anomalie est critique car les codes activités servent à la facturation des activités.

 ";;
475369;"01/22/2026 11:25";;"[ENGAGEMENT] - validation automatique de l'étape création d'ESR";;;"Corrigé en production";;"05/12/2025 15:32";;;;;;"DP ROC";;b_poiron_ext;ROC-1403;b_poiron_ext;;;;;V4.20.0.7;;;;;V4.20.0.6;;;;;"*Titre* : [ENGAGEMENT] - validation automatique de l'étape création d'ESR

*Configuration* : PICSEL v4.20.0.6

*URL* :

*Identifiant :*  REF : 12743_utilisateur

*Descriptif* :

lorsque un candidat valide en tout dernier le bloque ""souhait de contrat"" cela valide automatiquement le bloque ""création d'ESR"" coté Référent.

Le bloque"" validation définitive"" ne peut donc pas apparaitre et le parcours est bloqué.

l'erreur apparait systématiquement avec des nouveau candidat

cheminement suivi:

{color:#4c9aff}candidat: information obligatoire–>Habillement–>visite médicale civile{color}

{color:#ff8b00}référent: prise de RDV–>désignation Correspondant sécurité (CS){color}

{color:#4c9aff}candidat: téléversement CER{color}

CS: validation CER

{color:#ff8b00}référent: valider le bloc{color}{color:#ff8b00} sécurité–>entretien en unité{color}

{color:#4c9aff}candidat: visite médicale militaire{color}

{color:#ff8b00}référent: validation visite médicale militaire–>FPM–>contrôle du dossier{color}

{color:#4c9aff}candidat: souhait de contrat{color}

*{color:#de350b}référent: le bloque ""création d'ESR"" est validé et le processus bloqué{color}*

 

*Résultat attendu* : 

le référent devrais pouvoir valider la création de l'ESR  puis générer l'ESR pour signature par candidat

*Résultat obtenu :* 

le bloque ""création d'ESR"" est validé sans avoir effectué d'action la parcours est bloqué

 

 

 ";;
475368;"01/22/2026 11:25";;"[ENGAGEMENT] - manque donnees personnelle bloque engagement";;;"Corrigé en production";;"05/12/2025 15:32";;;;;;"DP ROC";;b_poiron_ext;ROC-1404;b_poiron_ext;;;;;"LIVRAISON HORS VERSION";;;;;V4.20.0.6;;;;;"*Titre* : manque données personnelle bloque engagement

*Configuration* : PICSEL v4.20.0.6

*URL* :https://alias-front-np.picsel.defense.gouv.fr/candidat/processus-candidature

*Identifiant :*  

*Descriptif* :a la création du candidat  les données personnelles sont accessible et bien présente sur la partie gauche du bloque ""ENGAGEMENT""

une fois que le candidat choisi son unité les données sur la gauche disparaisses et quand on clique sur le nom de la personne ou sur le bloque "" données personnelle"" il y a une erreur 500

Le référent ne voit pas non plus les données du candidat dans le bloque engagement alors que les données des candidats déjà présent dans la base sont bien visible

 

{color:#4c9aff} {color}*Résultat attendu* : 

les données personnelles et le documents téléversé par le candidat doivent être accessible et visible sur la gauche

*Résultat obtenu :* 

erreur 500 sur les données personnelle et manque de données

 

 

 

 ";;
475367;"01/22/2026 11:25";;"Pages de maintenance sur la préprod C1NP";;;"Corrigé en production";;"05/12/2025 15:32";;;;;;"DP ROC";;b_poiron_ext;ROC-1409;b_poiron_ext;;;;;"LIVRAISON HORS VERSION";;;;;V4.20.0.5;;;;;"Scénario de test :

Accéder à la mire de connexion MDC sur ROC internet via /[interne;reserviste/ro1;reserviste/ro2;candidat]/login

La même comportement est constaté lors de l'accès à la bourse aux emplois.

Résultat attendu :

Accès à la mire MDC

Résultat constaté :

Affichage de la page de maintenance

+Erreurs dans les logs du 25/03 (à 08 :22 :21) :+

_(roc-front_access.log)_

185.79.148.56 192.168.34.12 192.168.34.1 - [25/Mar/2025:08:22:21 +0100] ""GET /interne/login HTTP/1.1"" 500 22141 ""[https://pprod-reservistes.cloud.defense.gouv.fr/my.policy]"" ""Mozilla/5.0 (Linux; Android 10; K) AppleWebKit/537.36 (KHTML like Gecko) SamsungBrowser/27.0 Chrome/125.0.0.0 Mobile Safari/537.36""

_(preprod.critical)_

[2025-03-25 08:22:21] app.CRITICAL: [500] Erreur serveur sur ""GET /v7/api/parametres/ref_parametre_applicatifs/items/0""  {""type"":""https:\/\/[tools.ietf.orghttp://tools.ietf.org/]\/html\/rfc2616#section-10""""title"":""An error occurred""""status"":500""detail"":""Internal Server Error""}  Parametres : page=1&taille=1000 

[2025-03-25 08:22:21] request.CRITICAL: Uncaught PHP Exception Error: ""Call to a member function getRefParametreValeur() on null"" at LoginController.php line 155 \{""exception"":""[object] (Error(code: 0): Call to a member function getRefParametreValeur() on null at /var/www/html/roc-front/src/Controller/LoginController.php:155)""}

_(preprod.error)_

[2025-03-25 08:22:21] app.CRITICAL: [ErreurWS] [500] Erreur serveur sur ""GET /v7/api/parametres/ref_parametre_applicatifs/items/0""  {""type"":""https:\/\/[tools.ietf.orghttp://tools.ietf.org/]\/html\/rfc2616#section-10""""title"":""An error occurred""""status"":500""detail"":""Internal Server Error""}  Parametres : page=1&taille=1000 

[2025-03-25 08:22:21] app.ERROR: ReferentielCacheService - référentiel App\Entity\RefParametre retourné sans cache suite à erreur : [500] Erreur serveur sur ""GET /v7/api/parametres/ref_parametre_applicatifs/items/0""  {""type"":""https:\/\/[tools.ietf.orghttp://tools.ietf.org/]\/html\/rfc2616#section-10""""title"":""An error occurred""""status"":500""detail"":""Internal Server Error""}  Parametres : page=1&taille=1000 

[2025-03-25 08:22:21] app.CRITICAL: [ErreurWS] [500] Erreur serveur sur ""GET /v7/api/parametres/ref_parametre_applicatifs/items/0""  {""type"":""https:\/\/[tools.ietf.orghttp://tools.ietf.org/]\/html\/rfc2616#section-10""""title"":""An error occurred""""status"":500""detail"":""Internal Server Error""}  Parametres : page=1&taille=1000 

[2025-03-25 08:22:21] app.CRITICAL: [500] Erreur serveur sur ""GET /v7/api/parametres/ref_parametre_applicatifs/items/0""  {""type"":""https:\/\/[tools.ietf.orghttp://tools.ietf.org/]\/html\/rfc2616#section-10""""title"":""An error occurred""""status"":500""detail"":""Internal Server Error""}  Parametres : page=1&taille=1000 

[2025-03-25 08:22:21] request.CRITICAL: Uncaught PHP Exception Error: ""Call to a member function getRefParametreValeur() on null"" at LoginController.php line 155 \{""exception"":""[object] (Error(code: 0): Call to a member function getRefParametreValeur() on null at /var/www/html/roc-front/src/Controller/LoginController.php:155)""}

 ";;
475363;"01/22/2026 11:25";;"Vérification du script de mise à jour du référentiel code activité";;;"Corrigé en production";;"05/12/2025 15:32";;;;;;"DP ROC";;b_poiron_ext;ROC-1485;b_poiron_ext;;;;;"LIVRAISON HORS VERSION";;;;;V4.18.2;;;;;"Contexte :

Suite à la dernière mise à jour du référentiel activité certaines dates de validité des codes et index ont été altérés. Au total 47 codes ont été impactés.

Actions attendues :
 * Valider/corriger si nécessaire les scripts ou celui que vous trouvez le plus opportun. L’objectif c’est d’être sûrs que tout est mis à jour.

Pièces jointes :
 * S9.sql : Script de mise à jour du référentiel
 * S12.sql : Script de mise à jour du référentiel + test de bonne réalisation du script
 * liste_index_code_activites_impactes.xlsx : fichier récapitulatif des codes activités impactés. En rouge la nouvelle valeur attendu à la suite de l'exécution du script";;
475362;"01/22/2026 11:25";;"Mauvaise définition des crons (back DR)";;;"Corrigé en production";;"05/12/2025 15:32";;;;;;"DP ROC";;b_poiron_ext;ROC-1491;b_poiron_ext;;;;;"LIVRAISON HORS VERSION";;;;;V4.20.0.7;;;;;"2 anomalies relevées sur les crons back Intradef :

L’envoi des courriels se déclenche toutes les minutes avec un timeout à 5 minutes -> problème de surcharge / empilement.
-> Il faut que le timeout soit ? fréquence de déclenchement.
-> passer la fréquence à 5 minutes

La tâche mes_activites_ordres_convocation_cron s’exécute toutes les 5 minutes mais les logs (quotidiens) sont écrasés à chaque itération.
-> ajouter dans les logs (`>>` au lieu de `>`) ou régler la tâche à quotidienne. De plus mettre la fréquence à jour dans le manuel d'exploitation.

Penser à mettre à jour les manuels d’installation / exploitation.

Se référer à la [table des crons sur Confluencehttps://jira-ci.fr.capgemini.com/confluence/display/RES/Crons+des+environnements] pour l'état des lieux";;
475364;"01/22/2026 11:25";;"Cache TCPDF ne se vide pas";;;"Corrigé en production";;"05/12/2025 15:32";;;;;;"DP ROC";;b_poiron_ext;ROC-1484;b_poiron_ext;;;;;V4.20.0.7;;;;;V4.20.0.7;;;;;"L'objet TCPDF créé dans le back n'est jamais détruit donc des traces restent dans le cache qui n'est pas vidé des assets compilé pour générer le PDF.";;
475396;"01/22/2026 11:25";;"Gestion du cas d'erreur PAPI - complément 1055";;;"Corrigé en production";;"05/12/2025 15:32";;;;;;"DP ROC";;b_poiron_ext;ROC-1224;b_poiron_ext;;;;;V4.20.0.6;;;;;V4.20.0.5;;;;;"Enrichissement de la retry strategy sur la PAPI.

Cette anomalie n'est pas bloquante pour le passage en PPROD mais débloque l'analyse en cas d'erreur dans les transferts via la PAPI. ";;
475359;"01/22/2026 11:25";;"[Ansible] problème de création {{ www }}/var/log/crons";;;"Corrigé en production";;"05/12/2025 15:32";;;;;;"DP ROC";;b_poiron_ext;ROC-1499;b_poiron_ext;;;;;"LIVRAISON HORS VERSION";;;;;V4.20.0.7;;;;;"Investiguer et corriger la non-création du répertoire {{{\{ www }}/var/log/{*}crons{*}}} (alors que {{{\{ www }}/var/log}} est bien créé) lors de l’installation de ROC";;
475358;"01/22/2026 11:25";;"Code activité - Mise à jour des activités impactées ";;;"Corrigé en production";;"05/12/2025 15:32";;;;;;"DP ROC";;b_poiron_ext;ROC-1507;b_poiron_ext;;;;;"LIVRAISON HORS VERSION";;;;;V4.18.2;;;;;"*Description*
 * Action à réaliser : Vérifier l'impact du script de maj des codes activités (en pj) sur les activités et les modèles et créer un script de correction si besoin. Le référentiel tel qu'attendu par l'AAE sera fourni ainsi qu'un dump de production anonymisé. 
 * Objectif de l’action : Mise en conformité des activités avec les codes d'activités utilisés dans le SIRH
 * Type d’Enabler (exploration conformité architecture infrastructure) :

*Critères techniques d’acceptation*
 * Performance :
 * Sécurité :
 * Test de bon fonctionnement global de l’application :
 ** Vérification de la bonne mise à jour à l'aide d'une extraction des fichiers ref_code_autorite et ref_code_activite

*Informations complémentaires*
 * Documentations associées :
 ** {color:#172b4d}Fichier des codes mis à jour {color}
 * Éléments techniques (dont Swagger) :
 * Evaluation des valeurs Métier (si pertinent) et technique validées :
 * Informations manquantes :

*Informations de travail*
 * Liste de tâches associées :
 ** Rapport d'intégration à fournir à la DP
 * Périmètre technique concerné par l’Enabler (si pertinent) :
 * Dépendances identifiées :";;
475356;"01/22/2026 11:25";;"Problème d’utilisation certificat Tacite";;;"Corrigé en production";;"05/12/2025 15:32";;;;;;"DP ROC";;b_poiron_ext;ROC-1529;b_poiron_ext;;;;;"LIVRAISON HORS VERSION";;;;;V4.20.0.7;;;;;"L’application rencontre des difficultés pour exploiter le certificat client fourni par Tacite.

Plus de détails à venir…

Résolu en changeant la manière de communiquer avec le proxy C1NP :
la configuration de EightPointsGuzzle qui ne prenait pas correctement la configuration du proxy sortant. Corrigé en forçant la configuration du proxy dans le code (client Guzzle natif fonctionnel tel qu'élaboré en 4.18.2.3 avec en optimisation une décharge mémoire de ce client après chaque appel).";;
475355;"01/22/2026 11:25";;"Mise à jour plan de migration vidange Rabbit MQ";;;"Corrigé en production";;"05/12/2025 15:32";;;;;;"DP ROC";;b_poiron_ext;ROC-1539;b_poiron_ext;;;;;"LIVRAISON HORS VERSION";;;;;V4.20.0.7;;;;;"Suite aux investigations sur la Prod à blanc ainsi que sur la PPROD une mise à jour du plan de migration sur la partie vidange Rabbit MQ est nécessaire.";;
475352;"01/22/2026 11:25";;"Plateforme non utilisable Erreur 500 Erreur 404 ou Bouton connexion ne repond pas";;;"Corrigé en production";;"05/12/2025 15:32";;;;;;"DP ROC";;b_poiron_ext;ROC-1674;b_poiron_ext;;;;;"LIVRAISON HORS VERSION";;;;;V5.4;;;;;"
   *Environnement/ Version*PICSEL NP et DR v5.4
 
   *Titre de l'anomalie*Plateforme DR et NP non utilisables Erreur 500 Erreur 404 ou Bouton connexion ne repond pas
   *Url* [https://alias-front-dr.picsel.defense.gouv.fr/interne/roc/login]
   *Acteur*AF
   *Identifiants*4512_utilisateur
   *Mot de passe*Azertyuiop44!!!
   *Anomalie*Bloquant
   *Configuration*Firefox
   *Bloc*Connexion
   D{*}escription{*}En v5.4 la plateforme PICSEL DR et NP n'est pas utilisable
 
[https://alias-front-dr.picsel.defense.gouv.fr/interne/roc/login]
4512_utilisateur
Azertyuiop44!!!
 
Le bouton connexion ne fait rien 
 
Phénomènes reproduit chez [~authayak] 
 
Résumé des problèmes observés pour ce ticket
[ROC-1674ROC-1674] : le bouton connexion ne fait rien
[ROC-1678ROC-1678] : Rafraichissement du jeton absent côté front
[ROC-1681ROC-1681] : les requêtes API vers BACK DR ne fonctionne apres le démarrage de service
[ROC-1684ROC-1674] : Connexion candidat / RO1 / RO2 sous NP impossible : une erreur 404 est retournée
[ROC-1685ROC-1685] : Une tentative de création d'un compte candidat sous NP retourne erreur 500
 
 
 
   *Résultat attendu*on doit pouvoir se connecter normalement sur la plateforme PICSEL NP ou DR";;
475354;"01/22/2026 11:25";;"[Données personnelles] Le changement de données personnelles d'un délégataire d'un référent par ses soins le promeut Référent";;;"Corrigé en production";;"05/12/2025 15:32";;;;;;"DP ROC";;b_poiron_ext;ROC-1571;b_poiron_ext;;;;;V5.4;;;;;V4.18.2;;;;;"*Titre* : [Données personnelles] Le changement de données personnelles d'un délégataire d'un référent par ses soins le promeut Référent

*Configuration* : PROD V4.18.2

*URL* : [https://pprod-reserviste.intradef.gouv.fr/interne.mes-donnees-personnelles/modifier] / [https://reserviste.intradef.gouv.fr/interne.mes-donnees-personnelles/modifier]

*Identifiant :* 

PPROD :
 * - REF : 16442_utilisateur
 * - DEL : 10026_utilisateur

PROD :
 * DEL : Cassandre KOCH
 * REF : Pascal ZANCONATO

*Descriptif* :

En tant que délégataire de référent modifier une des données personnelles

Cliquer sur valider

Se déconnecter

Se reconnecter

*Résultat attendu* :

Mes données personnelles sont modifiées et mon rôle conservé

*Résultat obtenu :* 

Le délégataire de référent devient référent de son unité.
Le référent perd son rôle de référent

*Information complémentaire* :

Cette anomalie est également présente en PPROD sur la version 4.20.0.7";;
475357;"01/22/2026 11:25";;"[Prod a Blanc][Engagement] Non persistance de la civilité lors de la validation du choix d'unité";;;"Corrigé en production";;"05/12/2025 15:32";;;;;;"DP ROC";;b_poiron_ext;ROC-1525;b_poiron_ext;;;;;V5.4;;;;;V4.20.0.7;;;;;"*Titre* : [Engagement] Non persistance de la civilité lors de la validation du choix d'unité

*Configuration* : PROD A Blanc NP v4.20.0.7

*URL* : [https://prod-reservistes.cloud.defense.gouv.fr/https://www.reservistes.defense.gouv.fr/]

*Identifiant :* 

Candidat : ali.berthino

Candidat.001a+pprodablanc+16042025@gmail.com

MPD Azerty1234!

*Descriptif* :
 # Connexion MDC : OK
 # Information importantes : cliquer sur ""je poursuis""
 # Cocher oui de nationalité Fr et Accepter la charte : cliquer sur valider
 # Le candidat est orienté sur cette page
 # à 9. renseigner les données personnelles et cocher la civilité M + valider

10. Cliquer sur la tuile engagement

11. Scroller verticalement pour visualiser la version de l'application

12. Cliquer sur ""Choix d'affectation"" puis décocher toutes les armes sauf SEO + choisir cette unité (de chalon la seule éligible)

13. Cocher Opérateur Pétrolier + Valider

14. La civilité M est décochée contrairement a l'étape 9

 

*Résultat attendu* : 

En 14. la civilité M doit toujours être cochée en relation avec l'étape 9

 

*Résultat obtenu :* 

M est décochée

 

+*Remarque:*+ reproduit a plusieurs reprises dans differents environnement y compris full PROD NP sur iPhone";;
475360;"01/22/2026 11:25";;"[MDC Intradef] - Erreur de message d'erreur";;;"Corrigé en production";;"05/12/2025 15:32";;;;;;"DP ROC";;b_poiron_ext;ROC-1495;b_poiron_ext;;;;;V5.4;;;;;V4.20.0.6;;;;;"*Titre* : [MDC Intradef] - Erreur de message d'erreur

*Configuration* : PIC 5.3

*URL* : [https://roc-pic-intradef.fr.capgemini.com/interne/roc/login] 

*Descriptif* :

Se rendre sur la page de connexion interne

Cliquer sur le bouton ""{*}Mindef Connect Intradef""{*}

Renseigner l'identifiant intradef et le mot de passe d'un compte non lié

Cliquer sur le bouton de connexion

 

*Résultat attendu* : 

Message d'erreur :

Aucun compte ROC n'est lié à ce compte MinDefConnect.
Connectez-vous avec votre compte ROC pour lier les comptes.

*Résultat obtenu :* 

Message d'erreur :

Invalid username or password

!image-2025-04-11-17-12-57-099.pngwidth=1216height=725!

 

et après clic sur le bouton ""Register"" : 

!image-2025-04-11-17-13-40-543.png!";;
475361;"01/22/2026 11:25";;"Limites mémoire surchargées dans l'application";;;"Corrigé en production";;"05/12/2025 15:32";;;;;;"DP ROC";;b_poiron_ext;ROC-1494;b_poiron_ext;;;;;V5.4;;;;;V4.20.0.7;;;;;"A plusieurs endroits dans l'application la limite mémoire est surchargée et mal.

!image-2025-04-11-13-12-14-978.png!

 

Reprendre rapidement ces cas !";;
475372;"01/22/2026 11:25";;"[FPM] PIL / AF - Incohérence dans les dates d'une FPM fractionnée";;;"Corrigé en production";;"05/12/2025 15:32";;;;;;"DP ROC";;b_poiron_ext;ROC-1363;b_poiron_ext;;;;;V5.3;;;;;V4.20.0.5;;;;;"  *Environnement/ Version*PPROD v4.20.0.5
   *Titre de l'anomalie*[FPM] PIL / AF - Incohérence dans les dates d'une FPM fractionnée
   *Url*pprod-reserviste.intradef.gouv.fr/interne/admin/gestion-formations-premilitaires
   *Acteur*AF / PIL
   *Identifiants* 
   *Mot de passe*Azertyuiop44!!!
   *Anomalie*Bloquante
   *Configuration*Microsoft Edge
   *Bloc*Engagement
   D{*}escription{*}Lors de la création d'une FPM fractionnée : 
Soit les dates sont incohérentes (les deux FPM sont créées au mêmes dates) soit la deuxième FPM n'apparait pas
   *Résultat attendu*Que les dates soient cohérentes et que la deuxième FPM s'affiche";;
475376;"01/22/2026 11:25";;"[Modification Comptes] Faute d'orthographe";;;"Corrigé en production";;"05/12/2025 15:32";;;;;;"DP ROC";;b_poiron_ext;ROC-1318;b_poiron_ext;;;;;V5.4;;;;;V4.20.0.5;;;;;"A compléter ASAP";;
475377;"01/22/2026 11:25";;"Avis RO1 impossible";;;"Corrigé en production";;"05/12/2025 15:32";;;;;;"DP ROC";;b_poiron_ext;ROC-1304;b_poiron_ext;;;;;V5.3;;;;;V4.20.0.5;;;;;"
   *Environnement/ Version*PPROD V4.20.0.5
   *Titre de l'anomalie*Avis RO1 impossible
   *Url*ttps://pprod-reservistes.cloud.defense.gouv.fr/reserviste/ro1/mes-contrats
   *Acteur*RO1
   *Identifiants**53299_utilisateur 45557_reserviste*
   *Mot de passe*Azertyuiop44!!!
   *Anomalie*Majeur
   *Configuration*Poste INTRADEF FIREFOX ET EDGE
   *Bloc*Contrats
   *description*Si le réserviste refuse par erreur le renouvellement de contrat l'ADR peut relancer la procédure mais le réserviste ne peut pas émettre un nouvel avis. De plus c'est l'icône ""initialisation"" qui est en rouge.
   *Résultat attendu*L'icône initialisation doit être en vert. Le réserviste doit pouvoir émettre son avis à l'identique de la première initialisation de renouvellement. Une fois émis cet avis doit passer en vert ou en rouge avec affichage de la date de réponse.
   *Copies d'écran*!image-2025-03-09-11-46-54-917.png!
h3.  ";;
475378;"01/22/2026 11:25";;"Filtres dans tableau de bord activités";;;"Corrigé en production";;"05/12/2025 15:32";;;;;;"DP ROC";;b_poiron_ext;ROC-1294;b_poiron_ext;;;;;V5.3;;;;;V4.20.0.5;;;;;"
   *Environnement/ Version*PPROD V4.20.0.5
   *Titre de l'anomalie*L'utilisation du filtre ADS / 
   *Url*[https://pprod-reservistes.intradef.gouv.fr/interne/activites/https://pprod-reservistes.intradef.gouv.fr/afficher-validation/221865/contrat/167917/token/865bd8cf6732a48fe6a3978cb2cd1310]
   *Acteur*Autorité militaire
   *Identifiants**584_utilisateur*
   *Mot de passe*Azertyuiop44!!!
   *Anomalie*Mineur
   *Configuration*Poste INTRADEF FIREFOX ET EDGE
   *Bloc*Activité
   *description* Le filtre sur la colonne ADS ne fonctionne pas dans le tableau de suivi des activités
   *Résultat attendu*'Rendre ops les filtres
   *Copies d'écran* ";;
475389;"01/22/2026 11:25";;"[Contrat] - Défaut d'affichage message d'erreur - Formulaire demande de validation ATM";;;"Corrigé en production";;"05/12/2025 15:32";;;;;;"DP ROC";;b_poiron_ext;ROC-1247;b_poiron_ext;;;;;V5.3;;;;;V5.1;;;;;"*Titre* :[Contrat] - Défaut d'affichage message d'erreur -Formulaire demande de validation ATM

*Configuration* : PIC V5.1

*URL* : 

*Descriptif* :

Se connecter en tant qu'ADR

Cliquer sur le bloc fonctionnel ""Contrats""

Cliquer sur l'onglet ""Contrat en cours de renouvellement""

Cliquer sur un contrat qui doit faire l'étape de validation ATM

Cliquer sur le bouton ""Envoyer"" sans rien renseigner dans le formulaire

*Résultat attendu* : 

Message d'erreur en rouge sous le(s) champ(s) concerné(s)  

*Résultat obtenu :* 

Message en noir affiché en contrôle de saisie :

!image-2025-02-21-14-09-14-476.pngwidth=585height=426!";;
475391;"01/22/2026 11:25";;"[Contrat] - Défaut d'affichage message d'erreur - pop-up export global";;;"Corrigé en production";;"05/12/2025 15:32";;;;;;"DP ROC";;b_poiron_ext;ROC-1245;b_poiron_ext;;;;;V5.3;;;;;V5.1;;;;;"*Titre* : [Contrat] - Défaut d'affichage message d'erreur - pop-up export global

*Configuration* : PIC V5.1

*URL* : 

*Descriptif* :

Se connecter en tant que gestionnaire

Cliquer sur le bloc fonctionnel ""Contrats""

Cliquer sur le bouton ""Export global""

Cliquer sur valider

*Résultat attendu* : 

Message d'erreur en rouge sous le(s) champ(s) concerné(s)  

*Résultat obtenu :* 

Message en noir affiché en contrôle de saisie :

!image-2025-02-21-13-41-04-853.pngwidth=300height=276!";;
475395;"01/22/2026 11:25";;"[Contrat] - Contrat non renouvelé ou actif visible dans l'onglet en cours de renouvellement";;;"Corrigé en production";;"05/12/2025 15:32";;;;;;"DP ROC";;b_poiron_ext;ROC-1230;b_poiron_ext;;;;;V5.4;;;;;V5.1;;;;;"*Titre* : [Contrat] - Contrat non renouveler ou actif visible dans l'onglet en cours de renouvellement

*Configuration* : PIC v5.2

*URL* : [https://roc-pic-intradef.fr.capgemini.com/interne/mes-contrats/liste-reservistes/contrats-en-cours-renouvellement]

*Identifiant :*  ADR : 10446_utilisateur

*Descriptif* :

Se connecter en tant qu'ADR

Cliquer sur le bloc fonctionnel ""Contrats""

Cliquer sur l'onglet en cours de renouvellement

*Résultat attendu* : 

Affiche que les contrats avec une étape du renouvellement en cours.

*Résultat obtenu :* 

Affiche des contrats qui sont en cours mais aussi actif :

ex : [https://roc-pic-intradef.fr.capgemini.com/interne/mes-contrats/reserviste/120323]

[https://roc-pic-intradef.fr.capgemini.com/interne/mes-contrats/reserviste/123718]

 

 ";;
475400;"01/22/2026 11:25";;"[Gérer les comptes] erreur d'intitulé dans le fil ariane- gérer les réservistes R01/RO2";;;"Corrigé en production";;"05/12/2025 15:32";;;;;;"DP ROC";;b_poiron_ext;ROC-1214;b_poiron_ext;;;;;V5.3;;;;;V5.1;;;;;"*Titre* : [Gérer les comptes] erreur d'intitulé dans le fil ariane- gérer les réservistes R01/RO2

*Configuration* : PIC 5.1

*URL* : [https://roc-pic-intradef.fr.capgemini.com/interne/gestion-engagement/modifier-poste/7758  https://roc-pic-intradef.fr.capgemini.com/interne/liste-reservistes-ro2]

*Descriptif* :

Prérequis : gérer les réservistes R02

Se connecter en tant que REF ( 5570_utilisateur)

Dans le menu cliquer sur ""Gestion"" puis ""Gérer les réservistes R02""

Arrivé sur la page ""Gérer les réservistes R02"" 

*Résultat attendu* : 

Dans le fil d'ariane 
 # [Accueilhttps://roc-pic-intradef.fr.capgemini.com/interne/accueil-choix-bloc]
 
 # [Gestionhttps://roc-pic-intradef.fr.capgemini.com/interne/liste-reservistes-ro2]
 
 # [Gérer les compteshttps://roc-pic-intradef.fr.capgemini.com/interne/unite/ro1]
 
 # Gérer les réservistes RO2

Arrivé sur la page ""Gérer les réservistes R02"" 

 

*Résultat obtenu :* 

Dans le fil d'ariane 
 # [Accueilhttps://roc-pic-intradef.fr.capgemini.com/interne/accueil-choix-bloc]
 
 # [Gestionhttps://roc-pic-intradef.fr.capgemini.com/interne/liste-reservistes-ro2]
 
 # [Gérer les compteshttps://roc-pic-intradef.fr.capgemini.com/interne/unite/ro1]
 
 # Gérer les réservistes RO1

Arrivé sur la page ""Gérer les réservistes R02"" 

 

!image-2025-02-18-17-27-10-718.png!";;
475401;"01/22/2026 11:25";;"[Contrat] - Avis réserviste - Popup confirmation - Confirmer-vous au lieu de confirmez-vous";;;"Corrigé en production";;"05/12/2025 15:32";;;;;;"DP ROC";;b_poiron_ext;ROC-1203;b_poiron_ext;;;;;V5.2;;;;;V5.1;;;;;"*Titre* : [Contrat] - Avis réserviste - Popup confirmation - Confirmer-vous au lieu de confirmez-vous

*Configuration* : PIC v5.1

*URL* : 

*Descriptif* :

Se connecter un réserviste qui a son contrat à l'étape de renouvellement ""Avis réserviste""

Cliquer sur le bloc fonctionnel ""Contrat""

Renseigner un commentaire

Ajouter un document

Cliquer sur le bouton ""Je souhaite renouveler mon contrat""

*Résultat attendu* : 

Affichage d'une pop-up:

Initier le renouvellement du contrat ESR

Confirmez-vous votre souhait de renouveler votre contrat ?

Bouton ""Annuler""

Bouton ""Confirmer""

*Résultat obtenu :* 

{color:#de350b}Confirmer-vous{color} votre souhait de renouveler votre contrat ?

!https://jira-ci.fr.capgemini.com/jira/plugins/servlet/raven/attachment/76261/screenshot-1.png!";;
475403;"01/22/2026 11:25";;"[Contrat] - Défaut d'affichage message d'erreur -  Formulaire Avis FE";;;"Corrigé en production";;"05/12/2025 15:32";;;;;;"DP ROC";;b_poiron_ext;ROC-1201;b_poiron_ext;;;;;V5.2;;;;;V5.1;;;;;"*Titre* : [Contrat] - Défaut d'affichage message d'erreur -  Formulaire Avis FE

*Configuration* : PIC v5.1

*URL* : 

*Identifiant :*  REF

*Descriptif* :

Se connecter en tant que référent

Dans le menu cliquer sur le bloc fonctionnel ""Contrats""

Cliquer sur l'onglet ""Contrats en cours de renouvellement""

Cliquer sur le contrat à l'état ""En attente de l'avis de la FE""

Cliquer sur le bouton ""Valider""

*Résultat attendu* : 

Message d'erreur en rouge sous le(s) champ(s) concerné(s)  

*Résultat obtenu :* 

Message en noir affiché en contrôle de saisie :

!https://jira-ci.fr.capgemini.com/jira/plugins/servlet/raven/attachment/76262/screenshot-1.pngwidth=896height=338!";;
475404;"01/22/2026 11:25";;"[Contrat] - Défaut d'affichage message d'erreur -  Formulaire demande NPJA";;;"Corrigé en production";;"05/12/2025 15:32";;;;;;"DP ROC";;b_poiron_ext;ROC-1200;b_poiron_ext;;;;;V5.2;;;;;V5.1;;;;;"*Titre* : [Contrat] - Défaut d'affichage message d'erreur -  Formulaire demande NPJA

*Configuration* : PIC v5.1

*URL* : [https://roc-pic-intradef.fr.capgemini.com/interne/mes-contrats/reserviste/demande-modification-npja/106960]

*Identifiant :*  REF : 2208_utilisateur.roc@getnada.com

*Descriptif* :

Se connecter en tant que référent

Dans le menu cliquer sur le bloc fonctionnel ""Contrats""

Cliquer sur un réserviste

Cliquer sur l'onglet ""Jours d'activités du réserviste""

Cliquer sur le bouton ""Demande de modification du NPJA""

Cliquer sur le bouton ""Envoyer la demande à l'autorité militaire de rattachement""

*Résultat attendu* : 

Message d'erreur en rouge sous le(s) champ(s) concerné(s)  

*Résultat obtenu :* 

Message en noir affiché en contrôle de saisie :

!image-2025-02-17-18-09-53-136.pngwidth=711height=341!";;
475405;"01/22/2026 11:25";;"[Mobilité interne] - Bouton Postuler à cette offre non visible";;;"Corrigé en production";;"05/12/2025 15:32";;;;;;"DP ROC";;b_poiron_ext;ROC-1148;b_poiron_ext;;;;;V5.3;;;;;V5.1;;;;;"*Titre* : [Mobilité interne] - Bouton Postuler à cette offre non visible

*Configuration* : PIC 5.1

*URL* : [https://roc-pic-internet.fr.capgemini.com/reserviste/mobilite-interne/postes/7768/detail]

*Identifiant :*  [14291_reserviste.roc@getnada.commailto:14291_reserviste.roc@getnada.com] [48061_reserviste.roc@getnada.commailto:48061_reserviste.roc@getnada.com][mailto:214079_reserviste.roc@getnada.com]

*Descriptif* :

Se connecter avec un R01 qui a le bloc Mobilité interne d'actif sur son périmètre

Cliquer sur le bloc ""Mobilité interne""

Cliquer sur un poste temporaire (poste temporaire créé sans avoir renseigné les critères profils)

*Résultat attendu* :

Affichage du détail du poste

Le RO1 peut postuler à l'offre

!image-2025-02-14-09-22-30-549.png!

*Résultat obtenu* :

Le bouton ""Postuler à cette offre"" n'est pas visible

!image-2025-02-14-09-23-06-337.pngwidth=673height=232!

 ";;
475407;"01/22/2026 11:25";;"[Mobilité interne] - Modification d'un poste temporaire/permanent en cours de création inaccessible ";;;"Corrigé en production";;"05/12/2025 15:32";;;;;;"DP ROC";;b_poiron_ext;ROC-1139;b_poiron_ext;;;;;V5.2;;;;;V5.1;;;;;"*Titre* : [Mobilité interne] - Modification d'un poste temp/perm en cours de création inaccessible 

*Configuration* : PIC 5.1

*URL* : [https://roc-pic-intradef.fr.capgemini.com/interne/gestion-engagement/modifier-poste/7758]  

*Descriptif* :

Prérequis : création d'un poste permanent ou temporaire

Se connecter en tant qu'AF

Dans le menu cliquer sur ""Gestion"" puis ""Gestion des emplois""

Cliquer sur l'onglet ""En cours de création/validation""

Cliquer sur un emploi temporaire ou permanent

Arrivé sur la page ""Détail de l'emploi"" cliquer sur le bouton ""Modifier"" 

*Résultat attendu* : 

Redirection vers la page de modification

*Résultat obtenu :* 

Page d'erreur 

!image-2025-02-12-12-06-41-748.png!";;
475408;"01/22/2026 11:25";;"[Création emploi] - Défaut d'affichage du message d'erreur dans le formulaire de création de poste";;;"Corrigé en production";;"05/12/2025 15:32";;;;;;"DP ROC";;b_poiron_ext;ROC-1138;b_poiron_ext;;;;;V5.2;;;;;V5.1;;;;;"*Titre* : [Création emploi] - Défaut d'affichage du message d'erreur dans le formulaire de création de poste

*Configuration* : PIC 5.1

*URL* : [https://roc-pic-intradef.fr.capgemini.com/interne/poste/creer/formation-emploi/46] 

*Descriptif* :

Se connecter en tant que gestionnaire

Dans le menu cliquer sur ""Gestion"" puis ""Gestion des emplois""

Cliquer sur le bouton ""Créer""

Séléctionner un bouton radio du bloc ""Candidats attendus"" (par exemple ""Emploi pour candidats ab-initio pour la RO1 – Bloc « Je m’engage »"")

Cliquer sur le bouton ""Valider""

Arrivé sur la page ""Création d'un emploi"" étape 1 (""Formation d'emploi"") cliquer sur le bouton ""Suivant"" 

*Résultat attendu* : 

Message d'erreur en rouge sous les champs obligatoires 

*Résultat obtenu :* 

Message en noir affiché en contrôle de saisie  : 

!image-2025-02-12-11-54-28-098.png!

 ";;
475409;"01/22/2026 11:25";;"[FAQ] - Les Q/R supprimés sont encore visibles";;;"Corrigé en production";;"05/12/2025 15:32";;;;;;"DP ROC";;b_poiron_ext;ROC-1135;b_poiron_ext;;;;;V5.2;;;;;V5.1;;;;;"*Titre* : [FAQ] - Les Q/R supprimés sont encore visibles

*Configuration* : PIC 5.1

*URL* : [https://roc-pic-intradef.fr.capgemini.com/interne/admin/parametrage/faq/modifier/115]

*Descriptif* :

Se connecter en tant avec l'AF

Cliquer sur le bloc fonctionnel ""Paramétrage fonctionnel""

Cliquer sur ""Autres paramétrages"" puis sur ""FAQ""

Cliquer sur le bloc fonctionnel

Au niveau d'une question qui est visible avec le rôle de l'AF cliquer sur le bouton ""Supprimer"" et ""Confirmer""

Affichage du message de succès 

Accéder à la FAQ via le footer

*Résultat attendu* : 

La Q/R n'est plus présente.

*Résultat obtenu :* 

La Q/R est toujours visible. Si on clique sur la question il y a une erreur 500.

 ";;
475410;"01/22/2026 11:25";;"[FAQ] - Les Q/R crées ne s'affichent pas";;;"Corrigé en production";;"05/12/2025 15:32";;;;;;"DP ROC";;b_poiron_ext;ROC-1132;b_poiron_ext;;;;;V5.2;;;;;V5.1;;;;;"*Titre* : [FAQ] - Les Q/R crées ne s'affichent pas

*Configuration* : PIC 5.1

*URL* : [https://roc-pic-intradef.fr.capgemini.com/interne/admin/parametrage/faq/modifier/115]

*Descriptif* :

Se connecter en tant avec l'AF

Cliquer sur le bloc fonctionnel ""Paramétrage fonctionnel""

Cliquer sur ""Autres paramétrages"" puis sur ""FAQ""

Cliquer sur le bouton ""Créer""

Renseigner l'ensemble des éléments du formulaire ajouter le rôle de l'AF

Valider

Affichage du message de succès

Accéder à la FAQ via le footer

*Résultat attendu* : 

Pour l'AF la FAQ est présente dans le bloc attribué lors de la création

*Résultat obtenu :* 

La FAQ n'est pas visible

 ";;
475413;"01/22/2026 11:25";;"[Mobilité interne] - R01 - Erreur 500 détails poste";;;"Corrigé en production";;"05/12/2025 15:32";;;;;;"DP ROC";;b_poiron_ext;ROC-1118;b_poiron_ext;;;;;V5.2;;;;;V5.1;;;;;"*Titre* : [Mobilité interne] - R01 - Erreur 500 détails poste

*Configuration* : PIC 5.1

*URL* : [https://roc-pic-internet.fr.capgemini.com/reserviste/mobilite-interne/postes/7768/detail]

*Identifiant :*  [14291_reserviste.roc@getnada.commailto:14291_reserviste.roc@getnada.com] 

*Descriptif* :

Se connecter avec un R01 qui a le bloc Mobilité interne d'actif sur son périmètre

Cliquer sur le bloc ""Mobilité interne""

Cliquer sur un emploi permanent/temporaire

*Résultat attendu* :

Affichage du détail du poste permanent/temporaire

*Résultat obtenu* :

!image-2025-02-10-17-34-13-508.pngwidth=898height=469!";;
475416;"01/22/2026 11:25";;"[Mobilité interne] - R01 - Erreur 500 accès mobilité interne";;;"Corrigé en production";;"05/12/2025 15:32";;;;;;"DP ROC";;b_poiron_ext;ROC-1056;b_poiron_ext;;;;;V5.2;;;;;V5.1;;;;;"*Titre* : [Mobilité interne] - R01 - Erreur 500 accès mobilité interne

*Configuration* : PIC 5.1

*URL* : [https://roc-pic-internet.fr.capgemini.com/reserviste/mobilite-interne/postes]

*Identifiant :*  [14291_reserviste.roc@getnada.commailto:14291_reserviste.roc@getnada.com]  [214079_reserviste.roc@getnada.commailto:214079_reserviste.roc@getnada.com]

*Descriptif* :

Se connecter avec un R01 qui a le bloc Mobilité interne d'actif sur son périmètre

Cliquer sur le bloc ""Mobilité interne""

*Résultat attendu* :

Affichage de la page Emplois disponibles

!image-2025-02-07-11-03-07-903.pngwidth=415height=266!

*Résultat obtenu :* 

Erreur 500

!image-2025-02-07-10-59-55-278.pngwidth=730height=451!";;
475417;"01/22/2026 11:25";;"[Engagement] - AFF-REF - Suivi d'engagement visible";;;"Corrigé en production";;"05/12/2025 15:32";;;;;;"DP ROC";;b_poiron_ext;ROC-955;b_poiron_ext;;;;;V5.2;;;;;V4.20.0.5;;;;;"*Titre* : [Engagement] - AFF-REF - Suivi d'engagement visible

*Configuration* : PIC 4.20.0.5

*Identifiant :* AFF- REF : 9489_utilisateur

*Descriptif* :

Se connecter avec un AFF-REF

*Résultat attendu* :

Le bloc fonctionnel ""Engager"" ne doit pas être visible puisque l'affilié référent n'a pas accès. ( vu dans le code)

*Résultat obtenu :* 

Le bloc fonctionnel ""Engager"" est visible et présent dans le menu il a bien une erreur 500 si on essaye d'accéder à l'engagement.

 

-> Enlever le bloc fonctionnel de la page d'accueil et son accès via le menu pour l'AFF REF

 

 ";;
475418;"01/22/2026 11:25";;"[Engagement] - PIL - Accès non autorisé - Modification données candidat";;;"Corrigé en production";;"05/12/2025 15:32";;;;;;"DP ROC";;b_poiron_ext;ROC-951;b_poiron_ext;;;;;V5.2;;;;;V4.20.0.5;;;;;"*Titre* : [Engagement] - PIL - Accès non autorisé - Modification données candidat

*Configuration* : PIC 4.20.0.5

*Identifiant :*  ¨PIL

*Descriptif* :

Se connecter avec un PIL

Via le menu cliquer sur ""Contrats/Mobilité"" puis sur ""Suivi des candidatures""

Cliquer sur un candidat

Cliquer sur l'icône d'édition à côté des informations du candidat

*Résultat attendu* :

Affichage de formulaire des données personnelles du candidat

*Résultat obtenu :* 

Accès non autorisé

!https://jira-ci.fr.capgemini.com/jira/plugins/servlet/raven/attachment/74943/screenshot-1.pngwidth=942height=518!";;
475420;"01/22/2026 11:25";;"[Engagement] - Contrat/Validation définitive - Pop-up qui ne se ferme pas automatiquement";;;"Corrigé en production";;"05/12/2025 15:32";;;;;;"DP ROC";;b_poiron_ext;ROC-948;b_poiron_ext;;;;;V5.2;;;;;V4.20.0.5;;;;;"*Titre* : [Engagement] - Contrat/Validation définitive - Pop-up qui ne se ferme pas automatiquement

*Configuration* : PIC 4.20.0.5

*Identifiant :*  Candidat

*Descriptif* :

Se connecter avec un Candidat qui n'a pas fait la tuile ""Contrat""

Cliquer sur la tuile ne pas remplir le formulaire cliquer sur valider et confirmer la pop-up

*Résultat attendu* :

Fermeture de la pop-up et affichage des messages d'erreurs

*Résultat obtenu :* 

Les messages d'erreurs s'affichent bien dans le formulaire mais la pop-up ne se ferme pas automatiquement.

 ";;
475421;"01/22/2026 11:25";;"[Engagement] - Création ESR - Corriger message d'erreur ADS non séléctionné";;;"Corrigé en production";;"05/12/2025 15:32";;;;;;"DP ROC";;b_poiron_ext;ROC-947;b_poiron_ext;;;;;V5.2;;;;;V4.20.0.5;;;;;"*Titre* : [Engagement] - Création ESR - Corriger message d'erreur ADS non séléctionné

*Configuration* : PIC 4.20.0.5

*Identifiant :*  REF

*Descriptif* :

Se connecter avec un Référent

Via le menu cliquer sur ""Contrats/Mobilité"" puis sur ""Suivi des candidatures""

Cliquer sur un candidat qui doit faire la tuile ""Création de l'ESR""

Rien renseigner dans le formulaire cliquer sur ""Valider""

 

*Résultat attendu* :

Affichage des messages d'erreurs

*Résultat obtenu :* 

Vous devez {color:#de350b}précisez {color}l'armée / service du candidat.

 ";;
475422;"01/22/2026 11:25";;"[Engagement] - Visite medicale militaire - Inaptitude - Validation du formulaire sans avoir renseigné le commentaire";;;"Corrigé en production";;"05/12/2025 15:32";;;;;;"DP ROC";;b_poiron_ext;ROC-946;b_poiron_ext;;;;;V5.2;;;;;V4.20.0.5;;;;;"*Titre* : [Engagement] - Visite medicale militaire - Inaptitude - Validation du formulaire sans avoir renseigné le commentaire

*Configuration* : PIC 4.20.0.5

*Identifiant :*  Candidat REF

*Descriptif* :

Se connecter avec un candidat qui n'a pas fait la Visite médical militaire
Faire la tuile Visite médical militaire en sélectionnant le bouton radio inapte.
Ensuite se connecter avec un REF
Accéder à la candidature
Cliquer sur la tuile Visite médical militaire
Cliquer sur le bouton ""Valider""
Affichage de la pop-up de rejet cliquer sur ""Continuer""

*Résultat attendu* :

Affichage du textarea pour renseigner un commentaire et de la liste déroulante des motifs

*Résultat obtenu :* 

Le textarea et la liste déroulante s'affiche mais la tuile se valide sans avoir eu le temps de le renseigner.

 ";;
475424;"01/22/2026 11:25";;"[Signer] - Refus Enaro - Pop-up - Défaut d'affichage du message d'erreur";;;"Corrigé en production";;"05/12/2025 15:32";;;;;;"DP ROC";;b_poiron_ext;ROC-944;b_poiron_ext;;;;;V5.2;;;;;V4.20.0.5;;;;;"*Titre* : [Signer] - Refus Enaro - Pop-up - Défaut d'affichage du message d'erreur

*Configuration* : PIC 4.20.0.5

*Identifiant :*  ATS

*Descriptif* :

Se connecter avec un ATS

Cliquer sur le bloc fonctionnel ""Activités""

Sur une activité cliquer sur le bouton ""Refuser""

Ne pas renseigner de commentaire et cliquer sur ""Confirmer""

*Résultat attendu* :

Affichage du message d'erreur en rouge comme quoi le commentaire est obligatoire.

*Résultat obtenu :* 

!https://jira-ci.fr.capgemini.com/jira/plugins/servlet/raven/attachment/74955/screenshot-1.pngwidth=483height=379!

 ";;
475425;"01/22/2026 11:25";;"[Engagement] - Erreur suppression candidat";;;"Corrigé en production";;"05/12/2025 15:32";;;;;;"DP ROC";;b_poiron_ext;ROC-943;b_poiron_ext;;;;;V5.2;;;;;V4.20.0.5;;;;;"*Titre* : [Engagement] - Erreur suppression candidat

*Configuration* : PIC 4.20.0.5

*Identifiant :*  AF; REF PIL

*Descriptif* :

Se connecter avec un AF / REF / PIL
Via le menu cliquer sur ""Contrats/Mobilité"" puis sur ""Suivi des candidatures""
Cliquer sur l'icône d'édition à côté des informations du candidat
Cliquer sur le bouton ""Supprimer""
Cliquer sur le bouton ""Valider""
*Résultat attendu* :

Suppression du candidat

*Résultat obtenu :* 

Le candidat est bien supprimé mais il y  a une erreur 500

!https://jira-ci.fr.capgemini.com/jira/plugins/servlet/raven/attachment/74870/screenshot-1.png!";;
475426;"01/22/2026 11:25";;"[FPM] - PIL - Accès non autorisé - Consultation document FPM";;;"Corrigé en production";;"05/12/2025 15:32";;;;;;"DP ROC";;b_poiron_ext;ROC-941;b_poiron_ext;;;;;V5.2;;;;;V4.20.0.5;;;;;"*Titre* : [FPM] - Accès non autorisé - Consultation document FPM

*Configuration* : PIC 4.20.0.5

*URL* : [https://roc-pic-intradef.fr.capgemini.com/interne/document-formation-premilitaire/527]

*Identifiant : PIL 2208_utilisateur*

*Descriptif* :

Se connecter avec un pil

Via le menu cliquer sur ""Gestion"" puis ""Gestion des FPM en cours""

Cliquer sur le bouton ""Créer""

Renseigner le formulaire importer un document et cliquer sur ""Valider""

Cliquer sur la FPM créée

Cliquer sur le document

*Résultat attendu* :

Ouverture du document

*Résultat obtenu :* 

Accès non autorisé

!image-2025-01-31-11-19-02-316.pngwidth=799height=434!";;
475427;"01/22/2026 11:25";;"Commande back pour gestion des délais KO";;;"Corrigé en production";;"05/12/2025 15:32";;;;;;"DP ROC";;b_poiron_ext;ROC-934;b_poiron_ext;;;;;V5.2;;;;;V4.20.0.5;;;;;"La commande cron roc:referentiels:delais (alias reserves2019:gestion_delais) qui a lieu la nuit à 1h15 est KO suite à la montée de version de l'ORM.

Méthode getSchemaManager n'existe plus.
Exemple de log back pprd :

 
{code:java}
[2025-01-29 01:15:02] app.ERROR: Call to undefined method Doctrine\DBAL\Connection::getSchemaManager() 
[2025-01-29 01:15:02] console.CRITICAL: Error thrown while running command ""{command}"". Message: ""{message}"" {""exception"":""[object] (Error(code: 0): Call to undefined method Doctrine\\DBAL
Connection::getSchemaManager() at /var/www/html/src/Command/Referentiels/GestionDelaisCommand.php:68)""""command"":""'reserves2019:gestion_delais'""""message"":""Call to undefined method Doctrine\\DBAL
Connection::getSchemaManager()""}
[2025-01-29 01:15:02] php.CRITICAL: Uncaught Error: Call to undefined method Doctrine\DBAL\Connection::getSchemaManager() {""exception"":""[object] (Error(code: 0): Call to undefined method Doctrine\\DBAL
Connection::getSchemaManager() at /var/www/html/src/Command/Referentiels/GestionDelaisCommand.php:68)""}
{code}
 ";;
475428;"01/22/2026 11:25";;"[CS] - Création d'un CS par le ref/pil - Mail sans le grade prenom et nom du CS";;;"Corrigé en production";;"05/12/2025 15:32";;;;;;"DP ROC";;b_poiron_ext;ROC-926;b_poiron_ext;;;;;V5.2;;;;;V4.20.0.5;;;;;"*Titre* : [ATS] - Création d'un ATS - Mail sans le grade

*Configuration* : PIC 4.20.0.5

*Identifiant :* 215386_reserviste.roc@getnada.com

*Descriptif* :

Se connecter avec un ref / pil

Via le menu cliquer sur ""Gestion"" puis ""Correspondants de sécurité""

Cliquer sur le bouton ""Créer un correspondant de sécurité""

Renseigner le formulaire et cliquer sur ""Créer""

*Résultat attendu* :

Le CS reçoit un mail : 

Contenu de l'email

« Bonjour [grade] [Prénom] [Nom]
Vous avez été proposé par le [profil] [grade][Prénom] [Nom] (identité du demandeur) pour devenir correspondant de sécurité des unités [codes CREDO des unités].
En qualité de correspondant de sécurité vous êtes habilité à valider numériquement un certain nombre de documents dans le système d’information «Réservistes opérationnel connectés » (ROC). Pour ce faire il vous est demandé de bien vouloir vous connecter avec votre compte d’officier de sécurité dans ROC en cliquant sur le lien qui suit et
en vous connectant avec votre identifiant et votre mot de passe habituel.
[lien]
Cordialement
Ministère des armées
Délégation interarmées aux réserves
Ce message vous a été envoyé automatiquementmerci de ne pas y répondre.

*Résultat obtenu :*

*{color:#4c9aff}Avec compte ROC:{color}*

Le mail reçu : 

Bonjour

Vous avez été proposé par le CNE Mems Cahoon pour devenir correspondant de sécurité des unités 00BW000....

 

{*}{color:#4c9aff}Sans Compte ROC{color}{*}:

Bonjour Kxx KWW

 

Vous avez été proposé par le CNE Mems Cahoon pour devenir correspondant de sécurité des unités 00BW000 00BW9H0.....

 

 ";;
475430;"01/22/2026 11:25";;"[Gestion] - Fil d'ariane incohérent";;;"Corrigé en production";;"05/12/2025 15:32";;;;;;"DP ROC";;b_poiron_ext;ROC-916;b_poiron_ext;;;;;V5.2;;;;;V4.20.0.5;;;;;"*Titre* : [Gestion] - Fil d'ariane incohérent

*Configuration* : PIC 20.0.5

*URLs* : 

[https://roc-pic-intradef.fr.capgemini.com/interne/mon-compte/delegation/ajouter]

[https://roc-pic-intradef.fr.capgemini.com/interne/mon-compte/delegation/editer/22288] 

[https://roc-pic-intradef.fr.capgemini.com/interne/mon-compte/affiliation/ajouter]

*Descriptif* :

Se connecter en tant que gestionnaire
 * Cas 1

Dans le menu cliquer sur ""Gestion"" puis ""Gestion des délégataires""

Cliquer sur le bouton ""Créer un délégataire""
 * Cas 2

Dans le menu cliquer sur ""Gestion"" puis ""Gestion des délégataires""

Cliquer sur le bouton ""Editer"" d'une des lignes du tableau
 * Cas 3

Dans le menu cliquer sur ""Gestion"" puis ""Gestion des affiliés""

Cliquer sur le bouton ""Créer une affiliation""

 

*Résultat attendu* : 

Voir les fils d'arianes suivants :
 * Cas 1

+Accueil+ > +Gestion+ >{+}Mon compte{+} > +Gestion des délégataires+ > Créer une délégation
 * Cas 2

+Accueil+ > +Gestion+ >{+}Mon compte{+} > +Gestion des délégataires+ > Editer une délégation
 * Cas 3

+Accueil+ > +Gestion+ >{+}Mon compte{+} > +Gestion des délégataires+ > Créer une affiliation

*Résultat obtenu :* 

Fil d'ariane : ""Accueil"" : 

!image-2025-01-30-16-37-52-326.png!

 

 

!image-2025-01-30-16-38-14-075.png!

 

 

 

 

!image-2025-01-30-16-38-29-522.png!";;
475431;"01/22/2026 11:25";;"[Modification RO1/R02] - AF - Champs optionnels au lieu d'être obligatoires";;;"Corrigé en production";;"05/12/2025 15:32";;;;;;"DP ROC";;b_poiron_ext;ROC-865;b_poiron_ext;;;;;V5.1;;;;;V4.20.0.5;;;;;"*Titre* : [Modification RO1/R02] - AF - Champs optionnels au lieu d'être obligatoires

*Configuration* : PIC 20.0.5

*Identifiant* :

AF

*URL* :  [https://roc-pic-intradef.fr.capgemini.com/interne/admin/utilisateurs/reserviste/modifier/5637]

[https://roc-pic-intradef.fr.capgemini.com/interne/admin/utilisateurs/ro2/modifier/215386]

*Descriptif* :

Avec l'AF

Via le menu cliquer sur Gestion puis Réservistes RO1 / Réservistes RO2

Cliquer sur un réserviste

*Résultat attendu* : 

Affichage de la page  Données personnelles d'un réserviste

Partie de droite
 * E-mail
 * Confirmation e-mail
 * Indicatif pays
 * Téléphone mobile
 * Indicatif pays (optionnel)
 * Téléphone fixe (optionnel)
 * Indicatif pays (optionnel)
 * Téléphone hors métropole (optionnel)
 * {color:#172b4d}Adresse 1{color}
 * Adresse 2 (optionnel)
 * Adresse 3 (optionnel)
 * Ville ou code postal
 * Pays
 * Situation professionnelle (optionnel)

*Résultat obtenu* :

L'indicatif pays téléphone mobile ville ou code postal et pays sont optionnels

 

 

!https://jira-ci.fr.capgemini.com/jira/plugins/servlet/raven/attachment/74697/screenshot-1.png!

Affichage avec l'AO : 

!image-2025-01-30-10-54-33-351.png!";;
475432;"01/22/2026 11:25";;"[Délégation] - Défaut d'affichage du message d'erreur dans le formulaire de délégation";;;"Corrigé en production";;"05/12/2025 15:32";;;;;;"DP ROC";;b_poiron_ext;ROC-863;b_poiron_ext;;;;;V5.2;;;;;V4.20.0.5;;;;;"*Titre* : [Délégation] - Défaut d'affichage du message d'erreur dans le formulaire de délégation

*Configuration* : PIC 20.0.5

*URL* : [https://roc-pic-intradef.fr.capgemini.com/interne/mon-compte/delegation/ajouter]

*Descriptif* :

Se connecter en tant que gestionnaire

Dans le menu cliquer sur ""Gestion"" puis ""Gestion des délégataires""

Cliquer sur le bouton ""Créer un délégataire""

Cliquer sur le bouton ""Rechercher""

Sélectionner un ""Rôle à déléguer""

Cliquer sur le bouton ""Rechercher""

*Résultat attendu* : 

Message d'erreur en rouge sous le(s) champ(s) concerné(s)  

*Résultat obtenu :* 

Message en noir affiché en contrôle de saisie :

!image-2025-01-30-10-50-58-672.png!";;
475435;"01/22/2026 11:25";;"[Création compte] - AO - Pilote créé non visible dans la gestion des utilisateurs";;;"Corrigé en production";;"05/12/2025 15:32";;;;;;"DP ROC";;b_poiron_ext;ROC-823;b_poiron_ext;;;;;V5.1;;;;;V4.20.0.5;;;;;"*Titre* : [Création compte] - AO - Pilote créé non visible dans la gestion des utilisateurs

*Configuration* : PIC 20.0.5

*Identifiant* :

AO: admin.ter

*URL* :

*Descriptif* :

Se connecter avec un AO

Accéder à Gérer mes comptes

Cliquer sur le bouton Ajouter un pilote

Renseigner les champs obligatoires

Cliquer sur Valider

*Résultat attendu* : 

Affichage du tableau de gestion des utilisateurs

Le pilote est présent dans le tableau

*Résultat obtenu* :

Le pilote n'est pas visible dans le tableau gestion des utilisateurs de l'AO.

Le pilote est visible que par l'AF.

 

!image-2025-01-28-14-21-34-595.pngwidth=998height=204!

 

 ";;
475438;"01/22/2026 11:25";;"[Poste] - Erreur enregistrement poste temporaire/permanent";;;"Corrigé en production";;"05/12/2025 15:32";;;;;;"DP ROC";;b_poiron_ext;ROC-813;b_poiron_ext;;;;;V5.2;;;;;V4.20.0.5;;;;;"*Titre* : [Poste] - Erreur enregistrement poste temporaire/permanent

*Configuration* : PIC 20.0.5

*URL* : [https://roc-pic-intradef.fr.capgemini.com/interne/gestion-engagement/creer-poste-mobilite-interne?temporalite=2] 

*Descriptif* :

Se connecter en tant qu'AF

Dans le menu cliquer sur ""Gestion"" puis ""Gestion des emplois""

Cliquer sur ""Créer""

Cliquer sur le bouton radio ""Emploi pour engagement permanent RO1 – Bloc « Ma mobilité interne »""  puis sur le bouton ""Valider""

Renseigner tous les champs obligatoires de la page

Cliquer sur le bouton ""Enregistrer""

*Résultat attendu* : 

Message de succès 

*Résultat obtenu :* 

Erreur :

!image-2025-01-27-15-10-27-476.pngwidth=910height=582!

!image-2025-01-27-15-11-39-506.pngwidth=920height=721!

 ";;
475443;"01/22/2026 11:25";;"[Gestion] Validation des délégations et affiliations";;;"Corrigé en production";;"05/12/2025 15:32";;;;;;"DP ROC";;b_poiron_ext;ROC-764;b_poiron_ext;;;;;V5.1;;;;;V4.20;;;;;"*URL* : /interne/mon-compte/delegations-affiliations

*AFF* : 2208_utilisateur.

*Descriptif* :

1. Se connecter avec un référent qui a des demande de délégations à valider ou non 

 

*Résultat attendu* :

Affiche le tableau

*Résultat obtenu* :

!image-2025-01-20-15-01-57-017.png!";;
475446;"01/22/2026 11:25";;"[Paramétrage] - Bloc Contrats visible alors qu'il est désactivé";;;"Corrigé en production";;"05/12/2025 15:32";;;;;;"DP ROC";;b_poiron_ext;ROC-733;b_poiron_ext;;;;;V5.1;;;;;V4.20.0.4;;;;;"*Titre* : [Paramétrage] - Bloc Contrats visible alors qu'il est désactivé

*Configuration* : PIC 20.0.4

*Identifiant* :

AF

*URL* : [https://roc-pic-intradef.fr.capgemini.com/interne/admin/parametrage/code-imputation/modifier/1]

*Descriptif* :

Se connecter avec l'AF

Cliquer sur ""Gestion"" puis ""Paramétrage fonctionnel""

Cliquer sur  ""Autres paramétrages"" puis sur ""Périmètres fonctionnels""

Cliquer sur ""TER"" puis accéder à ""TER_1""

Désactiver le bloc ""Mes contrats""

!image-2025-01-14-16-07-19-746.png!

Cliquer sur valider

Se connecter un Pilote/Référent sur une unité du périmètre TER_1

*Résultat attendu* :

Le bloc ""Contrats"" n'est pas visible

*Résultat obtenu :*

Le bloc ""Contrats"" est visible.

Cliquer sur le bloc provoque l'erreur : 

!image-2025-01-14-16-01-02-277.pngwidth=534height=350!";;
475449;"01/22/2026 11:25";;"[Contrats] - Retour Termes - Quitter provoque une déconnexion";;;"Corrigé en production";;"05/12/2025 15:32";;;;;;"DP ROC";;b_poiron_ext;ROC-724;b_poiron_ext;;;;;V5.1;;;;;V4.20.0.4;;;;;"*Titre* : [Contrats] - Retour Termes - Quitter provoque une déconnexion

*Configuration* : PIC Internet

*Descriptif* :

Renouvellement Contrat : Étape Retour termes

Avec le réserviste cliquer sur le bouton ""Revoir la durée""

Sur le formulaire de reconduction

Cliquer sur le bouton ""Quitter""

!image-2025-01-13-17-13-00-817.pngwidth=413height=268!

*Résultat attendu* :

Retour sur la page ""Mon ESR""

*Résultat obtenu* :

Déconnexion du réserviste";;
475450;"01/22/2026 11:25";;"[Contrats] - Retour Termes - Reconduction - Deux boutons Non renouvellement";;;"Corrigé en production";;"05/12/2025 15:32";;;;;;"DP ROC";;b_poiron_ext;ROC-723;b_poiron_ext;;;;;V5.1;;;;;V4.20.0.4;;;;;"*Titre* : [Contrats] - Retour Termes - Reconduction - Deux boutons Non renouvellement

*Configuration* : PIC intradef

*URL* : [https://roc-pic-intradef.fr.capgemini.com/interne/mes-contrats/reserviste/10094]

*Descriptif* :

Renouvellement Contrat : Étape Retour termes

Avec le réserviste cliquer sur le bouton ""Revoir la durée""

Remplir le formulaire

Cliquer sur le bouton ""Envoyer votre souhait de reconduction""

Avec l'ADR accéder au contrat du réserviste

*Résultat attendu* :

 
Affichage de la page ""Contrat de [NOM] [PRENOM]""

L'étape ""Retour termes"" est en échec avec la date du jour.

Commentaire du réserviste

Texte : 
Hypothèse de la reconduction

Durée proposée par l'autorité de rattachement : [DUREE]

Durée souhaitée par le réserviste : [DUREE]

 

Bouton ""Revoir la durée""

Bouton ""Accepter la durée""

Bouton ""Non renouvellement d'ESR""
 
*Résultat obtenu* :

Deux boutons ""Non renouvellement d'ESR""

!image-2025-01-13-16-57-27-586.png!";;
475451;"01/22/2026 11:25";;"[Contrats] - Retour Termes - Envoi souhait de reconduction - Erreur";;;"Corrigé en production";;"05/12/2025 15:32";;;;;;"DP ROC";;b_poiron_ext;ROC-722;b_poiron_ext;;;;;V5.1;;;;;V4.20.0.4;;;;;"*Titre* : [Contrats] - Retour Termes - Envoi souhait de reconduction - Erreur

*Configuration* : PIC Internet

*URL* : 

*Descriptif* :

Renouvellement Contrat : Étape Retour termes

Avec le réserviste cliquer sur le bouton ""Revoir la durée""

Remplir le formulaire

Cliquer sur le bouton ""Envoyer votre souhait de reconduction""

*Résultat attendu* :

L'étape se colore en rouge et affiche le message suivant pour le réserviste : « Votre demande de modification de période de renouvellement a été communiquée à votre autorité de rattachement. » Le processus est bloqué sur cette étape 5 en envoyant le souhait du réserviste à l'ADR avec la comparaison de la durée proposée dans l'hypothèse. L'ADR est informé du retour du réserviste par mail et/ou la notification suivante : « [CREDO] Renouvellement - Retour hypothèse »

*Résultat obtenu* :

!image-2025-01-13-16-48-22-545.pngwidth=501height=315!";;
475453;"01/22/2026 11:25";;"[Contrats] - Validation ATM - Erreur 500";;;"Corrigé en production";;"05/12/2025 15:32";;;;;;"DP ROC";;b_poiron_ext;ROC-718;b_poiron_ext;;;;;V5.1;;;;;V4.20.0.4;;;;;"*Titre* : [Contrats] - Validation ATM - Erreur 500

*Configuration* : PIC intradef

*URL* : [https://roc-pic-intradef.fr.capgemini.com/afficher-validation/193985/contrat/158348/token/7187a769203ac00dff6a13a0ea5a3890]

*Descriptif* :

Renouvellement Contrat : Étape Validation ATM

Avoir rempli le formulaire pour envoyer le mail de validation à l'autorité militaire.

Cliquer sur le lien reçu par mail

Remplir le formulaire ""Avis pour reconduction de l'autorité militaire""

Cliquer sur le bouton ""Accepter le renouvellement""

*Résultat attendu* :

*Résultat obtenu* :

!image-2025-01-13-10-53-04-120.pngwidth=1157height=615!";;
475456;"01/22/2026 11:25";;"[Contrats] - Reservistes - Mon Esr - Problèmes d'affichages";;;"Corrigé en production";;"05/12/2025 15:32";;;;;;"DP ROC";;b_poiron_ext;ROC-694;b_poiron_ext;;;;;V5.1;;;;;V4.20.0.4;;;;;"*Titre* : [Contrats] - Reservistes - Mon Esr - Problèmes d'affichages

*Configuration* : PIC intradef

*URL* : [https://roc-pic-internet.fr.capgemini.com/candidat/processus-candidature]

*Identifiant* : ADR : 10446_utilisateur

*Descriptif* :

Se connecter avec un RO1

Cliquer sur le bloc fonctionnel ""Contrats""

*Résultat attendu* :

Affichage de la page ""Mon ESR""

=> Les champs du formulaire Mon ESR doivent être désactivés comme pour l'ADR.

 => Le message Aucun document disponible doit être en dessous du header ""Tableau des conventions de prêts"".

*Résultat obtenu* :

!image-2025-01-09-15-11-39-510.png!";;
475457;"01/22/2026 11:25";;"[Contrats] - Non renouvellement - Pas de motif et de date de fin de processus";;;"Corrigé en production";;"05/12/2025 15:32";;;;;;"DP ROC";;b_poiron_ext;ROC-693;b_poiron_ext;;;;;V5.1;;;;;V4.20.0.4;;;;;"*Titre* : [Contrats] - Non renouvellement - Pas de motif et de date de fin de processus

*Configuration* : PIC intradef

*URL* : [https://roc-pic-intradef.fr.capgemini.com/interne/mes-contrats/liste-reservistes/contrats-expires]

*Identifiant* : ADR : 10446_utilisateur

*Descriptif* :

Se connecter avec un Adr

Cliquer sur le bloc fonctionnel ""Contrats""

Cliquer sur un contrat 

Cliquer sur le bouton ""Non renouvellement d'ESR""

Sélectionner une raison

Cliquer sur le bouton ""Valider""

Cliquer sur l'onglet ""Contrats expirés""

*Résultat attendu* :

Le motif de non-renouvellement et la date de fin de processus sont renseignés

*Résultat obtenu* :

!image-2025-01-09-15-03-15-707.png!

 

 ";;
475458;"01/22/2026 11:25";;"[Contrat] - Mail de non renouvellement - Contenu en doublon";;;"Corrigé en production";;"05/12/2025 15:32";;;;;;"DP ROC";;b_poiron_ext;ROC-692;b_poiron_ext;;;;;V5.1;;;;;V4.20.0.4;;;;;"*Titre* : [Contrat] - Mail de non renouvellement de contrat

*Configuration* : PIC intradef

*URL* : [https://roc-pic-internet.fr.capgemini.com/candidat/processus-candidature]

*Identifiant* : ADR : 10446_utilisateur

*Descriptif* :

Se connecter avec un Adr

Cliquer sur le bloc fonctionnel ""Contrats""

Cliquer sur un contrat 

Cliquer sur le bouton ""Non renouvellement d'ESR""

Sélectionner une raison

Cliquer sur le bouton ""Valider""

Le réserviste reçoit un mail

*Résultat attendu* :

Bonjour Interne Min ACHTERHOF

_L'autorité militaire a décidé de ne pas reconduire votre engagement à servir dans la réserve opérationnelle._

_Cordialement_
_Ministère des armées_
_Délégation interarmées aux réserves_

_Cet email vous a été envoyé automatiquement merci de ne pas y répondre._

*Résultat obtenu* :

!image-2025-01-09-14-53-15-462.pngwidth=501height=262!";;
475460;"01/22/2026 11:25";;"[Unités] - Pas de message de succès sur la modification d'une unité";;;"Corrigé en production";;"05/12/2025 15:32";;;;;;"DP ROC";;b_poiron_ext;ROC-662;b_poiron_ext;;;;;V5.1;;;;;V4.20.0.3;;;;;"*Titre* : [Unités] - Pas de message de succès sur la modification d'une unité

*Configuration* : PIC 20.0.3

*Identifiant* :

AF

*URL* : [https://roc-pic-intradef.fr.capgemini.com/interne/admin/unites/modifier/6]

*Descriptif* :

Se connecter avec l'AF

Via le menu cliquer sur ""Gestion"" et sur ""Gestion des unités""

Cliquer sur une unité

Faire une modification et cliquer sur ""Enregistrer""

*Résultat attendu* : 

Redirection sur la page ""Gestion des unités'

Message de succès : 

L'unité a été modifiée

*Résultat obtenu* :

Redirection sur la page ""Gestion des unités'

Aucun message de succès comme quoi les informations ont été correctement enregistrés";;
475461;"01/22/2026 11:25";;"[Gestion utilisateur] Problème affichage dans le span du tableau";;;"Corrigé en production";;"05/12/2025 15:32";;;;;;"DP ROC";;b_poiron_ext;ROC-656;b_poiron_ext;;;;;V5.1;;;;;V4.20;;;;;"Dans gestion utilisateur le span des roles n’interprète pas la balise comme du html mais comme un texte

!image (11).png!";;
475462;"01/22/2026 11:25";;"500 - Historique Activité supprimée";;;"Corrigé en production";;"05/12/2025 15:32";;;;;;"DP ROC";;b_poiron_ext;ROC-655;b_poiron_ext;;;;;V5.1;;;;;V4.20.0.3;;;;;"/interne/activites/historique-des-activites/supprimee

Le tableau affiche aucune valeur et dans le profileur on voit une 500 : 

Warning: Undefined array key ""nomSupprimeur""";;
475465;"01/22/2026 11:25";;"[Engagement] - Visite médicale civile - Certificat indiqué comme optionnel";;;"Corrigé en production";;"05/12/2025 15:32";;;;;;"DP ROC";;b_poiron_ext;ROC-649;b_poiron_ext;;;;;V5.1;;;;;V4.20.0.3;;;;;"*Titre* : [Engagement] - Visite médicale civile - Données obligatoires empêche l'enregistrement

*Configuration* : PIC 20.0.3

*URL* :[https://roc-pic-internet.fr.capgemini.com/candidat/processus-candidature/etape/visite-medicale-civile] 

*Descriptif* :

Se connecter avec un candidat qui n'a pas fait la tuile certificat médicale

Cliquer sur la tuile

*Résultat attendu* : 

!image-2024-12-20-16-18-44-020.png!

*Résultat obtenu* :

!image-2024-12-20-16-22-20-321.png!

{color:#de350b} Enlever la mention (optionnel){color}

 

 ";;
475466;"01/22/2026 11:25";;"[Gestion utilisateur] - Filtre sur les affiliés non fonctionnel";;;"Corrigé en production";;"05/12/2025 15:32";;;;;;"DP ROC";;b_poiron_ext;ROC-646;b_poiron_ext;;;;;V5.1;;;;;V4.20.0.3;;;;;"*Titre* : [Gestion utilisateur] - Filtre sur les affiliés non fonctionnel

*Configuration* : PIC 20.0.3

*Identifiant* :

AF : admin_fonctionnel

*URL* :[https://roc-pic-intradef.fr.capgemini.com/interne/admin/utilisateurs/gestionnaires]

*Descriptif* :

Se connecter avec AF

Via le menu cliquer sur ""Gestion"" puis sur ""Gestion des utilisateurs""

Sélectionner dans le filtre rôle ""Affilié""

*Résultat attendu* : 

Affichage des utilisateurs avec le rôle ""Affilié""

*Résultat obtenu :* 

!image-2024-12-19-18-24-33-578.pngwidth=531height=369!";;
475467;"01/22/2026 11:25";;"[Engagement] - Mail candidature - Problème de code Credo";;;"Corrigé en production";;"05/12/2025 15:32";;;;;;"DP ROC";;b_poiron_ext;ROC-645;b_poiron_ext;;;;;V5.1;;;;;V4.20.0.3;;;;;"*Titre* : [Engagement] - Mail candidature - Problème de code Credo

*Configuration* : PIC 20.0.3

*Identifiant* :

Candidat : fah.fai@getnada.com

*URL* :

*Descriptif* :

Se connecter avec un candidat

Faire le choix d'affectation

*Résultat attendu* : 

Les gestionnaires (REF PIL DEL) recoivent le mail suivant

Bonjour [GRADE] [PRENOM] [NOM]

Une nouvelle candidature vient d'être enregistrée au profit de l'unité {*}REGIMENT MEDICAL ([CREDO]{*}) . Veuillez vous rendre sur votre espace de gestion pour prendre rendez-vous le plus rapidement possible avec ce nouveau candidat. Idéalement cette prise rendez-vous doit intervenir dans les dix jours suivant la réception de cet e-mail.

Cordialement
Ministère des armées
Délégation interarmées aux réserves

_Cet email vous a été envoyé automatiquement merci de ne pas y répondre._

*Résultat obtenu :* 

Le paramètre du code crédo de l'unité n'est pas remplacé

!image-2024-12-19-18-13-15-678.png!";;
475469;"01/22/2026 11:25";;"[Engagement] - Confirmation candidature - Le fil Ariane compétences spécifiques n'est pas traduit";;;"Corrigé en production";;"05/12/2025 15:32";;;;;;"DP ROC";;b_poiron_ext;ROC-633;b_poiron_ext;;;;;V5.1;;;;;V4.20.0.3;;;;;"*Titre* : [Engagement] - Confirmation candidature - Le fil Ariane compétences spécifiques n'est pas traduit

*Configuration* : PIC 20.0.3

*Descriptif* :

Se connecter avec un candidat qui n'a pas fait la tuile ""Choix d'affectation""

Sélectionner un poste

Sur la confirmation de candidature valider le formulaire du profil 

Valider le formulaire des compétences transverses

*Résultat attendu* : 

Affichage de la page des compétences spécifiques.

*Résultat obtenu* :

Le fil d'Ariane n'est pas traduit

!image-2024-12-18-16-56-31-103.pngwidth=584height=395!";;
475470;"01/22/2026 11:25";;"[Engagement] - Visite médicale militaire - Mention de l'inaptitude temporaire alors que le candidat est inapte";;;"Corrigé en production";;"05/12/2025 15:32";;;;;;"DP ROC";;b_poiron_ext;ROC-630;b_poiron_ext;;;;;V5.1;;;;;V4.20.0.2;;;;;"*Titre* : [Engagement] - Visite médicale militaire - Mention de l'inaptitude temporaire alors que le candidat est inapte

*Configuration* : PIC 20.0.2

*Descriptif* :

Se connecter avec un candidat qui n'a pas fait la tuile ""Visite médical militaire""

Cliquer sur le bouton radio "" Oui""

Cliquer sur le bouton ""Valider""

Importer le certificat et sélectionner ""inapte"".

Se connecter avec un gestionnaire accéder à la candidature

Cliquer sur la tuile ""Visite médicale militaire""

*Résultat attendu* : 

 

*Résultat obtenu* :

Inaptitudes temporaires : 
 - Du 18/12/2024 au 18/12/2024

 ";;
475473;"01/22/2026 11:25";;"[Engagement] - CRON - Documents - CER - Droits dossiers";;;"Corrigé en production";;"05/12/2025 15:32";;;;;;"DP ROC";;b_poiron_ext;ROC-613;b_poiron_ext;;;;;V5.1;;;;;V4.20.0.1;;;;;"Problème de droit sur la création d'un répertoire lors de l'exécution du CRON pour déposer le document dans le système de fichier côté Intradef.";;
475476;"01/22/2026 11:25";;"[Engagement] - Tuile ""Contrat"" : pas de message d'erreur en validant sans import de fichier ESR";;;"Corrigé en production";;"05/12/2025 15:32";;;;;;"DP ROC";;b_poiron_ext;ROC-609;b_poiron_ext;;;;;V5.1;;;;;V4.20.0.2;;;;;"*Titre* : [Engagement] - Tuile ""Contrat"" : pas de message d'erreur en validant sans import de fichier ESR

*Configuration* : PIC intradef

*URL* : [https://roc-pic-internet.fr.capgemini.com/candidat/processus-candidature]

*Descriptif* :

Se connecter en tant que candidat dont la tuile ""Contrat"" est cliquable et à compléter
Cliquer sur la tuile un première fois et valider le champ ""Validation définitive de votre engagement
Confirmez-vous votre engagement dans la réserve ?""
Après avoir confirmé le choix (popup) et avoir été redirigé vers le page d'affichage des tuiles cliquer à nouveau sur la tuile ""Contrat""
Cliquer sur le bouton Valider (sans avoir renseigné l'ESR°

*Résultat attendu* :

Pas de message d'erreur redirection vers l'affichage des tuiles de la page ""Processus d'engagement""

*Résultat obtenu* :

Message d'erreur l'ESR est obligatoire

 ";;
475477;"01/22/2026 11:25";;"[Engagement] - Tuile ""Création de l'ESR"" : impossible d'enregistrer la complétion d'une partie des champs";;;"Corrigé en production";;"05/12/2025 15:32";;;;;;"DP ROC";;b_poiron_ext;ROC-608;b_poiron_ext;;;;;V5.1;;;;;V4.20.0.2;;;;;"*Titre* : [Engagement] - Tuile ""Création de l'ESR"" : impossible d'enregistrer la complétion d'une partie des champs

*Configuration* : PIC intradef

*URL* : [https://roc-pic-intradef.fr.capgemini.com/interne/engager/engagement/processus-candidature/233690]

*Descriptif* :

Se connecter en tant que référent
Via le menu cliquer sur ""Contrats/Mobilité"" puis sur ""Suivi des candidatures""
Cliquer sur un candidat dont la tuile ""Création de l'ESR"" est cliquable et à compléter
Cliquer sur la tuile renseigner un champ du formulaire puis cliquer sur le bouton Enregistrer

*Résultat attendu* :

Retour à la page d'affichage des tuiles avec message de succès indiquant que l'enregistrement a bien été effectué

En cliquant à nouveau sur la tuile la valeur précédemment renseignée et enregistrée est bien présente

*Résultat obtenu* :

Messages d'erreurs champs obligatoires

 ";;
475479;"01/22/2026 11:25";;"[Engagement] - Corriger le texte au survol de l'icône souhait de contrat";;;"Corrigé en production";;"05/12/2025 15:32";;;;;;"DP ROC";;b_poiron_ext;ROC-606;b_poiron_ext;;;;;V5.1;;;;;V4.20.0.2;;;;;"*Titre* : [Engagement] - Corriger le texte au survol de l’icône souhait de contrat

*Configuration* : PIC intradef

*URL* : [https://roc-pic-intradef.fr.capgemini.com/interne/processus-engagement]

*Descriptif* :

Se connecter en tant que référent
Via le menu cliquer sur ""Contrats/Mobilité"" puis sur ""Suivi des candidatures""
Pour un candidat présent dans la liste survoler l'icône de souhait de contrat

*Résultat attendu* :

Au survol de l'icône texte ""Souhait de contrat""

*Résultat obtenu* :

Au survol de l'icône texte ""Souhaite de contrat""

!image-2024-12-16-15-56-20-506.pngwidth=1218height=403!";;
475484;"01/22/2026 11:25";;"[Engagement] - Choix d'affectation - Poste indisponible affiché";;;"Corrigé en production";;"05/12/2025 15:32";;;;;;"DP ROC";;b_poiron_ext;ROC-599;b_poiron_ext;;;;;V5.1;;;;;V4.20.0.1;;;;;"*Titre* : [Engagement] - Choix d'affectation - Poste indisponible affiché

*Configuration* : PIC 20.0.1

*Descriptif* :

Se connecter avec un candidat cliquer sur la tuile choix d'affectation

*Résultat attendu* : 

Les postes disponibles pour une candidature sont affichés

*Résultat obtenu* :

Les postes sans places disponibles sont affichés.

Si on sélectionne un poste sans place il y a l'erreur ""Le poste n'a pas pu vous être attribué.""

 

{color:#de350b}-> Rajouter un filtre pour afficher que les postes disponibles{color}";;
475486;"01/22/2026 11:25";;"[Création compte] - CS - Erreur sur le mail de création de compte ";;;"Corrigé en production";;"05/12/2025 15:32";;;;;;"DP ROC";;b_poiron_ext;ROC-595;b_poiron_ext;;;;;V5.1;;;;;V4.20.0.1;;;;;"*Titre* : [Création compte] - CS - Erreur sur le mail de création de compte 

*Configuration* : PIC 20.0.1

 

*Résultat obtenu :* 

Bonjour Bae BAD

Vous avez été proposé par le CNE Mems Cahoon pour devenir correspondant de sécurité des unités 00BW000.
{color:#de350b}En qualité d’correspondant de sécurité{color} vous êtes habilité à valider numériquement un certain nombre de documents dans le système d’information « Réservistes opérationnel connectés » (ROC).

Pour ce faire il vous est demandé de bien vouloir créer votre compte dans ROC en cliquant sur le lien qui suit et en vous connectant avec l’identifiant et le mot de passe provisoire communiqué dans ce message.

Lien : [Mon espace personnelhttps://roc-pic-intradef.fr.capgemini.com/interne/login]
Identifiant : bae.bad

Mot de passe : YfGk16W#_0iv0*K

 

*Résultat attendu :* 

En qualité de correspondant de sécurité

 

 

 

 ";;
475487;"01/22/2026 11:25";;"[Création compte] - AO - Indicatifs pays et téléphone optionnel sur la création d'un pilote";;;"Corrigé en production";;"05/12/2025 15:32";;;;;;"DP ROC";;b_poiron_ext;ROC-594;b_poiron_ext;;;;;V5.1;;;;;V4.20.0.1;;;;;"*Titre* : [Création compte] - AO - Indicatifs pays et téléphone optionnel sur la création d'un pilote

*Configuration* : PIC 20.0.1

*Identifiant* :

AO: admin.ter

*URL* :

*Descriptif* :

Se connecter avec un AO

Accéder à Gérer mes comptes

Cliquer sur le bouton Ajouter un pilote

*Résultat attendu* : 

Affichage du formultaire de création d'un pilote

Affichage de la page ""Ajout d'un nouveau pilote""

Formulaire avec : 
 * *Indicatif pays*
 * *Téléphone*

*Résultat obtenu* :

Les indicatifs pays et le téléphone sont optionnels sur ce formulaire alors que sur le formulaire d'ajout d'un utilisateur ces données sont obligatoires.

{color:#de350b}Rendre obligatoire les indicatifs pays et téléphone.{color}";;
475488;"01/22/2026 11:25";;"[Engagement] - Erreur d'affichage du message de succès de validation de la tuile Informations obligatoires";;;"Corrigé en production";;"05/12/2025 15:32";;;;;;"DP ROC";;b_poiron_ext;ROC-589;b_poiron_ext;;;;;V5.1;;;;;V4.20.0.2;;;;;"*Titre* : [Engagement] - Erreur d'affichage du message de succès de validation de la tuile Informations obligatoires

*Configuration* : PIC internet

*URL* : [https://roc-pic-internet.fr.capgemini.com/candidat/processus-candidature]

*Descriptif* :

Se connecter en tant que candidat ayant la tuile Informations obligatoires à compléter
Cliquer sur le bloc ""Engagement""
Cliquer sur ""Informations obligatoire""

Compléter le formulaire de la page ""Informations et chartes obligatoires"" puis valider

*Résultat attendu* : 
Redirection sur l'affichage des tuiles du processus d'engagement

Message de succès : ""Les informations ont été correctement enregistrées""

*Résultat obtenu* :
Redirection sur l'affichage des tuiles du processus d'engagement

Message de succès : ""Votre contrat d’engagement à servir dans la réserve est en cours de finalisation. Vous serez avisé par l’autorité militaire de sa décision.""

 ";;
475492;"01/22/2026 11:25";;"Absence des nouvelles activités dans celles passées.";;;"Corrigé en production";;"05/12/2025 15:32";;;;;;"DP ROC";;b_poiron_ext;ROC-574;b_poiron_ext;;;;;V5.1;;;;;V4.20.0.1;;;;;"
   *Environnement/ Version**RECETTE CAP v4.20.0.1 /Intradef*
   *Titre de l'anomalie*h2. Absence des nouvelles activités dans celles passées.
   *Url*https://roc-recette-intradef.fr.capgemini.com/interne/activites/enaro/signature/passe
   *Acteur* REF/ATS
   *Identifiant*{*}534_utilisateur/{*}{*}recette-intradef-cap.test{*}
 
 
**
   *Mot de passe*Azertyuiop44!!!  /  *2u4d7E&Vfu&G0#X#*
   *Anomalie*Majeur
   *Configuration*INTRADEF FIREFOX
   *Bloc*Activité
   *Description*Il est impossible de retrouver les activités signer par l'ATS  lorsque le REF consulte dans les activités passées. Néanmoins elles sont bien présentes coté ATS dans les activités passées.

 
   *Résultat attendu**Le Référent doit être en mesure de visualiser les activités dans les activités passées une fois signées par l'ATS*
   *Copies d'écran* 

 ";;
475500;"01/22/2026 11:25";;"Accès aux profils de gestionnaires hors de périmètre fonctionnel";;;"Corrigé en production";;"05/12/2025 15:32";;;;;;"DP ROC";;b_poiron_ext;ROC-518;b_poiron_ext;;;;;V5.1;;;;;V4.18.2;;;;;"
   *Environnement/ Version*PROD V4.18.2 et RECETTE CAP V4.20
   *Titre de l'anomalie*Accès aux profils de gestionnaires hors de périmètre fonctionnel
   *Url*[https://roc-recette-intradef.fr.capgemini.com/interne/utilisateurs/gestionnnaireshttps://roc-recette-intradef.fr.capgemini.com/interne/utilisateurs]
   *Acteur*AO
   *Identifiants*7169_utilisateur
   *Mot de passe*Azertyuiop44!!!
   *Anomalie*Majeur
   *Configuration*INTRADEF Chrome
   *Bloc*Gestion des utilisateurs
   *description*L'AO a accès au tableau de gestion des utilisateurs mais il voit des gestionnaires n'appartenant pas à son périmètre fonctionnel
   *Résultat attendu*L'AO ne doit voir que les utilisateurs de son périmètre fonctionnel
   *Copies d'écran*image-2024-11-27-10-10-20-282.png (AO du SCA)";;
475504;"01/22/2026 11:25";;"[Engagement] - Choix Poste - Mauvaise gestion de l'erreur si on ne sélectionne pas de poste";;;"Corrigé en production";;"05/12/2025 15:32";;;;;;"DP ROC";;b_poiron_ext;ROC-479;b_poiron_ext;;;;;V5.1;;;;;V4.20;;;;;"*Titre* : [Engagement] - Choix Poste - Mauvaise gestion de l'erreur si on ne sélectionne pas de poste

*Configuration* : PIC 20.0.0

*Identifiant* :

Candidat : aef.aef@getnada.ocm

*URL* : [https://roc-pic-internet.fr.capgemini.com/candidat/processus-candidature/etape/choix-affectation]

*Descriptif* :

Se connecter avec un candidat qui n'a pas fait le choix d'affectation

Cliquer sur la tuile

Sélectionner un Département Armée et une unité

Cliquer sur Poursuivre

Cliquer sur Valider

*Résultat attendu* : 

Message d'erreur il faut choisir un poste

*Résultat obtenu :* 

!image-2024-11-29-15-00-00-501.pngwidth=737height=500!";;
475507;"01/22/2026 11:25";;"[Poste] - Suppression - Erreur sur un poste avec des candidatures";;;"Corrigé en production";;"05/12/2025 15:32";;;;;;"DP ROC";;b_poiron_ext;ROC-426;b_poiron_ext;;;;;V5.1;;;;;V4.20;;;;;"*Titre* : [Poste] - Suppression - Erreur sur un poste avec des candidatures

*Configuration* : PIC 20.0.0

*Identifiant* : 

AF

*URL* :  [https://roc-pic-intradef.fr.capgemini.com/interne/gestion-engagement/supprimer-poste/197]

*Descriptif* :

Dans le menu clIquer sur ""Gestion"" puis Gestion des emplois

Cliquer sur un poste qui a des candidatures en cours.

Cliquer sur Supprimer

Confirmer

*Résultat attendu* : 

Message : Il existe une marque d’intérêt pour ce poste vous ne pouvez pas le supprimer

*Résultat obtenu :*

Erreur 500

  !image-2024-11-27-16-24-30-241.pngwidth=1101height=558!";;
475510;"01/22/2026 11:25";;"[FPM] - La FPM créée par le pilote n'est pas visible dans ROC";;;"Corrigé en production";;"05/12/2025 15:32";;;;;;"DP ROC";;b_poiron_ext;ROC-366;b_poiron_ext;;;;;V5.1;;;;;V4.20;;;;;"*Titre* : [FPM] - La FPM créé par le pilote n'est pas visible

*Configuration* : PIC 20.0.0

*Identifiant* :

Pilote : 2208_utilisateur

*URL* :  [https://roc-pic-intradef.fr.capgemini.com/interne/accueil-choix-bloc]

*Descriptif* :

Avec le Pilote

Via le menu cliquer sur Gestion puis Gestion des FPM en cours

Cliquer sur Créer

Remplir le formulaire et validé

*Résultat attendu* : 

Redirection sur la page Gestion des formations prémilitaires en cours

Message de succès

La FPM est présente dans le tableau 

*Résultat obtenu* :

La FPM n'est pas visible seules les FPM du référent sont présentes



FPM  présente en bdd mais sans unité

 ";;
475513;"01/22/2026 11:25";;"[Engagement] - CER - Résultat et date de contrôle optionnel";;;"Corrigé en production";;"05/12/2025 15:32";;;;;;"DP ROC";;b_poiron_ext;ROC-358;b_poiron_ext;;;;;V5.1;;;;;V4.20;;;;;"*Titre* : [Engagement] - Résultat CER

*Configuration* : PIC 20.0.0

*Identifiant* :

AF

Candidat

*URL* : 

*Descriptif* :

Étape dans le test en lien avec le ticket

Validation du CER par l'AF/ref/pilote

*Résultat attendu* : 

Dans le dse le résultat et la date sont obligatoires

*Résultat obtenu* :

Message d'erreurs sur le bloc Résultat du contrôle élémentaire et de la date qui sont indiqués comme optionnel

!https://jira-ci.fr.capgemini.com/jira/plugins/servlet/raven/attachment/70746/screenshot-2.png!";;
475514;"01/22/2026 11:25";;"[Engagement] - Date de visite médicale non obligatoire";;;"Corrigé en production";;"05/12/2025 15:32";;;;;;"DP ROC";;b_poiron_ext;ROC-357;b_poiron_ext;;;;;V5.1;;;;;V4.20;;;;;"*Titre* : [Engagement] - Date de visite médicale non obligatoire

*Configuration* : PIC 20.0.0

*URL* : [https://roc-pic-internet.fr.capgemini.com/candidat/processus-candidature/etape/visite-medicale-militaire]

*Descriptif* :

Avec un candidat accéder à l'engagement

Cliquer sur la tuile Visite médicale militaire

Cliquer sur Oui

Cliquer sur Valider

Cliquer sur Valider

*Résultat attendu* : 

Affichage des messages d'erreurs sous chaque donnée obligatoire.

*Résultat obtenu* :

Pas de message d'erreur pour la date de visite

!image-2024-11-26-11-28-12-379.png!

 ";;
475515;"01/22/2026 11:25";;"[Export Massif] - Message d'erreur date de début antérieur à date de fin";;;"Corrigé en production";;"05/12/2025 15:32";;;;;;"DP ROC";;b_poiron_ext;ROC-346;b_poiron_ext;;;;;V5.1;;;;;V4.20;;;;;" 

 

*Titre* : [Export Massif] - Message d'erreur date de début antérieur à date de fin

*Configuration* : PIC 20.0.0

*Identifiant* :

AF

*URL* :  [https://roc-pic-intradef.fr.capgemini.com/interne/admin/qualite]

*Descriptif* :

Avec l'AF via le menu cliquer sur Gestion puis sur Espace qualité

Cliquer sur Téléchargement.csv au niveau des activités

Affichage de la popup Export massif des activités

Renseigner une date de début antérieur à la date de fin

Cliquer sur Téléchargement .csv

*Résultat attendu* : 

La date de début doit être antérieur à la date de fin

*Résultat obtenu* :

Le date de début doit être antérieur à la date de fin

!image-2024-11-25-18-31-01-683.pngwidth=341height=295!";;
475519;"01/22/2026 11:25";;"[Export massif] - E-billets - Le fichier exporté contient moins de JDD qu'en BDD";;;"Corrigé en production";;"05/12/2025 15:32";;;;;;"DP ROC";;b_poiron_ext;ROC-341;b_poiron_ext;;;;;V5.1;;;;;V4.20;;;;;"*Titre* : [Export massif] - E-billets - Le fichier exporté contient moins de JDD qu'en BDD

*Configuration* : PIC 20.0.0

*Identifiant* :

AF

*URL* :  Export massif

*Descriptif* :

Avec l'AF via le menu cliquer sur Gestion puis sur Espace qualité

Cliquer sur Téléchargement.csv au niveau de l'export des commandes d'e-billets

*Résultat attendu* : 

Le nombre de lignes dans le fichier csv correspond au nombre de tuples dans la bdd

*Résultat obtenu* :

313560 dans la table commande_billet
324396 dans le fichier";;
475520;"01/22/2026 11:25";;"[Engagement] - Validation externe - Création de l'ESR";;;"Corrigé en production";;"05/12/2025 15:32";;;;;;"DP ROC";;b_poiron_ext;ROC-339;b_poiron_ext;;;;;V5.1;;;;;V4.20;;;;;"*Titre* : [Engagement] - Validation externe - Création de l'ESR

*Configuration* : PIC 20.0.0

*Identifiant* :

AF

Candidat

*URL* : 

*Descriptif* :

Avec l'AF valider la tuile Création de l'ESR

Cliquer sur la tuile 

Cliquer sur le bouton Radio ""Oui"" au niveau de la demande d'informations concernant une candidature

!image-2024-11-26-10-28-49-939.png!

Renseigner un mail et cliquer sur Envoyer

Cliquer sur le lien reçu par mail

Remplir le formulaire

Importer un document

Valider

Rafraichir la page avec l'AF

*Résultat attendu* : 

Présence des documents transmis par le valideur dans le résultat de la demande de validation

*Résultat obtenu* :

Les documents ne sont pas visibles

!image-2024-11-26-10-30-28-320.pngwidth=728height=492!";;
475521;"01/22/2026 11:25";;"[Gestion utilisateur] - Tableau Mes délégations vide sur un délégataire";;;"Corrigé en production";;"05/12/2025 15:32";;;;;;"DP ROC";;b_poiron_ext;ROC-338;b_poiron_ext;;;;;V5.1;;;;;V4.20;;;;;"*Titre* : [Gestion utilisateur]  Tableau Mes délégations vide sur un utilisateur délégataire

*Configuration* : PIC 20.0.0

*Identifiant* :

AF : admin_fonctionnel

*URL* : [https://roc-pic-intradef.fr.capgemini.com/interne/admin/utilisateurs/gestionnaires/12284/modifier]

*Descriptif* :

Se connecter avec AF

Via le menu cliquer sur Gestion puis Gestion des utilisateurs

Cliquer sur un délégué (ex : 12284_utilisateur)

*Résultat attendu* : 

Affichage des délégations dans le tableau Mes délégations.

*Résultat obtenu :* 

Le tableau Mes délégations est vide.

!image-2024-11-25-14-48-23-712.pngwidth=624height=316!

 ";;
475523;"01/22/2026 11:25";;"[Poste] - QR code non visible sur Internet et problème de taille";;;"Corrigé en production";;"05/12/2025 15:32";;;;;;"DP ROC";;b_poiron_ext;ROC-335;b_poiron_ext;;;;;V5.1;;;;;V4.20;;;;;"*Titre* : [Poste] - QR code non visible sur Internet et problème de taille

*Configuration* : PIC 20.0.0

*Identifiant* :

AF : admin_fonctionnel

*URL* : [https://roc-pic-intradef.fr.capgemini.com/consulter-poste/7767]

[https://roc-pic-internet.fr.capgemini.com/consulter-poste/7767]

*Descriptif* :

Créer un poste avec sur la première étape un QR code

Accéder sur internet à l'accueil en non connecté.

Cliquer sur le poste.

*Résultat attendu* : 

Affichage du QR code.

*Résultat obtenu :* 

Pas d'affichage du document sur la partie internet.

Problème au niveau de l'url sur l'affichage du QR code url en interne

Sur intradef avec l'af accéder au poste sur l'accueil la taille de l'image n'est pas bien gérée :

!image-2024-11-25-11-55-44-480.pngwidth=712height=379!

 ";;
475525;"01/22/2026 11:25";;"[Engagement] - Affichage d'un message de succès vide";;;"Corrigé en production";;"05/12/2025 15:32";;;;;;"DP ROC";;b_poiron_ext;ROC-330;b_poiron_ext;;;;;V5.1;;;;;V4.20;;;;;"*Titre* : [Engagement] - Affichage d'un message de succès vide

*Configuration* : PIC 20.0.0

*Identifiant* :

AF : admin_fonctionnel

Candidat : 

*URL* :

*Descriptif* :

Se connecter avec un candidat / AF

Cliquer sur Engagement / Aller sur le Suivi des candidatures rechercher le candidat et cliquer sur la ligne

Cliquer sur une tuile

Cliquer sur Valider (sans renseigner de champs)

Affichage des messages d'erreurs

Cliquer sur Retour

*Résultat attendu* : 

Aucun message

Affichage des différentes tuiles

*Résultat obtenu :* 

Message de succès vide

Affichage des différentes tuiles

!https://jira-ci.fr.capgemini.com/jira/plugins/servlet/raven/attachment/70729/screenshot-1.pngwidth=361height=356!

Produit sur la Tuile Habillement Correspondant de sécurité Contrôle du dossier;

Il y  a un message de succès comme quoi les informations ont été correctement enregistrée sur le contrôle du dossier

!image-2024-11-25-15-57-59-557.pngwidth=527height=480!";;
475526;"01/22/2026 11:25";;"[POSTE] - Suppression d'une compétence ajouté ko";;;"Corrigé en production";;"05/12/2025 15:32";;;;;;"DP ROC";;b_poiron_ext;ROC-329;b_poiron_ext;;;;;V5.1;;;;;V4.20;;;;;"*Titre* : [POSTE] - Suppression d'une compétence ajouté ko

*Configuration* : PIC 20.0.0

*Identifiant* :

AF

PIL/REF : 2208_utilisateur

*URL* : [https://roc-pic-intradef.fr.capgemini.com/interne/poste/creer/cible/85]

*Descriptif* :

Se connecter en tant qu'AF/PIL/REF

Créer un poste RO1/RO2/Spécialiste

Renseigner les informations obligatoires et cliquer sur suivant jusqu'à la 3 étape

Cliquer sur Ajouter une compétence

Sélectionner une compétence (la compétence est ajouté au tableau)

Sélectionner la checkbox de la compétence ajoutée

Cliquer sur supprimer compétence(s)

*Résultat attendu* : 

La compétence ajoutée est supprimée.

*Résultat obtenu :* 

Aucun action";;
475527;"01/22/2026 11:25";;"[Modification RO2/RO1] - Pas de vérification sur la modification du numéro ADS ";;;"Corrigé en production";;"05/12/2025 15:32";;;;;;"DP ROC";;b_poiron_ext;ROC-328;b_poiron_ext;;;;;V5.1;;;;;V4.20;;;;;"*Titre* : [Modification RO2/RO1] - Pas de vérification sur la modification du numéro ADS 

*Configuration* : PIC 20.0.0

*Identifiant* :

Pilote: 2208_utilisateur

*URL* :  [https://roc-pic-intradef.fr.capgemini.com/interne/unite/reserviste/ro2/modifier/256910]

*Descriptif* :

Se connecter avec le Pilote/Référent

Cliquer sur Gérer les réservistes RO2

Cliquer sur un RO2 ( compte actif) 

Cliquer sur le lien ""Modifier"" à côté Numéro ADS 

Modifier le Numéro ADS

Cliquer sur Valider

*Résultat attendu* : 

Au clic sur le bouton « Valider » un message rouge (« Le numéro ADS saisie n'est pas valide \n Veuillez entrer un numéro valide. ») est affiché en dessous de la zone de saisie si le numéro ADS ne comporte pas 10

*Résultat obtenu* :

Aucune vérification la modification est validé.

!image-2024-11-21-17-13-18-323.png!";;
475528;"01/22/2026 11:25";;"[Engagement] - Choix affectation - Poste sans titre et description";;;"Corrigé en production";;"05/12/2025 15:32";;;;;;"DP ROC";;b_poiron_ext;ROC-326;b_poiron_ext;;;;;V5.1;;;;;V4.20;;;;;"*Titre* :[Engagement] - Choix affectation - Poste sans titre et description

*Configuration* : PIC 20.0.0

*Identifiant* :

Candidat : abj.abj

MDP : *y#6TRx3<S2)i*

*URL* : [https://roc-pic-internet.fr.capgemini.com/candidat/processus-candidature/etape/choix-affectation]

*Descriptif* :

Se connecter avec le candidat

Cliquer sur le bloc Choix d'affectation

*Résultat attendu* : 

L'offre d'emploi doit faire apparaitre le sous-titre de l'emploi en gras puis le descriptif

*Résultat obtenu :* 

!image-2024-11-21-16-39-05-770.pngwidth=341height=350!

Faire la même correction que le ticket : [ROC-50]

Ajouter des conditions pour afficher l'intitulé ou le sous-titre au niveau du titre en gras

 

 

 ";;
475537;"01/22/2026 11:25";;"[Données personnels réserviste] - Nommage date modification mdp d'un RO1 et RO2";;;"Corrigé en production";;"05/12/2025 15:32";;;;;;"DP ROC";;b_poiron_ext;ROC-291;b_poiron_ext;;;;;V5.1;;;;;V4.20.0.2;;;;;"*Titre* : [Données personnels réserviste] - Nommage date modification mdp d'un RO1 et RO2

*Configuration* : PIC 20.0.0

*Identifiant* :

AF : admin_fonctionnel

AO : admin_ter

Pilote : 2208_utilisateur

Référent : 2208_utilisateur

*URL* :  [https://roc-pic-intradef.fr.capgemini.com/interne/admin/utilisateurs/reserviste/modifier/210585]

[https://roc-pic-intradef.fr.capgemini.com/interne/admin/utilisateurs/ro2/modifier/223845]

[https://roc-pic-intradef.fr.capgemini.com/interne/unite/reserviste/ro1/modifier/219711]

[https://roc-pic-intradef.fr.capgemini.com/interne/unite/reserviste/ro2/modifier/256910]

*Descriptif* :

Avec l'AF AO  Pilote Référent

Via le menu cliquer sur Gestion puis Réservistes RO1/ Réservistes RO2 ou Gérer les réservistes RO1/Gérer les réservistes RO2

Cliquer sur un réserviste

*Résultat attendu* : 

*L'onglet ""Mon profil"" est séparé en 2 parties une partie gauche et droite ont des informations non modifiables.*

*La partie gauche :*
 * Civilité
 * Nom
 * Nom d'épouse
 * Prénom
 * Date de naissance
 * Date de dernière modification du mot de passe
 * NID

.....

*Résultat obtenu* :
form.date_modif_mdp au lieu de Date de dernière modification du mot de passe";;
475543;"01/22/2026 11:25";;"Tableau -  Aucune icône présente pour indiquer le trie par ordre décroissant";;;"Corrigé en production";;"05/12/2025 15:32";;;;;;"DP ROC";;b_poiron_ext;ROC-226;b_poiron_ext;;;;;V5.1;;;;;V4.20;;;;;"*Titre* : Tableau - Aucune icône présente pour indiquer le trie par ordre décroissant

*Configuration* : PIC 19.0.1

*Identifiant :*

Global

 

*Descriptif :*

Afficher un tableau de l'application

Faire le trie décroissant sur une colonne

 

*Résultat attendu* : 

Une icône (triangle vers le bas) est affiché pour indiquer que le trie est décroissant


*Résultat obtenu* :

Aucune icône n'est visible sur le tableau

 ";;
475544;"01/22/2026 11:25";;"[FPM] - Création - Message d'erreur moins une place";;;"Corrigé en production";;"05/12/2025 15:32";;;;;;"DP ROC";;b_poiron_ext;ROC-225;b_poiron_ext;;;;;V5.1;;;;;V4.20;;;;;"*Titre* : FPM - Création - Message d'erreur quand il y a moins d'une place 

*Configuration* : PIC 19.0.1

*Identifiant* :

AF

*URL* :  [https://roc-pic-intradef.fr.capgemini.com/interne/admin/gestion-formations-premilitaires/ajouter]

*Descriptif* :

Avec l'AF

Cliquer via le menu sur {*}Gestion{*}.

Cliquer sur ""{*}Gestion des FPM en cours""{*}

Cliquer sur *""Créer""*

Cliquer sur {*}""Valider""{*}{*}{*}

 

*Résultat attendu* : 

Je n'ai pas trouvé le résultat attendu dans le DSE

 

*Résultat obtenu* :

gestion_pm.form.erreur.au_moins_une_place

!image-2024-11-04-11-20-36-505.png!";;
475545;"01/22/2026 11:25";;"[Poste] - Le champ ETR est indiqué comme optionnel";;;"Corrigé en production";;"05/12/2025 15:32";;;;;;"DP ROC";;b_poiron_ext;ROC-224;b_poiron_ext;;;;;V5.1;;;;;V4.20;;;;;"*Titre* : Le champ ETR est indiqué comme optionnel alors qu'il est obligatoire pour modifier un poste

*Configuration* : PIC 19.0.1

*Identifiant* :

AF

*URL* :  [https://roc-pic-intradef.fr.capgemini.com/interne/gestion-engagement/modifier-poste/101]

*Descriptif* :

Avec l'AF cliquer sur le Poste et cliquer sur Modifier

*Résultat attendu* : 

Le code ETR est obligatoire il n'y pas la mention ""(optionnel)"".

*Résultat obtenu* :

Il y a la mention ""(optionnel)"".

Lors de la validation il y a bien un message d'erreur quand le champ n'est pas renseigné

 

*Enlever la mention ""(optionnel)""*

 

 ";;
475551;"01/22/2026 11:25";;"[Correspondant sécurité] - Pas de réception de mail sur la création d'un correspondant de sécurité avec compte ROC";;;"Corrigé en production";;"05/12/2025 15:32";;;;;;"DP ROC";;b_poiron_ext;ROC-117;b_poiron_ext;;;;;V5.1;;;;;V4.20;;;;;"*Titre*Création d'une autorité signataire avec compte ROC KO
*Configuration* PIC
*URL*[https://roc-pic-intradef.fr.capgemini.com/interne/unite/officier-securite/creer]
*Identifiant :*
*Mot de passe :*
 
_mdp : Azertyuiop44!!!_email utilisateur présent dans ROC sans rôle : 4601_utilisateur.roc@getnada.com
5570_utilisateur
*Rôle*REF
*Bloc*Correspondants de sécurité
*Anomalie* Mineur
*Description* ** Se connecter avec le référent
Dans le menu cliquer sur ""{*}Gestion{*}"" -> *""Correspondants de sécurité"".*
Cliquer sur le bouton ""Créer un correspondant de sécurité"" en haut de la page.
Renseigner un Grade
Renseigner un Nom
Renseigner un Prénom
Renseigner un NID
Renseigner une fonction
Renseigner un Email ( email d'un utilisateur présent dans ROC)
Cliquer sur Créer
*Résultat attendu*Réception d'un mail qui indique le rôle
*Résultats obtenus*Message d'erreur sur l'envoi de mail :
!image-2024-10-21-15-30-54-357.pngwidth=404height=364!
 
 L'utilisateur à cependant bien le rôle : 
!image-2024-10-21-15-30-36-889.pngwidth=494height=145!
 
 ";;
475853;"01/22/2026 11:25";;"[Contrat] - Validation ATM - Champ date de fin du nouvel ESR activé au lieu de désactivé";;;"Corrigé en production";;"05/12/2025 15:34";;;;;;"DP ROC";;b_poiron_ext;ROC-1202;b_poiron_ext;;;;;V5.2;;;;;V5.1;;;;;"*Titre* : [Contrat] - Validation ATM - Champ date de fin du nouvel ESR actif

*Configuration* : PIC v5.1

*URL* :

*Identifiant :*  ADR : 10446_utilisateur

*Descriptif* :

Se connecter avec un ADR

Cliquer sur le bloc fonctionnel ""Contrats"" puis sur l'onglet ""Contrats en cours de renouvellement""

Trouver un contrat qui a l'étape "" Validation ATM""

Renseigner une adresse mail

Renseigner un commentaire

Cliquer sur le bouton ""Envoyer""

Cliquer sur le lien reçu par mail

*Résultat attendu* : 

Affichage de la page ""Proposition de renouvellement""

Bloc ""Données actuelles du réserviste"" formulaire désactivé :
 * Nom d'usage
 * Prénom
 * NID
 * ADS d'appartenance
 * Corps
 * Grade
 * Fonction occupée
 * Unité d'emploi
 * Date de fin de l'ESR
 * Date d'atteinte de la limite d'âge (optionnel)
 * Fin d'aptitude VMP
 * Commentaire de l'autorité de rattachement (optionnel)

Bloc ""Hypothèse de la reconduction"" formulaire désactivé :
 * Durée envisagée de l'ESR (optionnel)
 * Date de fin du nouvel ESR
 * Unité d'emploi (optionnel)
 * Emploi ou nature de la fonction (optionnel)
 * Numéro RPPS (optionnel)

Bloc ""Avis pour reconduction de l'autorité militaire"" formulaire :
 * Grade
 * Nom
 * Prénom
 * Votre commentaire (optionnel)
 * Téléversement de documents (optionnel)

*Résultat obtenu :* 

La date de fin du nouvel ESR n'est pas indiqué comme désactivé

!https://jira-ci.fr.capgemini.com/jira/plugins/servlet/raven/attachment/76255/screenshot-1.pngwidth=713height=333!";;
476890;"01/22/2026 11:25";;"Transfert de compte référent aléatoire";;;"Corrigé en production";"Problème gestion et création compte gestionnaire";"05/13/2025 16:46";;;;;;"DP ROC";;g_gay3;ROC-1571;b_poiron_ext;;;;Droits;V5.4;;Bloquant;"Poste Intradef";https://reservistes.intradef.gouv.fr/interne;V4.18.2;"Référent / délégataire ref";;;;"Lorsqu'un délégataire (ISG 1G) BEYHURST Joanne) se connecte à son compte ROC gestionnaire, il devient référent du code CREDO dont il était délégataire, sans démarche de sa part.
Le véritable référent (ISG 2G LEFAUCHEUX Stéphanie) n'a plus de rôle et son compte est désactivé. Elle reçoit un message l'informant que le nouveau référent est désormais l'ISG 1G BEYHURST.";Majeur;"Transfert de référent involontaire.msg"
475572;"01/22/2026 11:25";;"Tri du tableau ""Activités"" sur la plupart des colonnes non fonctionnel";;;"Corrigé en production";;"05/12/2025 15:32";;;;;;"DP ROC";;b_poiron_ext;ROC-44;b_poiron_ext;;;;;V4.20;;;;;V4.18.2;;;;;"*Titre de l’anomalie*Tri du tableau ""Activités"" sur la plupart des colonnes non fonctionnel
*Configuration*  PPROD/PROD NP/DR
*URL*[https://rhttps://roc-recette-intradef.fr.capgemini.com/interne/login]eservistes.intradef.gouv.fr/interne/utilisateurs/gestionnaires/7602/modifier
*Identifiant :*
*Mot de passe :*
 
_mdp : Azertyuiop44!!!_4512_utilisateur (AF)
*Rôle*AF
*Bloc*Gestion des profils et rôles
*Anomalie* Majeur 
*Description* Les champs des filtres sont remplissables et s'autocomplètent mais +aucun+ filtre ne d'applique dans le tableau des activités (qu'importe lequel) sur les colonnes : ADS unité Libéllé et Date de fin
Des comportements similaires ont été rapporté dans d'autres tableaux mais sont encore à reproduire. L'anomalie est reproduite sur serveur CAP mais les champs ne s'autocomplètent pas
*Résultats attendus*  
*Captures d’écrans*  +Fichiers+ :
Tri_tableau_activite.jpg (groupe date/heure présent sur la capture)

 ";;
477432;"01/22/2026 11:25";;"[MN] Table ETR non connectée à la V4.20";;;"Corrigé en production";"Anomalie fonctionnelle parcours Engagement";"05/14/2025 11:51";;;;;;MN;;g_bota;ROC-1771;b_poiron_ext;;;;"Unités (CREDO, FPM, Emploi)";"LIVRAISON HORS VERSION";;Bloquant;"Poste Intradef";https://reservistes.intradef.gouv.fr/interne/gestion-engagement/liste-postes;V4.20.0.8;Référent;;;;"La table des code ETR n'est pas connectée car lorsque l'on rempli un numéro ETR celui-ci n'est pas reconnu et aucun champ ne se pré complète.";Bloquant;ETR.docx
527952;"01/22/2026 11:25";;"[Extraction] l'export de tous les référentiel retourne fichier introuvable (ok en Production)";;;"Corrigé en production";;"07/17/2025 15:21";;;;;;"DP ROC";;b_poiron_ext;ROC-1963;b_poiron_ext;;;;Extraction;"LIVRAISON HORS VERSION";;Majeur;;;V5.4.2;;;;;"*Titre* : Export de tous les référentiel => fichier introuvable (ok en Production)

*Configuration* : PPROD v5.4.1 DR interne/login / PICSEL v5.4.2

*URL* : [https://pprod-reservistes.intradef.gouv.fr/interne/admin/extractions-massives/referentiel|https://pprod-reservistes.intradef.gouv.fr/interne/calendrier/disponibilites-periode]

*Rôle : AF*

*Identifiant :*  4512_utilisateur
MDP : Azertyuiop44!!!

*Descriptif* :
 # connexion intradef de l'AF
 # Espace qualité
 # Exporter tous les référentiels

+*Résultat obtenu*+

Fichier introuvable en PPROD v5.4.1 et PICSEL v5.4.2 (reproduit par [~authayak] en environnement PICSEL )

+*Résultat attendu*+
Fichier zip avec 96 référentiels obtenu en Production";;
527972;"01/22/2026 11:25";;"[Communication] Tout utilisateur sur NP - Bloc/Menu burger absents";;;"Corrigé en production";;"07/17/2025 15:21";;;;;;"DP ROC";;b_poiron_ext;ROC-1915;b_poiron_ext;;;;Environnement;"LIVRAISON HORS VERSION";;Mineur;;;V5.4.1;;;;;"*Titre* :  [Communication] Tout utilisateur sur NP - Bloc/Menu burger absents

*Configuration* : Pprod V.5.4.1 - NP

*Identifiant* :

4512_utilisateur AF

2693_utilisateur REF/DEL

RO1 : [40025_reserviste.roc@getnada.com|mailto:40025_reserviste.roc@getnada.com]

*Descriptif :* En tant qu'utilisateur, je me connecte. 

*Résultat attendu :* Le menu burger et le bloc communication s'affichent

*Résultat obtenu :* Le menu burger et le bloc communication ne s'affichent pas. Multiples F5 et nettoyages de cache mais le bloc n'apparait toujours pas. ";;
528006;"01/22/2026 11:25";;"[candidat] - Impossible de televerser la fiche_medicale militaire pourtant fourni par ROC";;;"Corrigé en production";;"07/17/2025 15:21";;;;;;"DP ROC";;b_poiron_ext;ROC-1784;b_poiron_ext;;;;Environnement;"LIVRAISON HORS VERSION";;Mineur;;;V5.4;;;;;" 
| |Ticket JIRA N°| | | |
| |   Environnement/ Version| | |PICSEL NP v5.4 du 23/05/2025
 |
| |   Titre de l'anomalie| | |[candidat] - Impossible de télèverser la fiche_medicale militaire pourtant fourni par ROC|
| |   Url| | |[https://roc-front-np-pre.picsel.defense.gouv.fr/candidat/processus-candidature/etape/visite-medicale-militaire]|

 
| |   Acteur| |Reprise d'un candidat existant au niveau du choix de son unité|
| |   Identifiants| |241005_candidat.roc@getnada.com|
| |   Mot de passe| |Azertyuiop44!!!|
| |   Anomalie| |Majeur|
| |   Configuration| |Firefox|
| |   Bloc| |Candidat|
| |   Description| | |

 

[https://roc-front-np-pre.picsel.defense.gouv.fr/candidat/processus-candidature/etape/visite-medicale-militaire]

Impossible de televerser le document ci-joint pourtant fourni par ROC et attendu pour continuer la candidature


 |
| |Résultat obtenu| |Des erreurs d'IHM interdisent de téléverser la fiche medicale pourtant initialement téléchargée sur le site de la réserve|
| |Résultat attendu| |Le document fiche.medicale.pdf fourni ci-jointe par ROC faisant 2,6Mo doit pouvoir être téléversé par un candidat, sinon il ne peut continuer sa canidature|";;
528010;"01/22/2026 11:25";;"[candidat] - certains fichiers ne sont pas acceptés en téléversement de certificat medical civil";;;"Corrigé en production";;"07/17/2025 15:21";;;;;;"DP ROC";;b_poiron_ext;ROC-1777;b_poiron_ext;;;;Environnement;"LIVRAISON HORS VERSION";;Majeur;;;V5.4;;;;;" 
| |Ticket JIRA N°| | |
| |   Environnement/ Version| |PICSEL NP v5.4 du 23/05/2025
 |
| |   Titre de l'anomalie| |[candidat] - certains fichiers ne sont pas acceptés en téléversement de certificat medical civil|
| |   Url| |[https://roc-front-np-pre.picsel.defense.gouv.fr/candidat/processus-candidature/etape/visite-medicale-civile]|
| |   Acteur| |Candidat|
| |   Identifiants| |candidat.001a+seripo@gmail.com|
| |   Mot de passe| |Azertyuiop1234!!!|
| |   Anomalie| |Majeur|
| |   Configuration| |Firefox|
| |   Bloc| |Candidat|

 

Au niveau du certificat médical civile un certain nombre de fichiers ne sont pas acceptés en téléversement

[https://roc-front-np-pre.picsel.defense.gouv.fr/candidat/processus-candidature/etape/visite-medicale-civile|https://roc-front-np-pre.picsel.defense.gouv.fr/candidat/processus-candidature/etape/visite-medicale-militaire]

=> vu avec le [~X-MBEVIL] une demande est en cours pour revoir la regex sur l'ensemble des documents téléversés

Ici en l'occurence les fichiers suivants ne sont pas acceptés :

- *Hélène TEST Scan iPhone 14 PRO Max.pdf:* le scan PDF du certificat medical civil: l'Iphone met automatiquement le prénom Hélène dans la règle de nommage du fichier en détectant les caractères écrits 

- *Document_2025-04-27_111710-PDF-normal.pdf :* normalement suivant les regles d'IHM ce fichier devrait etre supporté

- *Document_2025-04-27_111703-compression-haut.jpg* : normalement suivant les regles d'IHM ce fichier devrait etre supporté
$

-CertificatMedical.pdf (7,3Mo) : ce fichier devrait etre supporté mais impossible de le téléverser.

En effet, suite a tous ces problèmes le candidat renomme son premier fichier scanné par son iPhone avec le nom CertificatMedical.Pdf fichier de 7,3Mo
=> Impossible de televerser ce document pourtant conforme aux spécifications de l'IHM

 
| |Résultat obtenu|Des erreurs d'IHM apparaissent lors de téléversement de certains document de visites medicale : alors qu'ils sont conformes aux attentes de l'IHM|
|ap|Résultat attendu :|L'utilisateur devrait pouvoir televerser des document PDF inférieurs a 8Mo, des documents avec _ et -  
A voir avec une nouvelle regex a venir sur l'ensemble des documents a televerser|

 ";;
528011;"01/22/2026 11:25";;"[Candidat] - Erreur 500 lors de l'ouverture d'une tuile visite medicale militaire bleue suite à reprise de données";;;"Corrigé en production";;"07/17/2025 15:21";;;;;;"DP ROC";;b_poiron_ext;ROC-1775;b_poiron_ext;;;;Environnement;"LIVRAISON HORS VERSION";;Bloquant;;;V5.4;;;;;" 
| |Ticket JIRA N°| |
| |   Environnement/ Version|PICSEL NP v5.4 du 22/05/2025
 |
| |   Titre de l'anomalie|[Candidat] - Erreur 500 lors de l'ouverture d'une tuile visite medicale militaire bleue suite à reprise de données|
| |   Url|[https://roc-front-np-pre.picsel.defense.gouv.fr/candidat/processus-candidature/etape/visite-medicale-militaire]|
| |   Acteur|Reprise d'un candidat existant|
| |   Identifiants|256243_candidat.roc@getnada.com|
| |   Mot de passe|Azertyuiop1234!!!|
| |   Anomalie|Majeur|
| |   Configuration|Firefox|
| |   Bloc|Candidat|
| |   Description|
 * ouvrir la tuile visite médicale militaire dans le cadre de la reprise d'un candidat
- sélection de l'antenne médicale + date de visite + valider : OK
- réouvrir la tuile visite médicale militaire
- saisie de l'aptitude militaire
- téléversement du document + validation de la visite : OK
 * réouvrir la tuile visite médicale militaire : NOK erreur 500
 

| |Résultat obtenu|Erreur 500 lors de l'ouverture de la tuile visite médicale militaire|
| |Résultat attendu :|On doit pouvoir ré-ouvrir la tuile visite médicale militaire dans le cas de la reprise de données suite a aptitude et téléversement du fichier médical|";;
528012;"01/22/2026 11:25";;"[PICSEL]-Engagement-V5.4. TEST MOA Impossible de téléverser le CER par le CANDIDAT ";;;"Corrigé en production";;"07/17/2025 15:21";;;;;;"DP ROC";;b_poiron_ext;ROC-1774;b_poiron_ext;;;;Environnement;"LIVRAISON HORS VERSION";;Majeur;;;V5.4;;;;;"*Environnement PICSEL*

*[Processus d'engagement - Réservistes des armées (defense.gouv.fr)|https://roc-front-dr-pre.picsel.defense.gouv.fr/interne/engager/engagement/processus-candidature/189244]*

*REF:* 411_utilisateur

MDP : Azertyuiop44!!!

*CS* 12094_utilisateur

MDP : Azertyuiop44!!

*[Entretien en sécurité - Réservistes des armées (defense.gouv.fr)|https://roc-front-np-pre.picsel.defense.gouv.fr/candidat/processus-candidature/etape/verification-securite]*

*CAND [189354_candidat.roc@getnada.com|mailto:189354_candidat.roc@getnada.com]*
 # {*}s{*}e connecter avec le référent côté DR
 # aller dans l'onglet ""engager ""
 # sélectionner le candidat en question 
 # se connecter avec le candidat côté NP 
 # cliquer sur le bloc ""engager""
 # selectionner la tuile "" vérification du CR""
 # téléverser un document 
 # Valider ce document 

Résultat attendu : le document a été bien téléversé et on devrait poursuivre côté CS 

Résultat actuel : le document ne se valide pas : pas de message et surtout pas de prise en compte du documenty";;
528015;"01/22/2026 11:25";;"[Candidat] - 3 erreurs lors du téléversement d'un certificat médical militaire";;;"Corrigé en production";;"07/17/2025 15:21";;;;;;"DP ROC";;b_poiron_ext;ROC-1769;b_poiron_ext;;;;Environnement;"LIVRAISON HORS VERSION";;Mineur;;;V5.4;;;;;" 
| |Ticket JIRA N°| | |
| |   Environnement/ Version| |PICSEL NP v5.4 du 22/05/2025
 |
| |   Titre de l'anomalie| |[Candidat] - 3 erreurs lors du téléversement d'un certificat médical|
| |   Url| |[https://roc-front-np-pre.picsel.defense.gouv.fr/candidat/processus-candidature/etape/visite-medicale-militaire]|
| |   Acteur| |Reprise d'un candidat existant|
| |   Identifiants| |256243_candidat.roc@getnada.com|
| |   Mot de passe| |Azertyuiop1234!!!|
| |   Anomalie| |Majeur|
| |   Configuration| |Firefox|
| |   Bloc| |Candidat|

 

Au niveau du certificat médical militaire le téléversement de ce fichier de 7,5 Mo retourne 3 erreurs

[https://roc-front-np-pre.picsel.defense.gouv.fr/candidat/processus-candidature/etape/visite-medicale-militaire]

=> vu avec le [~X-MBEVIL] une demande est en cours pour revoir la regex sur l'ensemble des documents téléversés


 
| |Résultat obtenu|3 d'erreurs d'IHM contradictoires|
| |Résultat attendu :|le candidat doit pouvoir téléverser des documents PDF de 7,5Mo c'est ce qu'il est indiqué dans l'IHM : ou alors adapter l'IHM en question si contradiction avec une contrainte technique|

 

Bug déjà présent en v4.x";;
528018;"01/22/2026 11:25";;"[Candidat] - Erreur 500 lors du téléchargement du Questionnaire médicale 1ère partie de la visite médicale militaire";;;"Corrigé en production";;"07/17/2025 15:21";;;;;;"DP ROC";;b_poiron_ext;ROC-1765;b_poiron_ext;;;;Environnement;"LIVRAISON HORS VERSION";;Majeur;;;V5.4;;;;;" 
| |Ticket JIRA N°| |
| |   Environnement/ Version|PICSEL NP v5.4 du 22/05/2025
 |
| |   Titre de l'anomalie|[Candidat] - Erreur 500 lors du téléchargement du Questionnaire médicale 1ère partie de la visite médicale civile|
| |   Url|[https://roc-front-np-pre.picsel.defense.gouv.fr/candidat/download-doc/fiche_medicale_1/256133/951899]|
| |   Acteur|Reprise d'un candidat existant|
| |   Identifiants|256243_candidat.roc@getnada.com|
| |   Mot de passe|Azertyuiop1234!!!|
| |   Anomalie|Majeur|
| |   Configuration|Firefox|
| |   Bloc|Candidat|
| |   Description|

Pour la visite médicale civile, le candidat rencontre des erreurs au téléchargement de certains document 
Questionnaire médicale 1ère partie : Erreur 500
[https://roc-front-np-pre.picsel.defense.gouv.fr/candidat/download-doc/fiche_medicale_1/256133/951899]

Liste des antennes médicales militaires : OK
Questionnaire médicale 2ère partie : OK
 
| |Résultat obtenu|Erreur 500 systématique|
| |Résultat attendu :|le candidat doit pouvoir télécharger les documents de la visite médicale civile|

 

Merci à [~authayak] qui regarde les logs";;
528019;"01/22/2026 11:25";;"[Communication] - Tentative d'envoie d'une pièce jointe de 7,5Mo : 3 messages d'IHM contradictoires";;;"Corrigé en production";;"07/17/2025 15:21";;;;;;"DP ROC";;b_poiron_ext;ROC-1760;b_poiron_ext;;;;Environnement;"LIVRAISON HORS VERSION";;Majeur;;;V5.4;;;;;"PICSEL v5.4 DR

[https://roc-front-dr-pre.picsel.defense.gouv.fr/interne/login]

AF: 4512_utilisateur

MDP Azertyuiop44!!!
 * Se connecter avec l'AF
 * Bloc communication massive
 * rédiger un message et joindre une pièce joint PDF de 7,5Mo

[https://roc-front-dr-pre.picsel.defense.gouv.fr/interne/communication/creation-message]

 

{color:#de350b}Taille maximale : 8 Mo.{color} Formats supportés : pdf/png/jpg. Attention à ne pas mettre d'espace, d'accent ou de caractère spécial dans les noms des fichiers que vous mettez en pièces jointes. 
 
 * {color:#de350b} Le fichier est trop volumineux. Sa taille ne doit pas dépasser 2 Mo.{color}

 *  {color:#de350b}Le fichier doit être au format PDF, PNG ou JPG et ne doit pas dépasser 8Mo{color}

 

+*Résultat :*+

NOK l'AF reçoit plusieurs messages d'erreurs contradictoires entre deux
=> par ailleurs le fichier < 8Mo

 

+*Résultat attendu:*+

A voir quelle taille de fichier PDF est supporté si c'est 2Mo ou 8Mo avec le PO [~X-LLODI] 

 ";;
528020;"01/22/2026 11:25";;"[communication] l'AF rencontre une Erreur 500 lors du téléchargement de la pièce jointe envoyée par lui meme";;;"Corrigé en production";;"07/17/2025 15:21";;;;;;"DP ROC";;b_poiron_ext;ROC-1759;b_poiron_ext;;;;Environnement;"LIVRAISON HORS VERSION";;Bloquant;;;V5.4;;;;;"PICSEL v5.4 DR

[https://roc-front-dr-pre.picsel.defense.gouv.fr/interne/login]

 

AF: 4512_utilisateur

MDP Azertyuiop44!!!

 
 * Se connecter avec l'AF
 * Bloc communication massive
 * Message envoyée
 * Voir le message : [https://roc-front-dr-pre.picsel.defense.gouv.fr/interne/communication/message/envoye/2]
 * Cliquer sur la pièce jointe BelleEnMer.pdf : NOK erreur 500 + deconnexion

[https://roc-front-dr-pre.picsel.defense.gouv.fr/interne/documents/eyJ0eXAiOiJKV1QiLCJhbGciOiJIUzI1NiJ9.eyJzdWIiOiIwMTQ1MTIiLCJleHAiOjE3NDc4NzMxMzguODQ2NjQsImQiOiI3NzA4M2IwYy1lYzNiLTQ2OWMtODYwMS1kZTE2YjNjYWFmZDgiLCJlIjoyLCJ0IjoyMX0.-bvDGmwkVqI9GXRr7u3W6WTWdu0IzegxygFPngN2Zkg/telecharger]

+*Résultat :*+

NOK erreur 500 ci-jointe

 

+*Résultat attendu:*+

L'AF doit pouvoir télécharger sa pièce jointe de message envoyé

 

 ";;
528021;"01/22/2026 11:25";;"[Engagement] Erreur 500 lors du clic sur le bloc engagement suite a bug ROC-1708";;;"Corrigé en production";;"07/17/2025 15:21";;;;;;"DP ROC";;b_poiron_ext;ROC-1757;b_poiron_ext;;;;Environnement;"LIVRAISON HORS VERSION";;Bloquant;;;V5.4;;;;;"[Engagement] Erreur 500 lors du clic sur le bloc engagement suite a bug ROC-1708

*Configuration* : PICSEL v5.4 NP

*Identifiant* :

candidat.001a+Zapato@gmail.com

Mdp Azertyuiop1234!!!

 
 *URL* : [https://roc-front-np-pre.picsel.defense.gouv.fr/candidat/processus-candidature]

 

*Descriptif* :

Suite au bug ROC-1708 : l'utilisateur se déconnecte, purge le cache et se reconnecte

=> lors du clic sur le bloc engagement [https://roc-front-np-pre.picsel.defense.gouv.fr/candidat/processus-candidature]  alors il y a erreur 500

 
*Résultat obtenu* :

Erreur 500 cf copie d'écran

*Résultat attendu* :

Lorsque l'utilisateur rencontre une erreur: cette erreur ne doit pas dégrader la base de données pour rendre inutilisable la candidature en cours

 

 

 

 

 

 

 ";;
528026;"01/22/2026 11:25";;"[Communication massive] REF / DEL REF - La page ""Nouveau message"" ne s'affiche pas depuis le menu burger ""Communication""";;;"Corrigé en production";;"07/17/2025 15:21";;;;;;"DP ROC";;b_poiron_ext;ROC-1724;b_poiron_ext;;;;Environnement;"LIVRAISON HORS VERSION";;Majeur;;;V5.4;;;;;"*Titre* : REF / DEL REF - La page ""Nouveau message"" ne s'affiche pas depuis le menu burger ""Communication""

*Configuration* : PIC v.5.4

*Identifiant* :

REF : 16280_utilisateur / 10584_utilisateur

DEL REF : 10026_utilisateur

*URL* :  [https://alias-front-dr.picsel.defense.gouv.fr/interne/creation-message|https://alias-front-dr.picsel.defense.gouv.fr/interne/communication/messages-recus__]

*Descriptif* :

Pour les REF et les DEL REF, lors du clic sur l'onglet ""Nouveau message"" via le menu Burger ""Communication"", la page Nouveau Message ne s'affiche pas 

*Résultat attendu* :

La page ""Nouveau message"" s'affiche

*Résultat obtenu* :

Erreur 404";;
528030;"01/22/2026 11:25";;"[Communication massive] RO1 / RO2 / REF / AF - Erreur 500 lors de l'accès à la page ""Messages reçus"" et/ou ""Messages envoyés""";;;"Corrigé en production";;"07/17/2025 15:21";;;;;;"DP ROC";;b_poiron_ext;ROC-1717;b_poiron_ext;;;;Environnement;"LIVRAISON HORS VERSION";;Mineur;;;V5.4;;;;;"*Titre* : RO1 / RO2 / REF / AF - Erreur 500 lors de l'accès à la page ""Messages reçus"" et/ou ""Messages envoyés""

*Configuration* : PIC v.5.4

*Identifiant* :

RO1 : [13889_reserviste.roc@getnada.com|mailto:13889_reserviste.roc@getnada.com]

RO2 : [85661_reserviste.roc@getnada.com|mailto:85661_reserviste.roc@getnada.com]

AF : [16280_utilisateur.roc@getnada.com|mailto:16280_utilisateur.roc@getnada.com]

REF : [411_utilisateur.roc@getnada.com|mailto:411_utilisateur.roc@getnada.com]

*URL* :  

[https://alias-front-np.picsel.defense.gouv.fr/reserviste/communication/messages-recus|https://urldefense.com/v3/__https://alias-front-np.picsel.defense.gouv.fr/reserviste/communication/messages-recus__!!NEMsmePo_HYI!aPT5cbsKRVlevYLEXc0ndKgH4-syMSmjpD2SmjGK9rTlxApz76PzTKiuc-YgD3xIXmXB9kjWEBlHgxOW2VgS1C8bqitVAmgcYWA-3pjfP4w$]

[https://alias-front-np.picsel.defense.gouv.fr/reserviste/communication/messages-envoyes|https://urldefense.com/v3/__https://alias-front-np.picsel.defense.gouv.fr/reserviste/communication/messages-recus__!!NEMsmePo_HYI!aPT5cbsKRVlevYLEXc0ndKgH4-syMSmjpD2SmjGK9rTlxApz76PzTKiuc-YgD3xIXmXB9kjWEBlHgxOW2VgS1C8bqitVAmgcYWA-3pjfP4w$]

*Descriptif* :

Lors de l'accès à la page ""Messages reçus"" depuis le menu burger ou directement lorsque je clique sur le Bloc Communication, un erreur 500 apparait

Lors de l'accès à la page ""Messages envoyés"" depuis le menu burger, pour les AF et les REF, une erreur 500 apparait

Précision : Pour l'AF, la page ""Nouveau message"" s'affiche correctement

*Résultat attendu* :

La page ""Messages reçus' ou ""Message envoyés"" s'affiche

*Résultat obtenu* :

Erreur 500";;
528032;"01/22/2026 11:25";;"[Engagement] - CS - une erreur est survenue lors du refus du CER (reprise de données)";;;"Corrigé en production";;"07/17/2025 15:21";;;;;;"DP ROC";;b_poiron_ext;ROC-1713;b_poiron_ext;;;;Environnement;"LIVRAISON HORS VERSION";;Majeur;;;V5.4;;;;;"*Titre* : [Engagement] - CS - une erreur est survenue lors du refus du CER (reprise de données)

*Configuration* : PICSEL v5.4 DR

*Identifiant* :

role CS 13437_utilisateur

Mdp Azertyuiop44!!!

 
 *URL* : [https://alias-front-dr.picsel.defense.gouv.fr/interne/fice/officier-securite/listing]

 

*Descriptif* : Rôle le CS

Lors d'un refus de CER de reprise de donnée une erreur est survenue 

[https://alias-front-dr.picsel.defense.gouv.fr/interne/fice/officier-securite/listing]

 

 
*Résultat obtenu* :

Un message d'erreur apparait lors du refus du CER

*Résultat attendu* :

Aucun message d'erreur doit apparaitre";;
528033;"01/22/2026 11:25";;"[Engagement] - CS - Erreur 500 lors du téléchargement d'un CER";;;"Corrigé en production";;"07/17/2025 15:21";;;;;;"DP ROC";;b_poiron_ext;ROC-1712;b_poiron_ext;;;;Environnement;"LIVRAISON HORS VERSION";;Majeur;;;V5.4;;;;;"*Titre* : [Engagement] - CS - Erreur 500 lors du téléchargement d'un CER

*Configuration* : PICSEL v5.4 DR

*Identifiant* :

role CS 13437_utilisateur

Mdp Azertyuiop44!!!

 
 *URL* : [https://alias-front-dr.picsel.defense.gouv.fr/interne/fice/officier-securite/listing]

 

*Descriptif* : Rôle le CS

a 10h20 lors d'une tentative de téléchargement du CER du candidat une erreur 500 est retournée



[https://alias-front-dr.picsel.defense.gouv.fr/interne/fice/officier-securite/listing]

 

[https://alias-front-dr.picsel.defense.gouv.fr/interne/fice/officier-securite/visualiser/240499/6c4e830b62ddebda.j6P_NiSEL2x5lwhlN_hZRpK3exJCKtE-5-ZI9YBHX3s.0JSNfF3BHS4RokAgWskjFciHHn4rHKgGvqMahbQTFj3VzqVnacMWPCD1Zw]

 

 
*Résultat obtenu* :

Erreur 500 cf copie d'écran

*Résultat attendu* :

Le CS devrait pouvoir télécharger un CER
h3.";;
528034;"01/22/2026 11:25";;"[Engagement] - REF - Erreur 500 lors de la consultation d'un document du candidat";;;"Corrigé en production";;"07/17/2025 15:21";;;;;;"DP ROC";;b_poiron_ext;ROC-1709;b_poiron_ext;;;;Candidature;"LIVRAISON HORS VERSION";;Majeur;;;V5.4;;;;;"*Titre* :  [Engagement] - REF - Erreur 500 lors de la consultation d'un document du candidat

*Configuration* : PICSEL v5.4 DR

*Identifiant* :

REF 13674_utilisateur

Mdp Azertyuiop44!!!

 
 *URL* : [https://alias-front-dr.picsel.defense.gouv.fr/interne/engager/engagement/processus-candidature/240499|https://alias-front-dr.picsel.defense.gouv.fr/interne/processus-candidature/candidature/250104/etape/verification-securite]

 

*Descriptif* :

Le REF essai de consulter un document du candidat (CER rempli) via clic droit ouvrir dans un nouvel onglet

 
*Résultat obtenu* :

Erreur 500

 

*Résultat Attendu* :

Le REF doit pouvoir consulter des documents du candidat";;
528041;"01/22/2026 11:25";;"[Communication] RO2 Erreur 500 lors de consultation de communication";;;"Corrigé en production";;"07/17/2025 15:21";;;;;;"DP ROC";;b_poiron_ext;ROC-1679;b_poiron_ext;;;;Environnement;"LIVRAISON HORS VERSION";;Majeur;;;V5.4;;;;;"|*Ticket JIRA N°*| |
|   *Environnement/ Version*|PICSEL NP v5.4
 |
|   *Titre de l'anomalie*|[Communication] RO2 Erreur 500 lors de consultation de consultation|
|   *Url*| [https://alias-front-np.picsel.defense.gouv.fr/reserviste/communication/messages-recus]|
|   *Acteur*|RO2|
|   *Identifiants*|222420_reserviste.roc@getnada.com|
|   *Mot de passe*|Azertyuiop44!!!|
|   *Anomalie*|Bloquante|
|   *Configuration*|Firefox|
|   *Bloc*|Communication|
|   D{*}escription{*}|En v5.4 PICSEL NP nous avons une erreur 500 sur un compte RO2 lors de la consultation de communication a cette URL
 
 [https://alias-front-np.picsel.defense.gouv.fr/reserviste/communication/messages-recus]
 
 
 |
|   *Résultat attendu*|Lors de la consultation de messages reçus le RO2 ne doit pas avoir une erreur 500|

 

 

 ";;
528056;"01/22/2026 11:25";;"[E-billet]- Impossible des E-billet de passer au statut""demandes traitées""";;;"Corrigé en production";;"07/17/2025 15:21";;;;;;"DP ROC";;b_poiron_ext;ROC-1562;b_poiron_ext;;;;Environnement;"LIVRAISON HORS VERSION";;Mineur;;;V4.20.0.7;;;;;"*Titre* : [Deplacement] - Impossible des E-billet de passer au statut""demandes traitées""

*Configuration* :

*URL* : [https://pprod-reservistes.intradef.gouv.fr/interne/mes-deplacements/demandes-a-traiter]

*Identifiant :*  REF: 1309_utilisateur

*Descriptif* :

Se connecter en tant que REF

Cliquer sur le bloc fonctionnel ""Déplacement""

Cliquer sur le bouton""Accepter""

Cliquer sur le bouton ""valider""

*Résultat attendu* : 

Après 5 min la demande passe de l'état en de ""demandes en attente vers l'état ""demandes traitées""

*Résultat obtenu :* 

les demandes restent en attentes et les demandes sont grisées.

[https://pprod-reservistes.intradef.gouv.fr/interne/mes-deplacements/demandes-a-traiter]

 

!image-2025-04-23-10-35-55-127.png!";;
475373;"01/22/2026 11:25";;"[Rôles] Quand un AF gère ses délégations il ne peut pas cocher/décocher les fonctionnalités auxquelles ont accès ses délégataires";;;"Corrigé en production";;"05/12/2025 15:32";;;;;;"DP ROC";;b_poiron_ext;ROC-1358;b_poiron_ext;;;;;V6.1;;;;;V4.20.0.5;;;;;"  *Environnement/ Version*PPROD v4.20.0.5
   *Titre de l'anomalie*Quand un AF gère ses délégations il ne peut pas cocher/décocher les fonctionnalités auxquelles ont accès ses délégataires
   *Url*[Processus d'engagement - Réservistes des arméeshttps://pprod-reservistes.cloud.defense.gouv.fr/candidat/processus-candidature]
   *Acteur*AF 
   *Identifiants*4512 
   *Mot de passe*Azertyuiop44!!!
   *Anomalie*Majeure
   *Configuration*Microsoft Edge
   *Bloc*Engagement
   D{*}escription{*}
   *Résultat attendu*Que les fonctionnalités puissent être cochées/décochées. 

 ";;
475412;"01/22/2026 11:25";;"[FAQ] - Barre de recherche - Autocomplétion ko";;;"Corrigé en production";;"05/12/2025 15:32";;;;;;"DP ROC";;b_poiron_ext;ROC-1129;b_poiron_ext;;;;;V5.2;;;;;V5.1;;;;;"*Titre* : [FAQ] - Barre de recherche - Autocomplétion ko

*Configuration* : PIC 5.1

*URL* : **

*Descriptif* :

Se connecter en tant que gestionnaire ou RO1/RO2

Dans le footer cliquer sur ""FAQ""

Renseigner les trois premiers caractères d'un mot utilisé dans les questions de la FAQ

*Résultat attendu* : 

L'utilisateur commence à écrire un mot dans la barre de recherche au niveau de la troisième lettre nous proposons en temps réel une liste d'entrées cliquables contenant les mots indiqués.

La barre de recherche affiche uniquement les questions intégrant dans leur contenu un ou plusieurs des mots saisis par l'utilisateur.

Les entrées proposées devront correspondre à l'ensemble des mots saisis dans la barre.

Ces mots ne doivent pas obligatoirement se suivre mais bien être présents dans la question.

Les résultats n'affichent que les questions qui correspondent au profil utilisateur.

*Résultat obtenu :* 

Aucune autocomplétion

!image-2025-02-11-14-23-30-521.pngwidth=454height=267!

 ";;
475482;"01/22/2026 11:25";;"[Exemption FPM] - L'exemption de FPM n'est pas visible sur la page ""Formation prémilitaire"" du candidat";;;"Corrigé en production";;"05/12/2025 15:32";;;;;;"DP ROC";;b_poiron_ext;ROC-602;b_poiron_ext;;;;;V5.1;;;;;V4.20.0.2;;;;;"*Titre* : [Exemption FPM] - L'exemption de FPM n'est pas visible sur la page ""Formation prémilitaire"" du candidat

*Configuration* : PIC internet

*URL* : [https://roc-pic-internet.fr.capgemini.com/candidat/processus-candidature/etape/formation-premilitaire]

*Descriptif* :

Se connecter en tant que candidat ayant été exempté de Formation prémilitaire
Cliquer sur le bloc ""Engagement""
Cliquer sur la tuile ""Formation prémilitaire""

*Résultat attendu* : 
Affichage de la page Formation prémilitaire avec le texte suivant : 

 ""Exempté de formation prémilitaire""

*Résultat obtenu* :
Affichage de la page Formation prémilitaire avec le texte suivant : 

""Vous devez choisir une formation prémilitaire pour une période à laquelle vous serez disponible. Ne vous engagez pas à la légère."" 

!image-2024-12-13-12-14-12-205.png!

 ";;
469735;"01/22/2026 11:25";;"Validation activité à la clôture";;l_lodigiani_dechamp;"Corrigé en production";;"05/05/2025 15:29";;;;;;ADT;;j_pelletier6;ROC-1614;b_poiron_ext;;;;Activités;V6.3;;Bloquant;;https://reservistes.intradef.gouv.fr/interne/activites/cloturer/detail/1914973;V4.20.0.7;"Référent 	3E RAMA (01DK000) ";;"Validation de l'activité à la clôture dans l'onglet ""A clôturer"".";14646;"Erreur 500 lors de la validation";Bloquant;"Erreur 500.docx"
527898;"01/22/2026 11:25";;"[E-billet] Un Référent obtient une erreur 500 après connexion sur le bloc E-billet ";;;"Corrigé en production";;"07/17/2025 15:21";;;;;;"DP ROC";;b_poiron_ext;ROC-2059;b_poiron_ext;;;;E-billet;V6.3;;Mineur;;;V4.20.0.8;;;;;"se connecter en Pré Production DR

https://pprod-reservistes.intradef.gouv.fr/interne/login
 # Identifiant 510_utilisateur Mdp Azertyuiop44!!!
 # cliquer sur le bloc e-billet
 # Résultat : erreur inattendue erreur 500
 # Résultat attendu: le référent doit arriver sur les demandes de transport en attentes et validées";;
527899;"01/22/2026 11:25";;"[Communication] Délégation du bloc communication décochée, le délégataire voit quand même les messages envoyés et peut les supprimer";;;"Corrigé en production";;"07/17/2025 15:21";;;;;;"DP ROC";;b_poiron_ext;ROC-2058;b_poiron_ext;;;;Communication;V6.3;;Majeur;;;V5.4.4;;;;;"*Identifiants :* 

REF : 3434_utilisateur 

DEL : 3496_utilisateur

*Description :* 

- En tant que REF, j'envoie une communication. 

- Je vais sur gestion des délégataires 

- Je clique sur éditer, la délégation du 3496_utilisateur

- Je décoche la délégation ""délégation rédaction communication""

- Je clique sur sauvegarder

- Je me connecte au 3496_utilisateur

- Je clique sur le bloc communication

- Je clique sur l'onglet ""Messages envoyés""

*Résultat attendu :* 

Les messages envoyés par mon référent n'apparaissent pas 

*Résultat obtenu :* 

Les messages envoyés par mon référent apparaissent. De plus, le délégataire est en mesure de supprimer ces messages. 

 ";;
527900;"01/22/2026 11:25";;"[Engagement]- Impossible de valider la la candidature lors du parcours candidat ";;;"Corrigé en production";;"07/17/2025 15:21";;;;;;"DP ROC";;b_poiron_ext;ROC-2056;b_poiron_ext;;;;Candidature;V6.3;;Bloquant;;;V4.20.0.8;;;;;"[https://pprod-reservistes.cloud.defense.gouv.fr/candidat/processus-candidature/etape/choix-affectation/acte-candidature]

1 se connecter avec le candidat [271284_candidat.roc@getnada.com|mailto:271284_candidat.roc@getnada.com]

MDP Azertyuiop44!!!

2. choisir le bloc engager

3. renseigner les données

4. Cliquer sur enregistrer et puis sur valider

5. résultat obtenu : rien ne se passe la page reste figée et on est remonté au haut de page

6. résultat attendu : on doit pouvoir aller à l'onglet compétence

 ";;
527901;"01/22/2026 11:25";;"[Communication] Possibilité d'envoyer une communication en dépassant le nombre max de caractères";;;"Corrigé en production";;"07/17/2025 15:21";;;;;;"DP ROC";;b_poiron_ext;ROC-2052;b_poiron_ext;;;;Communication;V6.3;;Mineur;;;V5.4.4;;;;;"*Identifiants :* 

REF : 3434_utilisateur

*Description :* 
 - Se connecter en tant que référent

 - Cliquer sur le bloc communication 

 - Cliquer sur nouveau message

 - Filtrer par département (j'ai choisi le 19 dans notre cas)

 - Entrer un Objet du message dépassant le nombre de caractère (ici, j'ai dépassé pour atteindre -7 sur le compteur. 

*Résultat attendu :* 

Message d'erreur et pas possible d'envoyer la communication 

*Résultat obtenu :* 

La communication s'envoie";;
527910;"01/22/2026 11:25";;"[Communication] Le filtre sur le département de résidence ne fonctionne pas";;;"Corrigé en production";;"07/17/2025 15:21";;;;;;"DP ROC";;b_poiron_ext;ROC-2030;b_poiron_ext;;;;Communication;V5.4.4;;Mineur;;;V5.4.3;;;;;"*Environnement :* PICSEL 5.4.3

*Identifiants :*

REF : 3434_utilisateur

RO2 : 258343_reserviste

*Description :* Référent clique sur nouveau message, filtre par département de résidence et choisit le 19 puis envoie une communication.

Je me connecte à un RO2 qui habite dans un autre département (ici, le 81) et je clique sur message reçu.

*Résultat attendu :* En tant que RO2 n'habitant pas dans le 19, ne pas recevoir la communication

*Résultat obtenu :* Le RO2 habitant dans le 81 reçoit la communication";;
527911;"01/22/2026 11:25";;"[candidature] - suite au ROC-2027 Impossible d'avoir l'ESR définitif";;;"Corrigé en production";;"07/17/2025 15:21";;;;;;"DP ROC";;b_poiron_ext;ROC-2028;b_poiron_ext;;;;Candidature;V5.4.4;;Bloquant;;;V5.4.3;;;;;"'+*Titre :*+ [candidature] - suite au ROC-2027 Impossible d'avoir l'ESR définitif

*+Configuration:+*

PICSEL v5.4.3 DR interne/login pour le REF

+*URL :*+  notification email

+*Identifiants / rôle :*+

REF DR 2111_utilisateur Azertyuiop44!!!

CS manitas.securitas Azertyuiop44!!!
Candidat [roberta.ezmeralda.roc@getnada.com|mailto:roberta.ezmeralda.roc@getnada.com] 

*+Descriptif :+*

Suite au problème ROC-2027 ensuite impossible d'avoir l'ESR définitif ci-joint l'état du dossier

 

+*Résultat attendu*+
Le candidat doit pouvoir obtenir la tuile ESR définitif

 

+*Résultat obtenu:*+
Le candidat n’accède pas à la tuile ESR définitif";;
527912;"01/22/2026 11:25";;"[candidature] - Tuile bleue vérification de sécurité alors que le CS a donné son accord";;;"Corrigé en production";;"07/17/2025 15:21";;;;;;"DP ROC";;b_poiron_ext;ROC-2027;b_poiron_ext;;;;Candidature;V5.4.4;;Bloquant;;;V5.4.3;;;;;"'+*Titre :*+ [candidature] - Tuile bleue vérification de sécurité alors que le CS a donné son accord

*+Configuration:+*

PICSEL v5.4.3 DR interne/login pour le REF

+*URL :*+  notification email

+*Identifiants / rôle :*+

REF DR 2111_utilisateur Azertyuiop44!!!

CS manitas.securitas Azertyuiop44!!!
Candidat [roberta.ezmeralda.roc@getnada.com|mailto:roberta.ezmeralda.roc@getnada.com] 

*+Descriptif :+*

Dans le cadre d'un process engagement de bout en bout je n'ai pas réussi a obtenir une tuile verte de la vérification du contrôle de sécurité

=> ensuite impossible d'avoir l'ESR définitif

 

+*Résultat attendu*+
Suite à la validation du CS la tuile du contrôle de sécurité doit devenir verte

 

+*Résultat obtenu:*+
Suite à la validation du CS la tuile du contrôle de sécurité reste bleue";;
527919;"01/22/2026 11:25";;"[engagement] - le téléchargement du Certificat VMAE se fait dans le même onglet";;;"Corrigé en production";;"07/17/2025 15:21";;;;;;"DP ROC";;b_poiron_ext;ROC-2020;b_poiron_ext;;;;Candidature;V6.3;;Bloquant;;;V5.4.3;;;;;"'+*Titre :*+ [engagement] - le téléchargement du Certificat VMAE se fait dans le même onglet

*+Configuration:+* PICSEL v5.4.3 DR

+*URL :*+ {*}{*}[https://roc-front-dr-pre.picsel.defense.gouv.fr/interne/processus-candidature/candidature/289637/etape/visite-medicale-militaire]

*Identifiants / rôle :* 
REF 2111_utilisateur
Azertyuiop44!!!

*+Descriptif :+*

1. REF / DR : connexion 
2. Suivi des candidatures
3. Editer une candidature réalisée full v5.4.3 roberta.ezmeralda.roc@getnada.com
4. Ouvrir Visite médicale militaire ou cliquer directement sur le lien https://roc-front-dr-pre.picsel.defense.gouv.fr/interne/processus-candidature/candidature/289637/etape/visite-medicale-militaire
5. cliquer sur Certificat VMAE : NOK le document téléchargé s'ouvre dans le même onglet à l'URL ci-dessous
https://roc-front-dr-pre.picsel.defense.gouv.fr/interne/download-doc/289637/993268

 

+*Résultat obtenu:*+
Le téléchargement du Certificat VMAE se fait dans le même onglet

 

*+Résultat attendu:+*
Dans l'application le téléchargement de toute pièce se fait dans un nouvel onglet";;
527922;"01/22/2026 11:25";;"[communication] - le gestionnaire ne voit pas l'erreur signalée lors de la validation suite à une erreur non visible";;;"Corrigé en production";;"07/17/2025 15:21";;;;;;"DP ROC";;b_poiron_ext;ROC-2017;b_poiron_ext;;;;Communication;V6.3.2;;Mineur;;;V5.4.3;;;;;"'+*Titre :*+ [communication] - le gestionnaire ne voit pas l'erreur signalée lors de la validation avec pièce jointe > 8Mo



*+Configuration:+* PICSEL v5.4.3 DR



+*URL :*+ [https://roc-front-dr-pre.picsel.defense.gouv.fr/interne/communication/creation-message]

*Identifiants / rôle :* 
REF 2111_utilisateur
Azertyuiop44!!!



*+Descriptif :+*

En cas création d'une communication massive avec une pièce jointe > 8 Mo l'utilisateur ne voit pas le message d'erreur et il clique à plusieurs reprises sur Envoyer message sans qu'il ne se passe rien

=> mais en réalité en scrollant tout en haut de la page on voit la présence d'un message d'erreur sur la taille du fichier joint qui était invisible pour l'utilisateur cherchant en vain a envoyer son message a X reprises



*+Résultat obtenu:+*
L'IHM ne bouge pas rien ne se passe à la vue de l'utilisateur



*+Résultat attendu:+*
L'utilisateur doit pouvoir voir le message d'erreur sans a avoir à scroller verticalement
Habituellement les champs en erreur sont identifiés avec un texte en rouge et cela réglerait le problème";;
527930;"01/22/2026 11:25";;"[ROLE] Impossible à un ADR TER d'accéder au bloc contrat après activation du bloc Contrat ";;;"Corrigé en production";;"07/17/2025 15:21";;;;;;"DP ROC";;b_poiron_ext;ROC-1998;b_poiron_ext;;;;;V5.4.3;;Mineur;;;V5.4.1;;;;;"TEST PPROD impossible de se connecter au bloc contrat avec l'adr TER

https://pprod-reservistes.intradef.gouv.fr/interne/accueil-choix-bloc
 # Se connecter avec le profil AF 4512_utilisateur Mdp Azertyuiop44 !!!

 # cliquer sur le bloc paramétrage fonctionnel

 # Aller dans autre paramétrage 

 # choisir contrat et activer tous les  contrats TER( TER 1,2,3,4)

 # Déconnecter 

 # Reconnecter avec 4957_utilisateur mdp Azertyuiop44!!!

 # Aller dans Contrat 
 # Cliquer sur contrat à renouveler
 # résultat: accès non autorisé 
 # Résultat attendu: accès à la page des contrats. ";;
527932;"01/22/2026 11:25";;"[candidat] : Tuile verte sécurité alors qu'en statut Attente";;;"Corrigé en production";;"07/17/2025 15:21";;;;;;"DP ROC";;b_poiron_ext;ROC-1990;b_poiron_ext;;;;Candidature;V5.4.3;;Majeur;;;V5.4.1;;;;;"*Titre* : [candidat] : Tuile verte sécurité alors qu'en statut Attente

*Configuration* : Picsel v5.4.2 DR interne/login

*URL* : [https://roc-front-dr-pre.picsel.defense.gouv.fr/interne/engager/engagement/processus-candidature/289634]

*Identifiant :* 

REF : 9762_utilisateur

Mdp: Azertyuiop44!!!

 

*Descriptif* :

1. Sur une candidature avec bloc sécurité a remplir
2. Cliquer sur le bloc sécurité : OK

[https://pprod-reservistes.cloud.defense.gouv.fr/candidat/processus-candidature/etape/verification-securite]

3. Choisir un officiel sécurité : OK
4. Valider : OK la tuile est bleue
5. Cliquer sur le bloc sécurité : OK
6. Cliquer sur modifier correspondant : NOK
=> la tuile sécurité devient verte


*In fine il est possible de valider l'ESR avec un tel dossier*



*Résultat attendu* : 
Suite au clic sur modification correspondant sécurité le bloc sécurité ne devrait pas passer en Vert

 

*Résultat obtenu :* 
Suite au clic sur modification correspondant sécurité le bloc sécurité devient vert

 ";;
527951;"01/22/2026 11:25";;"Erreur 500, Gestion unités en tant que DEL (DR)";;;"Corrigé en production";;"07/17/2025 15:21";;;;;;"DP ROC";;b_poiron_ext;ROC-1964;b_poiron_ext;;;;;V5.4.3;;Bloquant;;;V5.4.2;;;;;"Utilisateur: 17736_utilisateur

En tant que Délégataire ayant la délégation engagement, j'essaye d'accéder à la page de listing des postes.

Résultat obtenu : Une erreur 500 apparaît

Résultat attendu : J'accède à ma page de listing

 

erreur 500 coté FRONT DR lorsque je clique sur Gérer les unités en tant que Profil DEL.

 

avec un profil AF, Gestion unité OK";;
527964;"01/22/2026 11:25";;"[Contrat] tableau ""contrats a renouveler "" vide";;;"Corrigé en production";;"07/17/2025 15:21";;;;;;"DP ROC";;b_poiron_ext;ROC-1930;b_poiron_ext;;;;Contrat;V5.4.3;;Mineur;;;V5.4.1;;;;;"*Titre* :[Contrat] tableau ""contrats a renouveler "" vide

*Configuration* : PPROD V.5.4.1

*Identifiant* :

ADR : 10446_utilisateur 

[https://pprod-reservistes.intradef.gouv.fr/interne/mes-contrats/reserviste/60093]

 

*Descriptif* :

En tant que ADR je souhaite accéder aux contrats a renouveler. 
 * Connexion ADR

 * Cliquer sur bloc fonctionnel « contrat »

*Résultat attendu* :

le tableau doit contenir les contrats a renouveler 

*Résultat obtenu* :

le tableau est vide avec 0 entrée

par contre on peut télécharge l'export global en précisant qu'on veux les contrats a renouveler.

sélectionner un nom dans la liste

rechercher le réserviste sélectionner dans le tableau contrats a renouveler , on arrive a trouver le reserviste";;
527967;"01/22/2026 11:25";;"[Production] Analyse de la cause des 850 comptes bloqués et correction";;;"Corrigé en production";;"07/17/2025 15:21";;;;;;"DP ROC";;b_poiron_ext;ROC-1923;b_poiron_ext;;;;Environnement;V5.4.2;;Majeur;;;V4.20.0.8;;;;;"Sur la base de production il y a 850 comptes bloqués

Il faudrait analyser les causes possibles de ce problème à l'aide d'un script sql sur la base de production

Par exemples pour chaque compte bloqué dans la table utilisateurs que valent ces colonnes
 * utilisateur_nombre_tentatives_connexion
 * utilisateur_compte_bloque
 * utilisateur_date_blocage
 * utilisateur_compte_archive
 * date de changement de mot de passe

 * .....

 

 ";;
527968;"01/22/2026 11:25";;"ADR : export liste ro1 contient du code HTML";;;"Corrigé en production";;"07/17/2025 15:21";;;;;;"DP ROC";;b_poiron_ext;ROC-1919;b_poiron_ext;;;;Extraction;V5.4.2;;Bloquant;;;V5.4.1;;;;;"*Configuration* : PPROD v5.4.1 DR / interne/login

*Identifiant* ROC : adr1.ter

Mdp Azertyuiop1234!!!

 
 *URL* : [https://pprod-reservistes.intradef.gouv.fr/interne/unite/reserviste/ro1/export]

 

*Descriptif* :

L'ADR obtient un fichier d'export de ro1 mélangé avec du code HTML à partir d'un certain indice 
 # Connexion sous DR : interne/login avec adr1.ter   Azertyuiop1234!!!
 # Affichage de la liste des ro1 : NOK1 n°52 secondes pour afficher une liste vide : ROC-1917
 # export liste ro1 : NOK2 : une  Erreur 504 Gateway Timeout est retournée : *ROC-1916* 
 # Faire F5 et patienter 1 à 2mn pour obtenir le fichier excel qui est différent d'une liste vide : NOK3: *ROC-1918*
 # *Ouvrir le fichier excel d'export ro1 : NOK4 ce fichier excel contient des ro1 puis du code HTML : ROC-1919*

 
*Résultat obtenu* :

L'export excel de la liste des ro1 obtenu avec l'ADR contient une liste de ro1 et du code HTML a partir d'un certain indice

 

*Résultat attendu* :

L'export excel de la liste des ro1 obtenu avec l'ADR ne doit pas contenir de code HTML mais uniquement une liste de ro1{*}{*}";;
527969;"01/22/2026 11:25";;"ADR : export liste ro1 affiche une liste vide différent du fichier d'export ro1";;;"Corrigé en production";;"07/17/2025 15:21";;;;;;"DP ROC";;b_poiron_ext;ROC-1918;b_poiron_ext;;;;Extraction;V5.4.2;;Majeur;;;V5.4.1;;;;;"*Configuration* : PPROD v5.4.1 DR / interne/login

*Identifiant* ROC : adr1.ter

Mdp Azertyuiop1234!!!

 
 *URL* : [https://pprod-reservistes.intradef.gouv.fr/interne/unite/reserviste/ro1/export]

 

*Descriptif* :

L'ADR voit une liste de ro1 affichée vide alors que l'export ro1 excel retourne bien des éléments
 # Connexion sous DR : interne/login avec adr1.ter   Azertyuiop1234!!!
 # Affichage de la liste des ro1 : NOK1 n°52 secondes pour afficher une liste vide : ROC-1917
 # export liste ro1 : NOK2 : une  *Erreur 504 Gateway Timeout est retournée : ROC-1916*  
 # *Faire F5 et patienter 1 à 2mn pour obtenir le fichier excel qui est différent d'une liste vide : ROC-1918*

 
*Résultat obtenu* :

*L'ADR obtient un fichier excel de liste de ro1 différent de l'affichage vide de l'IHM*

 

*Résultat attendu* :

L'ADR doit avoir un affichage cohérent et identique entre la liste de ro1 affichée dans l'IHM et l'export excel de ro1";;
527981;"01/22/2026 11:25";;"[Communication] Absence de gestion du périmètre de l'utilisateur lors d'un envoi à tous.";;;"Corrigé en production";;"07/17/2025 15:21";;;;;;"DP ROC";;b_poiron_ext;ROC-1872;b_poiron_ext;;;;Communication;V5.4.2;;Majeur;;;V5.4.1;;;;;"*Titre* : [Communication] Absence de gestion du périmètre fonctionnel lors d'un envoi à tous. 

*Configuration* : PICSEL V.5.4.1

*Identifiant* :

Pilote: 2693_utilisateur 

REF hors périmètre du pilote : 10872_reserviste{*}{*}

*Descriptif :* En tant que Pilote (2693_utilisateur), j'écris une communication en filtrant par un grade sélectionné (dans mon cas de test, j'ai sélectionné les infirmiers en soins généraux et spécialisés). 

*Résultat attendu :* Les infirmiers en soins généraux et spécialisés du périmètre du 2693 reçoivent la communication. 

*Résultat obtenu :* L'ensemble des infirmiers en soins généraux de ROC reçoivent la communication (10872_utilisateur reçoit la communication dans le cas de test, alors qu'il est hors périmètre par exemple, voir PJ)";;
527982;"01/22/2026 11:25";;"[Communication] Absence de gestion du périmètre fonctionnel lors d'un envoi à tous. ";;;"Corrigé en production";;"07/17/2025 15:21";;;;;;"DP ROC";;b_poiron_ext;ROC-1871;b_poiron_ext;;;;Communication;V5.4.2;;Mineur;;;V5.4.1;;;;;"*Titre* : [Communication] Absence de gestion du périmètre fonctionnel lors d'un envoi à tous. 

*Configuration* : PICSEL V.5.4.1

*Identifiant* :

Référent : 15867_utilisateur 

RO2 hors périmètre fonctionnel du référent : 259856_reserviste

*Descriptif* :

En tant que référent d'un CREDO unique (0ACM0A8), j'envoie une communication massive sans sélectionner de filtre. 

*Résultat attendu* :

L'ensemble des utilisateurs +*de mon périmètre fonctionnel*+ (ici, du CREDO 0ACM0A8) reçoivent la communication. 

*Résultat obtenu* :

*+Tout utilisateur de ROC+* reçoit un message (voir PJ, un RO2 de l'ADT reçoit la communication du référent SSA)";;
527983;"01/22/2026 11:25";;"[Communication] Le délégataire d'un profil multirôle voit tous les messages envoyés";;;"Corrigé en production";;"07/17/2025 15:21";;;;;;"DP ROC";;b_poiron_ext;ROC-1870;b_poiron_ext;;;;Communication;V5.4.2;;Mineur;;;V5.4.1;;;;;"*Titre* : [Communication] Le +délégataire+ d'un profil multirôle voit tous les messages envoyés

*Configuration* : PICSEL V.5.4.1

*Identifiant* :

Comptes multi-rôles : 2693_utilisateur

Délégataire du rôle PILOTE : 6077 

*Descriptif* :

Connecté à un utilisateur ayant plusieurs rôles différents, je choisis le rôle +Référent+ dans le menu déroulant et j'envoie un message. 

Je me connecte à un délégataire DU ROLE PILOTE de l'utilisateur (différent du rôle précédent). 

Je clique sur ""Messages envoyés""

*Résultat attendu* :

Les messages envoyés visibles sont ceux envoyés par l'utilisateur dont je dispose de la délégation AVEC MON ROLE DELEGUE --> un délégataire du rôle de référent voit les messages envoyés par le gestionnaire lorsqu'il sélectionne son rôle de référent, réciproquement pour le pilote. 

*Résultat obtenu* :

Je vois tous les messages envoyés par le gestionnaire dont j'ai la délégation, qu'importe le rôle que le gestionnaire a au moment de l'envoi (un délégataire du rôle de *+pilote+* voit les messages que l'utilisateur a envoyé en tant que {+}*référent*{+}). ";;
527984;"01/22/2026 11:25";;"[Délégation] Absence de réception de mail lors de la création d'une délégation";;;"Corrigé en production";;"07/17/2025 15:21";;;;;;"DP ROC";;b_poiron_ext;ROC-1868;b_poiron_ext;;;;Droits;V6.3;;Majeur;;;V5.4.1;;;;;"*Titre* : Absence de réception de mail lors de la création d'une délégation 

*Configuration* : PICSEL V.5.4.1

*Identifiant* :

Comptes créés avec 2693_utilisateur

Les comptes ont été créés avec les adresses mail suivantes : 

[brutforcedelegation1@intradef.gouv.fr|mailto:brutforcedelegation1@intradef.gouv.fr]

[brutforcedelegation2@intradef.gouv.fr|mailto:brutforcedelegation1@intradef.gouv.fr]

[brutforcedelegation3@intradef.gouv.fr|mailto:brutforcedelegation1@intradef.gouv.fr]

*Descriptif* :

Connecté à un référent, je créée une délégation avec une adresse mail non connue du SI ROC. Je clique sur valider la demande de délégation. Je reçois un message confirmant que le destinataire va recevoir un mail sur son adresse mail pour créer son compte. 

Note : J'ai vérifié sur l'AF, et le paramétrage de l'envoi de mails pour la délégation est actif. 

*Résultat attendu* :

Recevoir le mail de création de compte

*Résultat obtenu* :

Aucun mail reçu (test étalé sur 2 heures ce qui laisse le temps de charger et de multiples F5 réalisés mais rien n'apparait). ";;
527985;"01/22/2026 11:25";;"[Communication] Connecté en NP, Erreur de téléchargement lors de l'export d'une PJ envoyée via DR";;;"Corrigé en production";;"07/17/2025 15:21";;;;;;"DP ROC";;b_poiron_ext;ROC-1863;b_poiron_ext;;;;Communication;V5.4.2;;Majeur;;;V5.4.1;;;;;"*Titre* : Erreur de téléchargement lors de l'export d'une PJ

*Configuration* : PICSEL V.5.4.1

*Identifiant* :

AF : 4512 

RO1 : 286286_utilisateur

RO2 : 259856_utilisateur

*Descriptif* :

J'envoie un message avec un AF connecté sur DR

Je tente de télécharger la PJ avec un RO1 ou RO1 connecté sur NP (en cliquant sur ""télécharger la pj"" sur la tuile ou en cliquant sur le message, deux chemins testés pour même résultat)

Update : j'avais créé l'ano pour les RO1 et les RO2. En fait, l'erreur est reproduite pour tout compte connecté sur NP avec une pj envoyée sur DR. 

*Résultat attendu* :

Télécharger le document 

*Résultat obtenu* :

Erreur de téléchargement aucun fichier";;
527986;"01/22/2026 11:25";;"TECH - Erreur import flux RoX ";;;"Corrigé en production";;"07/17/2025 15:21";;;;;;"DP ROC";;b_poiron_ext;ROC-1862;b_poiron_ext;;;;;V5.4.2;;Bloquant;;;V4.20.0.8;;;;;"Lors de l'import du flux RoX OCA du 09/06, nous avons l'erreur en PJ (""c is already defined"").";;
527988;"01/22/2026 11:25";;"[Communication] Le bouton nouveau message apparait pour un délégataire n'ayant pas la délégation des droits de rédaction ";;;"Corrigé en production";;"07/17/2025 15:21";;;;;;"DP ROC";;b_poiron_ext;ROC-1850;b_poiron_ext;;;;Communication;V5.4.2;;Majeur;;;V5.4.1;;;;;"*Titre* : [Communication] Le bouton nouveau message apparait pour un délégataire n'ayant pas la délégation des droits de rédaction

*Configuration* : PICSEL V5.4.1

*Identifiant* :

Délégué de pilote, créé pour le test. J'ai délégué les droits du 15867_utilisateur sans cocher la case de délégation du module communication.  

*Descriptif* :

En tant que délégué de pilote ne disposant pas des droits pour la rédaction d'un nouveau message, je clique sur le bloc communication.

*Résultat attendu* :

Le bouton ""nouveau message"" n'apparait pas

*Résultat obtenu* :

Le bouton ""nouveau message"" apparait, est cliquable. Toutefois, le comportement attendu est ""cohérent"", on tombe sur une erreur 403. (voir les 2 PJ)";;
528013;"01/22/2026 11:25";;"[Communication massive] Le délégataire d'un pilote ne voit pas les messages envoyés par le pilote dont il est le délégataire";;;"Corrigé en production";;"07/17/2025 15:21";;;;;;"DP ROC";;b_poiron_ext;ROC-1773;b_poiron_ext;;;;Communication;V5.4.1;;Bloquant;;;V5.4;;;;;"*Titre* : [Communication massive] Le délégataire d'un pilote ne voit pas les messages envoyés par le pilote dont il est le délégataire

*Configuration* : PICSEL v.5.4, côté DR

*Identifiant* :

Pilote : 2693_utilisateur

Délégataire du pilote : 11355_utilisateur (note : j'ai créé cette délégation pour le test, en cochant bien les cases de communication)

*URL* :  

*Descriptif* :

En tant que délégataire de pilote, 

Je clique sur le menu burger Communication, 

Je clique sur ""Messages envoyés"",

J'arrive sur la page ""Messages envoyés""

{*}Résultat attendu +supplémentaire+{*}:

Voir les messages envoyés par le pilote dont je suis délégataire

*Résultat obtenu* :

La page affiche aucun message à afficher";;
528014;"01/22/2026 11:25";;"[Communication massive] REF/DEL REF - Erreur 404 - Impossibilité d'accéder à la page ""Nouveau message"" lorsque je cumule les profils REF et DEL REF";;;"Corrigé en production";;"07/17/2025 15:21";;;;;;"DP ROC";;b_poiron_ext;ROC-1772;b_poiron_ext;;;;Communication;V5.4.1;;Mineur;;;V5.4;;;;;"*Titre* : [Communication massive] Erreur 404 - Impossibilité d'accéder à la page ""Nouveau message"" lorsque je suis REF et DEL REF

*Configuration* : PIC v.5.4

*Identifiant* :

REF et DEL REF : [16442_utilisateur.roc@getnada.com|mailto:411_utilisateur.roc@getnada.com]

*URL* :  

[https://roc-front-dr.picsel.defense.gouv.fr/reserviste/communication/creation-message|https://urldefense.com/v3/__https://alias-front-np.picsel.defense.gouv.fr/reserviste/communication/messages-recus__!!NEMsmePo_HYI!aPT5cbsKRVlevYLEXc0ndKgH4-syMSmjpD2SmjGK9rTlxApz76PzTKiuc-YgD3xIXmXB9kjWEBlHgxOW2VgS1C8bqitVAmgcYWA-3pjfP4w$]

*Descriptif* :

Lors de l'accès à la page ""Messages envoyés"" depuis le menu burger, depuis mon profil REF ou DEL REF, une erreur 404 apparait

*Résultat attendu* :

La page ""Nouveau message"" s'affiche

*Résultat obtenu* :

Erreur 404

Précision : le cas ne se présente par sur le cumul PIL/DEL REF et semble ne se produire que sur le profil 16442_utilisateur";;
528016;"01/22/2026 11:25";;"[Communication massive] La pop-up de validation pour confirmer l'envoi d'un message ne s'affiche pas";;;"Corrigé en production";;"07/17/2025 15:21";;;;;;"DP ROC";;b_poiron_ext;ROC-1768;b_poiron_ext;;;;Communication;V5.4.1;;Bloquant;;;V5.4;;;;;"*Titre* : [Communication massive] Impossible d'exporter la PJ

*Configuration* : PICSEL V5.4, partie NP et DR

*Identifiant* :

AF : 4512_utilisateur, envoi de message sur l'environnement NP

Gestionnaires utilisés sur DR : 

AADS : [15867_utilisateur|mailto:15867_utilisateur.roc@getnada.com]

REF : [6302_utilisateur|mailto:2693_utilisateur.roc@getnada.com]

PIL : [2693_utilisateur|mailto:2693_utilisateur.roc@getnada.com]

ATS : [2693_utilisateur|mailto:2693_utilisateur.roc@getnada.com]

ADR : [10446_utilisateur|mailto:10446_utilisateur.roc@getnada.com]

*Descriptif* :

Lors du clic sur le bouton ""Envoyer le message"", une pop-up de vconfirmation de l'envoi du message doit s'afficher ""Validez-vous l'envoi du message aux  utilisateurs sélectionnés ?"" et deux cases ""Annuler"" et ""Valider""

*Résultat attendu* :

La pop-up s'affiche

*Résultat obtenu* :

La pop-up ne s'affiche pas et le message est envoyé directement";;
528017;"01/22/2026 11:25";;"[Communication massive] Le nombre de caractères restants ne s'affiche pas ";;;"Corrigé en production";;"07/17/2025 15:21";;;;;;"DP ROC";;b_poiron_ext;ROC-1767;b_poiron_ext;;;;Communication;V5.4.1;;Bloquant;;;V5.4;;;;;"*Titre* : [Communication massive] Le nombre de caractères restants ne s'affiche pas 

*Configuration* : PICSEL V5.4 DR

*Identifiant* :

AF : 4512_utilisateur

*Descriptif* :

Lors de la rédaction du message, le nombre de caractères restant doit s'afficher et diminuer en fonction de l'écriture de l'objet du message

*Résultat attendu* :

Le nombre de caractères restants pour le contenu de l'objet est affiché

*Résultat obtenu* :

Le nombre de caractères restants pour le contenu de l'objet ne s'affiche pas";;
528024;"01/22/2026 11:25";;"[Rôles] L'ajout du rôle ADR + assignation de CREDO SSA n'ouvrent pas la visibilité sur le bloc contrat";;;"Corrigé en production";;"07/17/2025 15:21";;;;;;"DP ROC";;b_poiron_ext;ROC-1727;b_poiron_ext;;;;Droits;V5.4.1;;Majeur;;;V5.4;;;;;"*Titre* : [Rôles] L'ajout du rôle ADR + assignation de CREDO SSA n'ouvrent pas la visibilité sur le bloc contrat

*Configuration* : PICSEL v.5.4

*Identifiant* :

REF auquel j'ai assigné le rôle ADR : 8567_utilisateur 

AF avec lequel je l'ai fait : 16280_utilisateur

*URL* :  

*Descriptif* :

En tant qu'AF (16280), 

Je clique sur gestion des comptes, 

Je sélectionne le 8567_utilisateur pour lui ajouter le rôle d'ADR,

Je lui ajoute le rôle d'ADR, et lui assigne les codes CREDO SSA, présents sur le screen (j'ai vérifié qu'il y ait bien des réservistes en renouvellement de contrat sur ces CREDO)

Je me log à l'ADR nouvellement créé, 

{*}Résultat attendu +supplémentaire+{*}:

Voir le bloc Contrat apparaître, et pouvoir initialiser des renouvellements de contrat

*Résultat obtenu* :

Le bloc Contrat n'apparait pas";;
528025;"01/22/2026 11:25";;"[Communication massive] Gestionnaire - L'accès aux onglets ""Messages envoyés"" et ""Nouveau message"" n'est pas possible via le bloc Communication";;;"Corrigé en production";;"07/17/2025 15:21";;;;;;"DP ROC";;b_poiron_ext;ROC-1725;b_poiron_ext;;;;Communication;V5.4.1;;Majeur;;;V5.4;;;;;"*Titre* : [Communication massive] Gestionnaire - L'accès aux onglets ""Messages envoyés"" et ""Nouveau message"" n'est pas possible via le bloc Communication

*Configuration* : PIC v.5.4

*Identifiant* :

AO : admin.seo

REF : 16442_utilisateur

PIL : 411_utilisateur

ADR : 411_utilisateur

ADS : admin_ads.sca

DEL PIL : 10407_utilisateur

DEL REF : 10026_utilisateur

*URL* :  [https://alias-front-dr.picsel.defense.gouv.fr/interne/communication/messages-recus|https://alias-front-dr.picsel.defense.gouv.fr/interne/communication/messages-recus__]

*Descriptif* :

Lors du clic sur le bloc Communication, seule la page ""Messages reçus"" s'affiche

*Résultat attendu* :

Les pages ""Messages reçus"", ""Messages envoyés"" et ""Nouveau Message"" s'affichent

*Résultat obtenu* :

Les pages ""Messages envoyés"" et ""Nouveau message"" ne s'affichent pas

*Information complémentaire* :

Ce comportement est présent également pour l'AF, le correctif à appliquer est le même.";;
528029;"01/22/2026 11:25";;"[Communication massive] L'ATS a accès à l'onglet ""Messages envoyés""";;;"Corrigé en production";;"07/17/2025 15:21";;;;;;"DP ROC";;b_poiron_ext;ROC-1718;b_poiron_ext;;;;Communication;V5.4.1;;Majeur;;;V5.4;;;;;"*Titre* : [Communication massive] L'ATS a accès à l'onglet ""Messages envoyés""

*Configuration* : PIC v.5.4

*Identifiant* :

ATS : 9377_utilisateur.roc@getnada.com

*URL* :  [https://alias-front-dr.picsel.defense.gouv.fr/interne/communication/messages-recus|https://alias-front-dr.picsel.defense.gouv.fr/interne/communication/messages-recus__]

*Descriptif* :

Lors du clique sur le Menu Burger, l'onglet ""Messages envoyés""est affiché et l'ATS peut y avoir accès

*Résultat attendu* :

La page ""Messages envoyés"" ne s'affiche pas et l'ATS ne peux y avoir accès. Seule la page ""Messages reçus"" doit s'afficher et doit être accessible pour l'ATS

*Résultat obtenu* :

La page ""Messages envoyés"" s'affiche dans le menu burger Communication et l'ATS y a accès";;
528036;"01/22/2026 11:25";;"[Engagement] - le lien vers le CER dans l'email de notification est non accessible (erreur 404)";;;"Corrigé en production";;"07/17/2025 15:21";;;;;;"DP ROC";;b_poiron_ext;ROC-1706;b_poiron_ext;;;;Candidature;V5.4.1;;Majeur;;;V5.4;;;;;"*Titre* : [Engagement] - le lien vers le CER dans l'email de notification retourne a une erreur 404

*Configuration* : PICSEL v5.4 DR

*Identifiant* :

REF 13674_utilisateur

Mdp Azertyuiop44!!!

 
 *URL* : [https://alias-front-dr.picsel.defense.gouv.fr/interne/processus-candidature/candidature/250104/etape/verification-securite]

 

*Descriptif* :

Lorsque le REF renseigne le correspond sécurité + Validation alors le candidat reçoit un email conternant un lien pour télécharger le CER, ce lien n'est pas valide et retourne une erreur 404 alors que le candidat est bien connecté



 
*Résultat obtenu* : 

Bonjour Alain Debart,

Une des étapes de votre candidature à la réserve opérationnelle consiste à communiquer votre certificat d'engagement dans la réserve (CER) renseignée (ce CER correspond à une fiche de sécurité nécessaire à l'engagement).
Ne remplissez pas la partie 1 qui est réservée à l’organisme demandeur et pensez à conserver une copie du document PDF dynamique pour être en mesure d’apporter les éventuelles corrections qui pourront vous être demandées. Ne tenez pas compte du présent message si vous avez déjà complété et téléversé votre CER.

Cliquer ici pour télécharger le document à compléter : [lien|http://alias-front-np.picsel.defense.gouv.fr/candidat/entretien-unite].

 cf ci-joiint

 

*Résultat attendu* : à confirmer par le PO mais soit le lien retourne au CER soit le lien contient le CER";;
528038;"01/22/2026 11:25";;"[Données personnels réserviste] - Nommage date modification mdp d'un RO2";;;"Corrigé en production";;"07/17/2025 15:21";;;;;;"DP ROC";;b_poiron_ext;ROC-1691;b_poiron_ext;;;;Données_perso;V6.3;;Majeur;;;V5.4;;;;;"*Titre* : [Données personnels réserviste] - Nommage date modification mdp d'un RO2

*Configuration* : PICSEL v5.4 NP

*Identifiant* :

Connexion RO2
Identifiant: 258974_reserviste.roc@getnada.com
Mdp: Azertyuiop44!!!

 

*URL* : [https://alias-front-np.picsel.defense.gouv.fr/reserviste/ro2/confirmer-donnees]

 

*Descriptif* :

Avec le RO2 dans les données personnelles apparait une zone technique

 

*Résultat obtenu* :
form.date_modif_mdp au lieu de Date de dernière modification du mot de passe";;
528042;"01/22/2026 11:25";;"Rafraichissement du jeton absent côté front";;;"Corrigé en production";;"07/17/2025 15:21";;;;;;"DP ROC";;b_poiron_ext;ROC-1678;b_poiron_ext;;;;Environnement;V5.4.1;;Mineur;;;V5.4;;;;;"Identifié sur PICSEL et sur environnement local.

Test Alexon :

 
{noformat}
FRONT NP appelle le back par PAPI,
FRONT NP, me dit 401 en passant par PAPI
BACK DR, dans les access_logs ne reçoit pas de requête
FRONT NP Test de access_token dans roc_passerelle
FRONT NP curl test vers BACK DR via PAPI
Réponse Invalid Credential
{noformat}


J'ai constaté lors d'un appel papi Front NP vers Back DR que le jeton n'était pas rafraichi entre deux appels.
Il semble que le code Front ait ""perdu"" la capacité à rafraichir le jeton selon la cinématique initiale.

Le cron de rafraichissement du jeton ayant été désactivé, plus aucun système de rafraichissement n'est possible.

 ";;
528053;"01/22/2026 11:25";;"Erreur doctrine logs de PROD DR : getSchemaManager déprécié";;;"Corrigé en production";;"07/17/2025 15:21";;;;;;"DP ROC";;b_poiron_ext;ROC-1611;b_poiron_ext;;;;Environnement;V5.4.1;;Majeur;;;V4.20.0.7;;;;;"Erreur lors du lancement de la commande reserves2019:gestion_delais:
{code:java}
Debut de la gestion des delais...
Une erreur est survenue : Call to undefined method Doctrine\DBAL\Connection::getSchemaManager(){code}

Doctrine\DBAL\Connection::getSchemaManager n'existe plus sur la version utilisée de Doctrine DBAL. 
Remplacé par : createSchemaManager

Voir : https://www.doctrine-project.org/projects/doctrine-dbal/en/4.2/reference/schema-manager.html";;
528060;"01/22/2026 11:25";;"TECH - Erreur ""Gateway timeout"" ";;;"Corrigé en production";;"07/17/2025 15:21";;;;;;"DP ROC";;b_poiron_ext;ROC-1509;b_poiron_ext;;;;Environnement;V5.4;;Majeur;;;V4.20.0.7;;;;;"Quand je clique sur le bloc ""Données personnelles"", avec mon compte personnel sur la nouvelle prod DR, au bout d'un certain temps, on a l'erreur ""Gateway timeout"".

Rem :
 * Erreur reproduite également à la validation de l'étape 2 de la création d'une activité.
 * Erreur non reproduite sur la préprod.

 ";;
528061;"01/22/2026 11:25";;"[PROD a Blanc][Parcours Engagement] - Désynchronisation d'état pour la tuile ""Informations obligatoires""";;;"Corrigé en production";;"07/17/2025 15:21";;;;;;"DP ROC";;b_poiron_ext;ROC-1504;b_poiron_ext;;;;Candidature;V6.1;;Majeur;;;V4.20.0.7;;;;;"*Titre* : [Parcours candidat] Désynchronisation d'état de la tuile ""Informations obligatoires"" avec les cases à cocher

*Configuration* : PROD A BLANC NP V4.20.0.7

*URL* : [https://prod-reservistes.cloud.defense.gouv.fr|https://prod-reservistes.cloud.defense.gouv.fr/]

*Identifiant :* 

Candidat : alexandre.courreur



*Descriptif* :
 # le candidat télécharge les 2 fichiers PDF des informations obligatoires pour activer les cases à cocher : OK les deux cases à cocher deviennent actives
 # le candidat coche les deux cases à cocher : OK
 # le candidat Valide : OK
 # la tuile ""informations obligatoires"" devient verte : OK
 # le candidat retour dans la tuile ""informations obligatoires"" : NOK les deux cases à cocher précédentes ne sont pas cochées !!

 

*Résultat attendu* : 

En 5. le candidat retour dans la tuile ""informations obligatoires"" : OK les deux cases à cocher précédentes doivent être cochées !!

En 2. 4. et 5. devraient être concordants

A vérifier si le problème se situe au niveau de 4. ou de 5. dans la base de données

 

*Résultat obtenu :* 

Il y a désynchronisation entre les étapes 2. 4. et 5.

 

Démo réalisée au SLT [~X-LLODI] ";;
528066;"01/22/2026 11:25";;"[Paramétrage] AF - Impossibilité de télécharger depuis internet la signature téléversée depuis Intradef ";;;"Corrigé en production";;"07/17/2025 15:21";;;;;;"DP ROC";;b_poiron_ext;ROC-1362;b_poiron_ext;;;;Paramétrage;V6.1;;Mineur;;;V4.20.0.5;;;;;"|*Ticket JIRA N°*|ROC-453|
|   *Environnement/ Version*|PPROD v4.20.0.5|
|   *Titre de l'anomalie*|[Activité] AF - Impossibilité de télécharger depuis internet la signature téléversée depuis Intradef |
|   *Url*|[Convocation activité réserviste - Paramétrer l'application - Réservistes des armées|https://pprod-reservistes.cloud.defense.gouv.fr/interne/admin/parametrage/ref/convocation-activite]|
|   *Acteur*|AF|
|   *Identifiants*|4512_utilisateur|
|   *Mot de passe*|Azertyuiop44!!!|
|   *Anomalie*|Mineur|
|   *Configuration*|Microsoft Edge|
|   *Bloc*|Paramétrage|
|   D{*}escription{*}|Lorsque, depuis internet, je souhaite télécharger la signature actuelle qui a été téléversée depuis intradef, un message s'affiche ""Le document est en train d'être mis à disposition sur nos serveurs, merci de réessayer dans deux minutes."" même après plusieurs dizaine de minute|
|   *Résultat attendu*|Que la signature s'affiche rapidement|";;
528073;"01/22/2026 11:25";;"Absence de l'adresse du domicile du réserviste sur le contrat";;;"Corrigé en production";;"07/17/2025 15:21";;;;;;"DP ROC";;b_poiron_ext;ROC-1302;b_poiron_ext;;;;Contrat;V6.1;;Mineur;;;V4.20.0.5;;;;;" 
|*Ticket JIRA N°*| |
|   *Environnement/ Version*|PPROD V4.20.0.5|
|   *Titre de l'anomalie*|Absence de l'adresse du domicile du réserviste sur le contrat|
|   *Url*|[https://pprod-reservistes.intradef.gouv.fr/interne/login|https://pprod-reservistes.intradef.gouv.fr/afficher-validation/221865/contrat/167917/token/865bd8cf6732a48fe6a3978cb2cd1310]
 |
|   *Acteur*|ADR/RO1|
|   *Identifiants*|*12591_utilisateur         2434-reserviste*|
|   *Mot de passe*|Azertyuiop44!!!|
|   *Anomalie*|Majeur|
|   *Configuration*|Poste INTRADEF FIREFOX ET EDGE|
|   *Bloc*|Contrat|
|   *description*| Lorsque l'ADR ou le RO1 télécharge le CESR, l'adresse postale du réserviste n'est pas présente dans le document|
|   *Résultat attendu*|Le document doit contenir l'adresse postale du réserviste|
|   *Copies d'écran*|!image-2025-03-13-12-03-09-362.png!!image-2025-03-13-11-59-04-755.png|width=1128,height=679!|";;
516075;"01/22/2026 11:25";;"[AAE] FIiablisation des NPJR";;;"Corrigé en production";"Anomalie fonctionnelle Activités";"07/02/2025 18:00";;;;;;AAE;;s_caumond;ROC-2125;b_poiron_ext;;;;Activités;V5.4.5;P0;Bloquant;"Poste Intradef";"https://reservistes.intradef.gouv.fr/interne/activites/designer/detail/2026635 ";V4.20.0.7;AF;;"Edition d'une convocation";;"- Création d'une activité collective.
- Le décompte des NPJR affiché dans l'activité dans son statut A CONVOQUER"" est erroné par rapport à l'export des activités de ROC de ces personnels.
==> Export = assez de jour / Activité = NPJR négatif
- Obligation de faire une convocation individuelle mais sans possibilité de clôture car le NPJR est négatif ";;"pb convocation fmir.jpg,pb convocation fmir2.jpg,RO1 de l'unité 02FE0AZ.xlsx,NPJR erroné.docx,2025_07_11_16h36_export_activites.csv"
486433;"01/22/2026 11:25";;"[SSA] filtre non conforme à la saisie";;;"Corrigé en production";"Anomalie fonctionnelle Activités";"05/26/2025 10:25";;;;;;SSA;;c_dulaurans;ROC-1294;b_poiron_ext;AAE;;;Activités;V5.3;;Bloquant;;;V4.20.0.7;"Délégataire pilote";;"Le délégataire pilote (CONTART Christophe) accède au tableau Gestion des activités / Passées pour rechercher un ENARO du l’ISG1 MARGUINAUD pour une activité qui a eu lieu du 12/01/2025 au 17/01/2025.";;"Saisi dans Sous-titre ""Marguinaud"" (nom du réserviste- règle de nommage SSA). Affichage des activités sans l'action du filtre.  ";Majeur;"Activites_filtreNonFonctionnel_passees_12CMA_20250526.png,Filtre activités.docx"
598024;"01/22/2026 11:25";;"Correction requête ";;;"Corrigé en production";;"10/07/2025 12:13";;;;;;"DP ROC";;b_poiron_ext;ROC-2212;b_poiron_ext;;;;;V6.3.1;;Majeur;;;;;;;;"Corriger les 2 requêtes SQL dans :
 * _src/Repository/MesActivites/InscriptionRepository.php#recupererNombreInscriptionChevauchementSf_
 * _src/Repository/MesActivites/InscriptionRepository.php#getQBReservisteInscriptionsDates_

Objectif: sortir les « valeurs en dur » (de mémoire : dates et id réserviste à mettre en paramètre query) des 2 prepared statement afin d’optimiser la mise en cache Doctrine.";;
598031;"01/22/2026 11:25";;"[Données personnels candidat] - Erreur 500 Accès processus-candidat";;;"Corrigé en production";;"10/07/2025 12:13";;;;;;"DP ROC";;b_poiron_ext;ROC-2136;b_poiron_ext;;;;Perso;V6.3.1;;Bloquant;;;;;;;;"*Titre* : [Données personnels candidat] - Erreur 500 lors de la validation des compétences spécifiques

*Configuration* : PICSEL v6.3 NP

*Identifiant* :

 *URL* : [https://alias-front-np.picsel.defense.gouv.fr/candidat/processus-candidature|https://roc-front-np-pre.picsel.defense.gouv.fr/candidat/processus-candidature]

*Descriptif* :

Avec le candidat, une erreur 500 est rencontrée lors de la validation des compétences spécifiques ou lors de l'accès au parcours d'engagement.

1. creation de nouveau compte candidat en posutlant au poste *ITYMLTLASN*
**

*Votre unité :* DIRECTION CENTRALE DU SERVICE DE SANTE DES ARMEES (05BZ000) - 75015 PARIS 15 FRANCE

*Référent pour l'engagement :* Madame QUDHXSXMQS HPDWXCOOCT 

*E-mail :* aloa3@getnada.com

2. remplir la première page du profil : valider
3. compétences transverses: Aucune compétence + valider
4. compétences spécifiques : Aucune compétence + valider

5. Accès au parcours candidat : NOK erreur 500

 

*Résultat obtenu* :Erreur 500 a la validation des compétences spécifiques (action qui dirige vers la page parcours candidat) + bloc engagement";;
598647;"01/22/2026 11:25";;"[Activités] Incohérence d'affichage des nombres du tableau ";;;"Corrigé en production";;"10/07/2025 16:06";;;;;;"DP ROC";;b_poiron_ext;ROC-2122;b_poiron_ext;;;;Activités;V6.3.1;;Mineur;;;;;;;;"Environnement : PICSEL V6.3 DR

Identifiant : 1377_utilisateur, qui cumule les rôles Ref, Pil, ATS. 

Descriptif : Mauvais affichage des nombres sur les onglets de la page activité (les chiffres sont incohérents pour l'ensemble des onglets : à convoquer ; à conduire ; à clôturer ; à évaluer ; à signer 

(voir PJ : l'onglet affiche 24 activités à clôturer, seules 4 s'affichent pour l'utilisateur)

Note : je qualifie en mineur pour erreur d'affichage. En revanche, si l'ensemble des activités ne s'affichent pas mais que le nombre est bon, je pense que c'est bloquant. ";;
598648;"01/22/2026 11:25";;"[Page d'accueil] Erreur dans le libellé des boutons ""Consultez les offres d'emploi"" et ""Postulez"" de la page ""Découvrez la réserve""";;;"Corrigé en production";;"10/07/2025 16:06";;;;;;"DP ROC";;b_poiron_ext;ROC-2114;b_poiron_ext;;;;Communication;V6.3.1;;Mineur;;;;;;;;"*Environnement :* Page d'accueil hors Connexion 

*URL :* https://roc-front-np-pre.picsel.defense.gouv.fr/informations-reserve

*Comportement observé :* 
 * Libellé actuel des boutons ""Consultez l'ensemble des offres d'emplois"" et ""Créer un compte candidat""

*Comportement attendu :* 
 * Indiqué dans l'US ROC-1378: 
 ** En bas de page, les deux boutons ""Consultez les offres d'emploi"" et ""Postulez""";;
598649;"01/22/2026 11:25";;"[Page d'accueil] Existence d'une faute d'orthographe sur le bouton ""Consultez les offres d'emploi"" et dans le titre ""Explorer la réserve""";;;"Corrigé en production";;"10/07/2025 16:06";;;;;;"DP ROC";;b_poiron_ext;ROC-2113;b_poiron_ext;;;;Communication;V6.3.1;;Mineur;;;;;;;;"*Environnement :* Page d'accueil hors Connexion 

*Comportement observé :* 
 * Libellé du bouton ""Consulter les offres d'emploi""
 * Titre ""Découvrer les différentes réserves""

*Comportement attendu :* 
 * Le libellé du bouton doit être ""Consultez la réserve""
 * Le libellé du titre doit être ""Découvrez la réserve""";;
598651;"01/22/2026 11:25";;"[Infocentre] Candidats manquants tableau je m'engage";;;"Corrigé en production";;"10/07/2025 16:06";;;;;;"DP ROC";;b_poiron_ext;ROC-1939;b_poiron_ext;;;;Infocentre;"LIVRAISON HORS VERSION";;Majeur;;;;;;;;"Dans l'application ""je m'engage"", analyser le script et corriger les cas suivants :
 - une liste de candidats (environ 350) présents dans ROC mais pas dans l'infocentre. Il s'agit dans la grande majorité de candidats ayant choisi un poste. Le statut de ces candidatures est ""en cours"".

 - une liste de candidats avec poste (environ 85) dans l'infocentre mais pas dans ROC. 

 - une liste de candidats sans poste (environ 5) dans l'infocentre mais pas dans ROC. 


Action attendue : 
sur l'application {*}CLONE_ROC_Je m'engage{*}, partie chargement de données :
regarder ce qui conditionne l'affichage des candidatures. Corréler les candidatures dans la liste fournie avec ce qu'il y a sur la base de production. 
Exemple : Une candidature à elle besoin d'un esr pour s'afficher ? Un indicateur temporel (esr < 3 ans) ? 

Regarder aussi les filtres au niveau de la feuille {*}Candidatures en cours{*}. (Dupliquer, Editer la feuille en haut à droite).";;
598657;"01/22/2026 11:25";;"[Communication] Accès au bloc communication pour les DEL déjà existant";;;"Corrigé en production";;"10/07/2025 16:06";;;;;;"DP ROC";;b_poiron_ext;ROC-1607;b_poiron_ext;;;;Communication;V5.4;;Majeur;;;;;;;;"*Descriptif :*

Se connecter avec délégataire déjà existant

*Résultat attendu*

Je vois le bloc communication et je vois le menu burger associé

*Résultat obtenu*

pas de bloc communication";;
598659;"01/22/2026 11:25";;"[MindefConnect] INTRADEF Première connexion impossible ";;;"Corrigé en production";;"10/07/2025 16:06";;;;;;"DP ROC";;b_poiron_ext;ROC-1549;b_poiron_ext;;;;Connexion;V5.4;;Majeur;;;;;;;;"*Titre* : [MindefConnect] INTRADEF connexion impossible 

*Configuration* : PIC v5.3

*URL* : 

*Identifiant :*  utilisateur intradef

*Descriptif* :

+Pré requis :+ 
Avoir un utilisateur roc et un compte mindefconnect. 
Ne s'être *jamais* connecté avec son compte mindefconnect sur roc intradef.

+Déroulé :+ 

Sélectionner la connexion mindefconnect intradef et se connecter au site pour la première fois



*Résultat attendu* : 

La connexion mindef nous renvoi à l'accueil avec un message ""Aucun compte ROC n'est lié à ce compte MinDefConnect.
Connectez vous avec votre compte ROC pour lier les comptes.""
Se connecter avec le login roc. 
Puis pouvoir se connecter avec les deux méthodes de connexion.

*Résultat obtenu :* 

La connexion mindefconnect renvoi vers l'accueil sans aucun message. 
Si je suis quand même le parcours : je me connecte à roc via le login roc, je ne peux tout de même pas utiliser le login mindefconnect après. je me retrouve tout le temps sur l'accueil de login.";;
598660;"01/22/2026 11:25";;"[Infocentre] PERS-Anomalie_RO1-RO2";;;"Corrigé en production";;"10/07/2025 16:06";;;;;;"DP ROC";;b_poiron_ext;ROC-1528;b_poiron_ext;;;;Infocentre;"LIVRAISON HORS VERSION";;Majeur;;;;;;;;"Des réservistes peuvent apparaître dans ""Donnes personnelles"" / ""Réservistes"" comme RO2 alors qu'ils sont RO1, de plus sur un un code CREDO d'unité obsolète.

Cas du CDT HONORé Nicolas en pièce jointe, affecté au SCA.";;
598661;"01/22/2026 11:25";;"[Infocentre] - CAN_Anomalie affichage noms de candidats";;;"Corrigé en production";;"10/07/2025 16:06";;;;;;"DP ROC";;b_poiron_ext;ROC-1527;b_poiron_ext;;;;Infocentre;"LIVRAISON HORS VERSION";;Majeur;;;;;;;;"Dans ""Candidatures en cours sans poste"", les noms de certains candidats, n'ayant pas choisi de poste, apparaissent dans la liste de sélection ""Candidat Nom"" et peuvent être sélectionnés, mais rien ne s'affichent sur l'écran.

Voir la copie d'écran jointe.";;
598662;"01/22/2026 11:25";;"[Infocentre] - PERS-ACT_Anomalies_ListesRO1";;;"Corrigé en production";;"10/07/2025 16:06";;;;;;"DP ROC";;b_poiron_ext;ROC-1526;b_poiron_ext;;;;Infocentre;"LIVRAISON HORS VERSION";;Majeur;;;;;;;;"Certains RO1 ne s'affichent pas dans ""Données personnelles"" / ""Réservistes"", alors qu'ils apparaissent bien dans ""Mes Activités"" / ""Activités des FE"" comme ayant effectué des activités.

Cas de l'aumônier EGOROV en pièces jointes.";;
598663;"01/22/2026 11:25";;"[Infocentre] - ACT_Chargement des données PPROD";;;"Corrigé en production";;"10/07/2025 16:06";;;;;;"DP ROC";;b_poiron_ext;ROC-1524;b_poiron_ext;;;;Infocentre;"LIVRAISON HORS VERSION";;Majeur;;;;;;;;"Suite à l'intervention de la DIRISI sur les serveurs supportant la PPROD de l'infocentre ROC, les rechargements de données quotidiens sont en échec depuis le 09 avril pour la plupart (hormis le TDB DIAR).

Voir copie d'écran QMC et script long de données personnelles.";;
598667;"01/22/2026 11:25";;"Validation définitive KO après enregistrement";;;"Corrigé en production";;"10/07/2025 16:06";;;;;;"DP ROC";;b_poiron_ext;ROC-1418;b_poiron_ext;;;;Candidature;V4.20.0.7;;Bloquant;;;;;;;;" |{*}Ticket JIRA N°{*}| |
|   *Environnement/ Version*|Recette MOE|
|   *Titre de l'anomalie*|Validation définitive KO après enregistrement|
|   *Url*|/interne/processus-candidature/candidature/197057/etape/validation-definitive
 |
|   *Acteur*|Gestionnaire|
|   *Identifiants*|AF|
|   *Mot de passe*|Azertyuiop44!!!|
|   *Anomalie*|Bloquant|
|   *Configuration*|FIREFOX|
|   *Bloc*|Engagement|
|   *description*| 1. se connecter en tant qu'AF
 2. Aller sur le bloc Engager
 3. Choisir une candidature avec seulement la validation définitive de manquante
 4. Aller sur le bloc Validation Définitive
 5. Compléter le formulaire et Enregistrer
 6. Revenir sur la candidature et retrourner sur le bloc
 7. Recompléter le nécessaire
 8. Valider|
|   *Résultat attendu*|On devrait être redirigé et la candidature archivée.|
|   *Résultat obtenu*|Le formulaire ne s'envoie pas|

 ";;
598677;"01/22/2026 11:25";;"[Engagement] - Prise de RDV - La demande d'information disparait au refresh de la page";;;"Corrigé en production";;"10/07/2025 16:06";;;;;;"DP ROC";;b_poiron_ext;ROC-1231;b_poiron_ext;;;;Candidature;V5.3;;Majeur;;;;;;;;"*Titre* : [Engagement] - Prise de RDV - Demande d'information qui disparait au refresh de la page

*Configuration* : PIC V5.1

*Identifiant :*  

*Descriptif* :

Se connecter avec un Réferent

Cliquer sur le bloc fonctionnel ""Engager""

Cliquer sur un candidat qui n'a pas fait la tuile ""Prise de RDV""

Cliquer sur la tuile

Cliquer sur le bouton radio ""Oui"" au niveau de la demande d'information

Renseigner un mail et un commentaire

Cliquer sur Envoyer

Refresh la page

*Résultat attendu* :

La demande d'information envoyée est toujours visible

*Résultat obtenu :* 

La demande d'information n'est plus présente";;
598678;"01/22/2026 11:25";;"[Engagement] - Validation définitive - Enregistrement non fonctionnel";;;"Corrigé en production";;"10/07/2025 16:06";;;;;;"DP ROC";;b_poiron_ext;ROC-949;b_poiron_ext;;;;Candidature;V5.3;;Mineur;;;;;;;;"*Titre* : [Engagement] - Validation définitive - Enregistrement non fonctionnel

*Configuration* : PIC 4.20.0.5

*Identifiant :*  REF

*Descriptif* :

Se connecter avec un Référent

Via le menu, cliquer sur ""Contrats/Mobilité"" puis sur ""Suivi des candidatures""

Cliquer sur un candidat qui doit faire la tuile ""Validation définitive""

Importer un document

Cliquer sur enregistrer

*Résultat attendu* :

Retour sur l'affichage des tuiles, message de succès 

*Résultat obtenu :* 

L'enregistrement est ko, il se comporte comme la validation

!https://jira-ci.fr.capgemini.com/jira/plugins/servlet/raven/attachment/74856/screenshot-1.png!";;
598679;"01/22/2026 11:25";;"[Export] - Export global - Problème d'export par état du contrat";;;"Corrigé en production";;"10/07/2025 16:06";;;;;;"DP ROC";;b_poiron_ext;ROC-940;b_poiron_ext;;;;Extraction;V4.20.0.7;;Majeur;;;;;;;;"*Titre* : [Export] - Contrats validés et export global

*Configuration* : PIC 20.0.5

*URL* : [https://roc-pic-intradef.fr.capgemini.com/interne/mes-contrats/liste-reservistes/contrats-a-renouveler]

*Descriptif* :

Se connecter en tant que Gestionnaire

Cliquer sur le bloc fonctionnel ""Contrats""

Cliquer sur le bouton d'export ""Export global""

Renseigner deux dates

Sélectionner l'état ""Contrats à renouveler""

*Résultat attendu* : 

Fichier csv avec les contrats à renouveler

*Résultat obtenu :* 

Fichier csv vide avec les headers";;
598680;"01/22/2026 11:25";;"[Export] - Contrats validés et export global - fichier vide";;;"Corrigé en production";;"10/07/2025 16:06";;;;;;"DP ROC";;b_poiron_ext;ROC-811;b_poiron_ext;;;;Extraction;V4.20.0.7;;Majeur;;;;;;;;"*Titre* : [Export] - Contrats validés et export global

*Configuration* : PIC 20.0.5

*URL* : [https://roc-pic-intradef.fr.capgemini.com/interne/mes-contrats/liste-reservistes/contrats-a-renouveler]

*Descriptif* :

Se connecter en tant que Gestionnaire

Cliquer sur le bloc fonctionnel ""Contrats""

Cliquer sur le bouton d'export ""Contrats validés""

*Résultat attendu* : 

Fichier csv avec les contrats actifs

*Résultat obtenu :* 

Fichier csv vide";;
598681;"01/22/2026 11:25";;"[Engagement] - Gestionnaires - Validation visite médicale militaire";;;"Corrigé en production";;"10/07/2025 16:06";;;;;;"DP ROC";;b_poiron_ext;ROC-762;b_poiron_ext;;;;Candidature;V4.20.0.5;;Bloquant;;;;;;;;"*Titre* : [Engagement] - Gestionnaires - Validation visite médicale militaire

*Configuration* : PIC intradef

*URL* : [https://roc-pic-internet.fr.capgemini.com/candidat/processus-candidature]

*Identifiant* : AF: admin_fonctionnel

*Descriptif* :

Se connecter avec un AF

Cliquer sur le bloc fonctionnel ""Suivi des candidatures""

Cliquer sur une candidature avec une visite médicale militaire à remplir 

Cliquer sur la tuile visite médicale militaire

Remplir le formulaire

Cliquer sur le bouton ""Valider""

*Résultat attendu* :

Je peux valider ma visite médicale militaire et avancer dans le processus d'engagement.

*Résultat obtenu* :

En tant que gestionnaire, il m'est impossible de valider une visite médicale militaire pour un candidat lorsque celle-ci n'est pas déjà en cours. Il n' y a aucune réaction de l'application à la validation

 ";;
534988;"01/22/2026 11:25";;"Impossibilité d'accès aux emplois pour le délégataire AO";;;"Corrigé en production";"Problème gestion et création compte gestionnaire";"07/30/2025 14:02";;;;;;SCA;;n_honore1;;b_poiron_ext;;;;Emploi;V7.4.3;;Majeur;"Poste Intradef";https://reservistes.intradef.gouv.fr/interne/gestion-engagement/consulter-poste/1598;V5.4;"DELEGATAIRE AO";;;;"Il n'est pas possible pour le délégataire de l'AO d’accéder aux emplois publiés au sein du SCA. Cette possibilité n'est offerte qu'à l'AO.";Bloquant;"Capture.JPG,ACCES AUX EMPLOIS DEL AO.docx"
598173;"01/22/2026 11:25";;"pas de visuel sur le bandeau activité (à signer; à convoquer) pour un référent";;m_fekete;"Corrigé en production";"Anomalie fonctionnelle Activités";"10/07/2025 14:19";;;;;;ADT;;j_saint_julien;;b_poiron_ext;;;;Activités;V7.4;;;"Poste Intradef";"https://reservistes.intradef.gouv.fr/interne/activites/signer/liste 
 
";"V5 et v6.3.2";;;;;"Bien que le gestionnaire ait des activités à proposer à la signature, le référent ne voit pas ses activités dans l'onglet à signer. 
Pareil pour à convoquer. ";Mineur;"beug ROC PROD .msg,TR  erreur sur bandeau activités.msg,LISTE ACTIVITES - PPROD.docx"
598620;"01/22/2026 11:25";;"[MOE] - [BUG] - Déconnexion au clique sur fiche d'aptitude médicale à l'emploi​ ";;;"Corrigé en production";;"10/07/2025 16:06";;;;;;"DP ROC";;b_poiron_ext;ROC-2466;b_poiron_ext;;;;;V7.4;;Bloquant;;;;;;;;"Titre :[MOE] - [BUG] - Déconnexion au clique sur fiche d'aptitude médicale à l'emploi​ 

Configuration : V7.3

 

URL :   [https://www.reservistes.defense.gouv.fr/candidat/creation-compte|https://front-np.integration.roc.fr.capgemini.com/candidat/processus-candidature]

Descriptif :

Dans l'engagement, lorsqu'un candidat clique sur le lien ""{+}Fiche{+} +d'évaluation+ +d'aptitude+ +à+ +l'emploi+ {+}à faire signer{+}"" dans la tuile ""visite médicale militaire""

Résultat attendu :

Le document se télécharge 

Résultat obtenu :

Le candidat est déconnecté avec le message "" Aucun compte ROC correspondant n'a été trouvé ""

 

 

!image-2025-10-06-15-57-55-211.png!";;
528077;"01/22/2026 11:25";;"[CONTRAT] Filtre date de fin ESR non fonctionnel";;;"Corrigé en production";;"07/17/2025 15:21";;;;;;"DP ROC";;b_poiron_ext;ROC-1297;b_poiron_ext;;;;Contrat;V7.5;;Bloquant;;;V4.20.0.5;;;;;"|   *Ticket JIRA N°*| |
|   *Environnement/ Version*|PPROD v4.20.0.5|
|   *Titre de l'anomalie*|Filtre date de fin ESR non fonctionnel|
|   *Url*|[https://pprod-reservistes.intradef.gouv.fr/interne/mes-contrats/liste-reservistes/contrats-a-renouveler|https://pprod-reservistes.intradef.gouv.fr/interne/accueil-choix-bloc]|
|   *Acteur*|ADR|
|   *Identifiant*|12591_utilisateur|
|   *Mot de passe*|Azertyuiop44!!!|
|   *Anomalie*|MINEURE|
|   *Configuration*|INTRADEF FIREFOX|
|   *Bloc*|CONTRAT|
|   *Description*|Lorsque l'ADR filtre sur ""date fin ESR"", l'affichage n'est pas conforme|
|   *Résultat attendu*|La liste des dossiers à renouveler devrait s'fficher par ordre chronologique afin d'initier en premier les contrats arrivant à échéance le plus tôt.|
|   *Copies d'écran*| |";;
527987;"01/22/2026 11:25";;"[candidat] : absence de message d'erreur sur la case à cocher des mesures d'attractivités non validée";;;"Corrigé en production";;"07/17/2025 15:21";;;;;;"DP ROC";;b_poiron_ext;ROC-1851;b_poiron_ext;;;;Candidature;V6.3;;Bloquant;;;V5.4.1;;;;;"*Titre* : [candidat] : non persistance de case à cocher sur les mesures d'attractivités et absence de message rouge

*Configuration* : v5.4.1 PICSEL NP
*Gravité :* Mineur

*URL : [https://roc-front-np-pre.picsel.defense.gouv.fr/candidat/processus-candidature/etape/informations-obligatoires]*

*Descriptif* :
 # création d'un nouveau candidat sans aucun compte : OK
 # renseigner les données personnelles : OK
 # Cliquer sur la tuile informations-obligatoires : OK
 # Cliquer sur le document Liste d'attractivité : Erreur 400 (résultat inconnu)
 # Cocher ""j'ai pris connaissance des mesures d'attractivité préalablement à la rédaction de mon ESR"" : OK
 # Valider : {color:#de350b}NOK n°1{color} le candidat ne devrait pas avoir le droit de valider 
 # La tuile est cependant dans un état conforme
 # Cliquer sur la tuile informations-obligatoires : {color:#de350b}NOK n°2{color}

=> la case à cocher réalisée en 5. n'est plus cochée !

 

*+Résultat attendu+* +:+ 

En 6. le candidat ne devrait pas avoir le droit de valider et un message d'erreur rouge ""Veuillez confirmer avoir pris connaissance des mesures d'attractivités""
=> Mes mesures d'attractivité devrait être en rouge

En 8. la case à cocher devrait être cochée


*+Résultat obtenu+* +:+ 

En 6. Valider : {color:#de350b}NOK n°1{color} le candidat ne devrait pas avoir le droit de valider
En 8. Cliquer sur la tuile informations-obligatoires : {color:#de350b}NOK n°2{color}

=> la case à cocher réalisée en 5. n'est plus cochée !";;
527959;"01/22/2026 11:25";;"[Contrat]- soucis dans la finalisation de l'ESR le reserviste RO1";;;"Corrigé en production";;"07/17/2025 15:21";;;;;;"DP ROC";;b_poiron_ext;ROC-1945;b_poiron_ext;;;;;V7.5;;Bloquant;;;V5.4.1;;;;;"URL: [https://pprod-reservistes.cloud.defense.gouv.fr|https://pprod-reservistes.cloud.defense.gouv.fr/]

Se connecter R01 

[224416_reserviste.roc@getnada.com|mailto:224416_reserviste.roc@getnada.com]

MDP 12345!

Cliquer sur Contrat 

valider la finalisation de contrat 

Résultat le réserviste doit voir le pictogramme et en dessous son ESR à télécharger

Résultat Actuel   

Lorsque le renouvellement est finalisé, le RO1 a accès à l’icône « processus terminé ». Il ne doit pas y avoir accès. C’est l’ADR qui clôture le processus, mais l’ADR n’y a pas accès.

Le RO1 a également accès à l’icône « non renouvellement ». Cette icône ne doit plus être accessible au RO1 après le retour termes.";;
527907;"01/22/2026 11:25";;"[email] - DR - problème d'encodage de caractères dans les emails";;;"Corrigé en production";;"07/17/2025 15:21";;;;;;"DP ROC";;b_poiron_ext;ROC-2041;b_poiron_ext;;;;Environnement;V7.5.1;;Bloquant;;;V5.4.4;;;;;"*+Titre:+* [email] - problème d'encodage de caractères dans les emails



*+Configuration:+* PICSEL v5.4.4 DR

URL:

+*Identifiants / rôle :*+

 

+*Descriptif :*+

dans les emails le gestionnaire reçoit des problèmes d'encodage de caractères, par exemple ci-dessous et ci-joint



+*Résultat obtenu:*+
SVDDGSBXNX YYCKSLZQGF / Grade : Manipulateur d'Ã©lectroradiologie mÃ©dicale des hÃ´pitaux des armÃ©es de classe normale / NID : 9213050052 / VMAE : 08/07/2025 / Unite : HIA LAVERAN - CELLULE RESERVE OPERATIONNELLE / CREDO : 05DJ002

 

+*Résultat attendu:*+
Les caractères dans les emails doivent être correctement encodés pour une bonne lecture";;
475370;"01/22/2026 11:25";;"[Candidature] Etape validée sans action";;;"Corrigé en production";;"05/12/2025 15:32";;;;;;"DP ROC";;b_poiron_ext;ROC-1371;b_poiron_ext;;;;;"LIVRAISON HORS VERSION";;;;;V4.18.2;;;;;"Au cours de tests nous nous rendons compte que des candidatures se retrouvent validées sans actions de la part du candidat ou du gestionnaires

Ce comportement est a priori corrigé par les ticket 1299 et 1300.

Cependant les blocs qui se retrouveraient validés avant la correction de l'anomalie se retrouveraient bloqués.

Cela bloque le parcours des candidatures concernées

Un script doit être créé pour nettoyer les avancement de candidatures";;
528001;"01/22/2026 11:25";;"[candidat] - la validation de la visite médicale civile génére une tuile bleue (impossible à passer verte)";;;"Corrigé en production";;"07/17/2025 15:21";;;;;;"DP ROC";;b_poiron_ext;ROC-1805;b_poiron_ext;;;;Candidature;V7.3;;Majeur;;;V5.4;;;;;" 
| |Ticket JIRA N°| | |
| |   Environnement/ Version| |PICSEL NP v5.4 du 27/05/2025
 |
| |   Titre de l'anomalie| |[candidat] - la validation de la visite médicale civile génére une tuile bleue (impossible à passer verte)|
| |   Url| |[https://roc-front-np-pre.picsel.defense.gouv.fr/candidat/processus-candidature/etape/visite-medicale-civile]|
| |   Acteur| |Candidat|
| |   Identifiants| |candidat.portito@gmail.com|
| |   Mot de passe| |Azertyuiop1234!!!|
| |   Anomalie| |Majeur|
| |   Configuration| |Firefox|
| |   Bloc| |Candidat|


Suite au bug ROC-1803 lors de la validation de la visite médicale civile alors la tuile est bleue et impossible de la repasser verte

 
| |Résultat obtenu|Lors de la validation de la visite médicale civile la tuile reste bleue|
| |Résultat attendu :|Lors de la validation de la visite médicale civile la tuile devrait etre verte|

 ";;
588248;"01/22/2026 11:25";;"[SSA] - Liste ATS à la demande signature non conforme";;;"Corrigé en production";;"09/25/2025 11:55";;;;;;SSA;;c_dulaurans;ROC-2419;b_poiron_ext;ADT,AAE;;;Activités;V7.4;P0;Bloquant;"Poste Intradef";https://reservistes.intradef.gouv.fr/interne/activites/signer/liste;V6.3.2;Référent;;"Le référent de l'HNIA Percy (05DF223) s'authentifie dans ROC. Dans Actvités, il accède à l'onglet ""A signer""";;"Dans « A signer » demande une signature pour des activités de l’HNIA Percy. Les ATS proposés ne correspondent pas à la liste des ATS de l’HNIA Percy mais sont ceux du CTSA. Ne peut pas transmettre les ENARO vers son ATS. 
Sa délégataire en effectuant la même procédure, visualise les ATS de l'HNIA Percy.";Majeur;"ACTIVITE - ATS non conforme_20250925.docx,Liste ATS non conforme au rôle sélectionné_AF_20250930.docx,Mise a la signature ATS.docx,ATS_dde_CRB 20250925 15h(1).PNG,ATS_liste gestion_CRB 20250925 15h(3).PNG"
591587;"01/22/2026 11:25";;"Visualisation des menus déroulant sur téléphone";;j_pelletier6;"Corrigé en production";"Anomalie fonctionnelle Activités";"09/30/2025 10:03";;;;;;AF;;j_pelletier6;ROC-2416;b_poiron_ext;AAE;;;Activités,E-billet;V7.4;P0;Majeur;"Poste Internet";"https://www.reservistes.defense.gouv.fr/reserviste/mes-activites/activites-validees
https://www.reservistes.defense.gouv.fr/reserviste/mes-activites/activites-passees
https://www.reservistes.defense.gouv.fr/reserviste/mes-deplacements/demandes-en-attente";V6.3.2;"Réserviste RO1";;"Connexion sur un compte RO1 et visualisation des activités ou e-billet";;"Lors de la visualisation du bloc activités ou e-billet, le menu déroulant n'apparait pas sur un téléphone et empêche la visualisation des menus.";Bloquant;"Visualisation menu déroulant activité et e-billet.docx"
588417;"01/22/2026 11:25";;"[AAE] ATS : liste désignation en cloture différente de la liste de gestion";;;"Corrigé en production";;"09/25/2025 14:58";;;;;;AAE;;s_caumond;ROC-2419;b_poiron_ext;SSA;;;Comptes,Activités;V7.4;P0;Bloquant;"Poste Intradef";https://reservistes.intradef.gouv.fr/interne/activites/signer/detail/2217323;;"DEL REF";;"Connexion en DEL 02FGG6O (BRH ORLEANS)
Clôture activité
Demande de signature
Ouverture du pop up avec la liste des ATS rattachés au credo";17329;"Dans le pop-up : affichage des ATS associés à un autre DEL REF (B)

Contournement en désignant malgré tout un de ces ATS en le prévenant qu'il signe des activités d'unités de dépendants pas de lui (""prête nom"")
";Majeur;"ATS_liste gestion_CRB 20250925 15h.PNG,ATS_dde_CRB 20250925 15h.PNG"
598001;"01/22/2026 11:25";;"Un REF ne peut pas modifier les informations personnelles d'un candidat";;;"Corrigé en production";;"10/07/2025 12:13";;;;;;"DP ROC";;b_poiron_ext;ROC-2389;b_poiron_ext;;;;Candidature;V7.4;;Bloquant;;;;;;;;"Bonjour,

Un REF ne peut modifier les informations personnelles d'un candidat.

erreur 500 : erreur inattendue rencontrée dès le clic sur le crayon.

Tests effectués avec REF 15177 à 18h25.

 ";;
598003;"01/22/2026 11:25";;"Bloc ""Suivi des volontaires et des candidats"" manquant pour certains profils";;;"Corrigé en production";;"10/07/2025 12:13";;;;;;"DP ROC";;b_poiron_ext;ROC-2385;b_poiron_ext;;;;;V7.4;;Majeur;;;;;;;;"Applique les développements manquants pour le ticket ROC-2055 :
 * Ajout du bloc fonctionnel pour les rôles l'AF, le Pil (et DEL), le REF (et DEL)
 * Pour ces rôles, la couleur d'uniforme ne doit pas être bloquée et le filtre doit lister l'ensemble des couleurs d'uniforme.
 * Ajout de l'icône du bloc fonctionnel";;
598007;"01/22/2026 11:25";;"[Engagement] validation automatique de la FPM";;;"Corrigé en production";;"10/07/2025 12:13";;;;;;"DP ROC";;b_poiron_ext;ROC-2346;b_poiron_ext;;;;Candidature;V7.4;;Majeur;;;;;;;;"'+*Titre :*+ [Engagement] validation automatique de la FPM

*+Configuration:+* 

PICSEL *++* v7.2 

PPROD v6.3.2

 

+*URL :*+ https://roc-front-np-pre.picsel.defense.gouv.fr/candidat/processus-candidature{*}{*}{+}
{+}

{*}Identifiants / rôle :{*}candidat josianne.petit@test.fr

 

*+Descriptif :+*

en tant que candidat dans le processus d'engagement je clique sur le bloc "" formation prémilitaire"" ( une fois qu'il devient cliquable - dans mon cas les blocs informations obligatoires, visite médicale civile, entretien en unité sont vert). sans sélectionner une FPM je clique sur retour

 

*+Résultat obtenue: 
+* 

le bloc passe au vert et le référent n'a plus d'action possible

*+Résultat attendu:+*

le bloc reste bleu

+*Informations supplémentaires:*+

le bug n'est pas qualifié comme bloquant car il peut être contourné:

le candidat clic a nouveau sur le bloc FPM

il sélectionne une FPM

dans la foulé il se desinscrit

le bloc repasse bleu et devient modifiable

 ";;
598018;"01/22/2026 11:25";;"[MOE] [Calendrier] -Pas de point rouge sur les périodes indisponible sur le calendrier";;;"Corrigé en production";;"10/07/2025 12:13";;;;;;"DP ROC";;b_poiron_ext;ROC-2276;b_poiron_ext;;;;Calendrier;V7.3;;Majeur;;;;;;;;"*Titre:* [MOE] [Calendrier] -Pas de point rouge sur les périodes indisponible sur le calendrier

*Environnement* : V6.3.1

*URL: [https://front-np.recette.roc.fr.capgemini.com/reserviste/calendrier]*

*Descriptif :*

Se connecter sur NP [https://front-np.recette.roc.fr.capgemini.com/reserviste/calendrier]

Se connecter avec un réserviste RO1

Cliquer sur le bloc calendrier 
Cliquer sur gérer mes disponibilités 

Mettre une plage de date : 

Choisir indisponibilité puis valider 

*Résultat attendu :*

les jours indisponibles devraient être indiqués dans le calendrier avec point rouge

*Résultat obtenu :*

Rien ne se passe";;
598029;"01/22/2026 11:25";;"[Emploi] DEL-AO - impossible d'afficher une fiche de poste";;;"Corrigé en production";;"10/07/2025 12:13";;;;;;"DP ROC";;b_poiron_ext;ROC-2183;b_poiron_ext;;;;Emploi;V7.3;;Majeur;;;;;;;;"*Configuration* : PICSEL V.5.4.5 et 6.3.0

*Identifiant* :

DEL-AO  : 589_utilisateur   /  9056589_utilisateur

*Descriptif* :

En tant que DEL-AO je clique sur ""Gestion""puis sur ""Gestion des emplois"",

je sélectionne un emploi

 

*Résultat attendu* :

acces a la fiche de poste

*Résultat obtenu* :

erreur 403 voir pj{*}{{*}}";;
598030;"01/22/2026 11:25";;"[Emploi]AO - erreur suppression de poste";;;"Corrigé en production";;"10/07/2025 12:13";;;;;;"DP ROC";;b_poiron_ext;ROC-2182;b_poiron_ext;;;;Emploi;V7.3;;Majeur;;;;;;;;"*Configuration* : PICSEL V.5.4.5 et 6.3.0

*Identifiant* :

AO  : 8617_utilisateur   /  admin.seo

*Descriptif* :

En tant que AO je clique sur ""Gestion""puis sur ""Gestion des emplois"",

je sélectionne un emploi

je clique sur ""Supprimer""

 

*Résultat attendu* :

message de succès et suppression du poste

*Résultat obtenu* :

erreur 500 voir pj{*}{*}";;
598621;"01/22/2026 11:25";;"[Engagement] VMM champs resultat visite";;;"Corrigé en production";;"10/07/2025 16:06";;;;;;"DP ROC";;b_poiron_ext;ROC-2464;b_poiron_ext;;;;Candidature;V7.4;;Mineur;;;;;;;;"Dans le bloc visite médical militaire, le champ résultat de la visite est optionnel. Cependant si je ne coche pas de valeur, le bloc n'est jamais validé. Cette valeur est utilisée pour le traitement de l'étape dans le code.

Résultat attendu: 
[~X-BPOIRO] fonctionnellement, quelle correction doit on appliquer ? le champs devient obligatoire ? ou la valeur ne sert pas pour le traitement de l'étape (afin de valider l'étape)
!image-2025-10-06-12-14-48-555.png!  ";;
598626;"01/22/2026 11:25";;"[Volontariat] Créer un précompte RO2";;;"Corrigé en production";;"10/07/2025 16:06";;;;;;"DP ROC";;b_poiron_ext;ROC-2414;b_poiron_ext;;;;Candidature;V7.4;;Bloquant;;;;;;;;"En tant que futur RO2, je peux créer un précompte 

+*Résultat obtenu:*+ 
Erreur 500, lors de l'envoi de mail ";;
598627;"01/22/2026 11:25";;"[MOE] - erreur MDC sur la création de compte ( compte actif)";;;"Corrigé en production";;"10/07/2025 16:06";;;;;;"DP ROC";;b_poiron_ext;ROC-2353;b_poiron_ext;;;;;V7.3;;Majeur;;;;;;;;"Titre : [MOE] - erreur MDC sur la création de compte ( compte actif)

Configuration : V7.3

Identifiant :

[touri.test@getnada.com|mailto:touri.test@getnada.com] (actif)

 

Descriptif :

- Le volontaire clique sur le bouton ""Créer mon compte""

- Le volontaire arrive sur la mire MinDef Connect Internet

- S'il a déjà un compte, il se connecte, s'il n'a pas de compte il le crée

 

 

Résultat attendu :

Le volontaire dispose déjà d'un compte ROC, un message s'affiche sur la page ""Vet complétion des informations personnelles"", _""Vous diposez déjà d'un compte ROC. Si vous souhaitez postuler, nous vous invitons à vous_

Résultat obtenu :

 message d'erreur.  ""oauth.mindefconnect.interne_compte_deja_existant""

 

!image-2025-09-18-10-38-45-656.png!

!image-2025-09-18-10-38-35-223.png!

 ";;
598628;"01/22/2026 11:25";;"Données personnelles - Affichage du mauvais grade et du mauvais corps dans la liste déroulante";;;"Corrigé en production";;"10/07/2025 16:06";;;;;;"DP ROC";;b_poiron_ext;ROC-2348;b_poiron_ext;;;;;V7.3;;Majeur;;;;;;;;"En tant que : AF (admin_fonctionnel)

Résultat obtenu : Lorsque j'accède à la modification des données personnelles d'un utilisateur, les listes déroulante des corps et des grades étaient mal renseignées ( Affichage de la dernière ligne de la liste déroulante à chaque fois).

Résultat attendu :

Affichage du bon corps et du bon grade de l'utilisateur

 ";;
598630;"01/22/2026 11:25";;"[Volontariat] VIP dans le tableau de suivit de candidature pour le REF";;;"Corrigé en production";;"10/07/2025 16:06";;;;;;"DP ROC";;b_poiron_ext;ROC-2333;b_poiron_ext;;;;Candidature;V7.3;;Majeur;;;;;;;;"En tant qu'utilisateur, dans le tableau des candidatures, je ne dois voir la mention VIP que si je suis AADS, ADR ou AF 

Resultat obtenu : 
Dans le tableau en tant que ref, je vois les candidat vip";;
598631;"01/22/2026 11:25";;"[Volontariat] Erreur 403 suite au tagging d'un volontaire en VIP";;;"Corrigé en production";;"10/07/2025 16:06";;;;;;"DP ROC";;b_poiron_ext;ROC-2331;b_poiron_ext;;;;Candidature;V7.3;;Majeur;;;;;;;;"*Identifiants :* 

Volontaire : compte créé au cours du test

Référent : 10750_utilisateur

*Environnement :* PICSEL, V7.2, NP + DR

*Description :* 

En tant que {*}volontaire{*}, 

Je suis sur la page d'accueil, 

Je clique sur découvrir les offres d'emploi, 

Je clique sur une offre d'emploi créée par le référent 10750,

Je clique sur postuler,

Je créée mon compte MDC,

Je créer mon compte volontaire (info + CV + choix d'affectation),

Je valide (mon profil volontaire est créé et visible par le référent. 

---

En tant que *référent,* 

Je clique sur le bloc engager, 

Je cherche le nouveau volontaire créé,

Je clique sur le volontaire, 

Je clique sur le bouton ""VIP""

*Résultat attendu :* Etre rebasculé sur le tableau de suivi des candidatures, avec le nouveau volontaire taggé en VIP

*Résultat obtenu :* Erreur 403 (voir PJ)";;
598632;"01/22/2026 11:25";;"[Volontariat] Possibilité de déposer le CV à un format autre que le format PDF";;;"Corrigé en production";;"10/07/2025 16:06";;;;;;"DP ROC";;b_poiron_ext;ROC-2329;b_poiron_ext;;;;Candidature;V7.3;;Mineur;;;;;;;;"*Description :* 

1) Lors du dépôt du CV, je dois pouvoir déposer un CV au format PDF uniquement

*Anomalie :* 
 - Le CV peut être déposé à un format autre png ou jpg
 - Le libellé de la consigne sur le dépôt de CV est faussé.  

*Résultats attendus :* 
 - il n'est possible de déposer un CV qu'au format PDF
 - Le libellé de la consigne doit être _""Taille maximale : 8mo. Format supporté : PDF. Attention à ne pas mettre d'espace, d'accent ou de caractère spécial dans les noms des fichiers que vous mettez en pièce-jointe.""_";;
598633;"01/22/2026 11:25";;"[Volontariat] Mauvais libellé par défaut du champs ""Pays de naissance""";;;"Corrigé en production";;"10/07/2025 16:06";;;;;;"DP ROC";;b_poiron_ext;ROC-2327;b_poiron_ext;;;;Candidature;V7.3;;Mineur;;;;;;;;"*Description :* 

1) lors de la validation des informations personnelles, le champs ""Pays de résidence"" contient par défaut ""- Faites votre choix -""

*Anomalie :* 
 - Le champ ""Pays de résidence"" contient par défaut  ""Tous""

*Résultats attendus :* 
 - Le champ ""Pays de résidence"" contient par défaut ""- Faites votre choix -""";;
598634;"01/22/2026 11:25";;"[Volontariat] Absence de reprise des données issues de MDC Internet";;;"Corrigé en production";;"10/07/2025 16:06";;;;;;"DP ROC";;b_poiron_ext;ROC-2326;b_poiron_ext;;;;Candidature;V7.3;;Majeur;;;;;;;;"*Description :* 

1) Création de mon compte MDC Internet pour créer mon compte Volontaire

2) Validation de mes données personnelles

*Anomalie :* 

- Les champs suivant ne sont pas complétés par les informations saisies dans MDC Internet
 * Genre*
 * Pays de naissance*
 * Lieu de naissance*

*Résultats attendus :* 

- Les champs suivant doivent être complétés par les informations saisies dans MDC Internet
 * Genre*
 * Pays de naissance*
 * Lieu de naissance*";;
598635;"01/22/2026 11:25";;"[Candidature] Reprise d'une candidature suite à un abandon";;;"Corrigé en production";;"10/07/2025 16:06";;;;;;"DP ROC";;b_poiron_ext;ROC-2316;b_poiron_ext;;;;Candidature;V7.3;;Mineur;;;;;;;;"En tant que candidat/volontaire, lorsque j'abandonne ma candidature, celle ci est remise à zéro. 
Je dois pouvoir reprendre mon parcours de manière classique

*Résultat attendu :* 
Le bloc information obligatoire est n'a pas les cases cochées

*Résultat obtenu :* 

Le bloc n'est pas validé mais il a déjà des donnés, si je valide sans recliquer sur les liens et décocher/recocher les checkbox, le bloc ne se valide pas.

PI : Le contrat esr n'est pas supprimé de la candidature et donc si le candidat a été initié les informations obligatoires, nous tombons dans ce cas";;
598636;"01/22/2026 11:25";;"[Volontariat] En tant qu'ADR, impossible de tagguer un RO1 en VIP ";;;"Corrigé en production";;"10/07/2025 16:06";;;;;;"DP ROC";;b_poiron_ext;ROC-2312;b_poiron_ext;;;;;V7.3;;Majeur;;;;;;;;"*Configuration :* PICSEL V7.2, environnement DR

*Utilisateur :* 10446_utilisateur

*Description :* 

En tant qu'ADR,

Je clique sur Gestion > Réservistes RO1,

Je clique sur un réservistes,

J'arrive sur la page des données personnelles du réserviste

*Résultat attendu :* Etre en mesure de tagguer le réserviste VIP

*Résultat obtenu :* Impossible de tagguer le RO1";;
598638;"01/22/2026 11:25";;"[Volontariat] Possibilité de voir le bouton de changement de statut VIP en tant que Candidat";;;"Corrigé en production";;"10/07/2025 16:06";;;;;;"DP ROC";;b_poiron_ext;ROC-2275;b_poiron_ext;;;;;V7.3;;Mineur;;;;;;;;"Cas constaté :
 * En tant que : Candidat
 * Lors que : Je consulte mon processus d'engagement
 * Alors :
 ** On peut voir le bouton statut VIP dans la partie ""Mes informations""

Comportement attendu :
 * En tant que : Candidat
 * Lorsque : Je consulte mon processus d'engagement
 * Alors :
 ** Je ne dois pas voir dans la partie ""Mes informations"", un toggle button contenant le statut VIP";;
598640;"01/22/2026 11:25";;"[MDC] - connexion sans compte ROC pas de message d'erreur";;;"Corrigé en production";;"10/07/2025 16:06";;;;;;"DP ROC";;b_poiron_ext;ROC-2238;b_poiron_ext;;;;Connexion;V7.3;;Mineur;;;;;;;;"*Titre* : [MDC] connexion sans compte ROC pas de message d'erreur

*Configuration* : PPROD v6.3.1

*Identifiant* :

michelbobo@test.fr

*URL* :

*Descriptif* :

création d'un compte MDC ( RO1/RO2) sans compte ROC associé

*Résultat attendu* : 

Affichage de la page d'accueil, Message d'erreur: ""Aucun compte ROC correspondant n'a été trouvé""

 

*Résultat obtenu* : 

Affichage de la page d'accueil sans message d'erreur";;
598644;"01/22/2026 11:25";;"VIP_Fichier Export Réserviste R01 Absence colonne VIP";;;"Corrigé en production";;"10/07/2025 16:06";;;;;;"DP ROC";;b_poiron_ext;ROC-2181;b_poiron_ext;;;;;V7.1;;Mineur;;;;;;;;"Env Intégration, connexion avec le référent Capitaine Skapura Mathewson / *Email :*
2716_utilisateur.roc@getnada.com, du réserviste [196608_reserviste.roc@getnada.com|mailto:196608_reserviste.roc@getnada.com] taggé VIP :
Sur la page [https://front-dr.integration.roc.fr.capgemini.com/interne/liste-reservistes-ro1] J'ai un bouton d'Export des réservistes. 
Lorsque je clique dessus l'export se fait mais la colonne VIP n'est pas présente c fichier";;
598646;"01/22/2026 11:25";;"Bug Suppression CV";;;"Corrigé en production";;"10/07/2025 16:06";;;;;;"DP ROC";;b_poiron_ext;ROC-2130;b_poiron_ext;;;;Candidature;V7.1;;Mineur;;;;;;;;"Lors d'un parcours Candidat/ création de compte, en tant que volontaire si après avoir sélectionné un fichier CV, je clique sur la corbeille je m'attends à la suppression du nom du fichier or j'ai soit une erreur 500, soit il bascule sur l'action du bouton valider et signale les champs obligatoireS manquant mais sans suppression du fichier CV";;
477197;"01/22/2026 11:25";;"[AAE] DEL PIL - export activité - champs absents/vides";;;"Corrigé en production";;"05/14/2025 09:35";;;;;;AAE;"bugs #549809";j_sales1;ROC-1948;b_poiron_ext;;;;Activités;V7.5;P0;Mineur;"Poste Intradef";https://reservistes.intradef.gouv.fr/interne/activites/conduire/liste;V4.20.0.8;"PILOTE ";;;;"En PILOTE, dans ACTIVITE, le fichier d'export généré a des champs importants vides.
Nous avions ces champs de renseignés AVANT la v4.20 (date debut du service, date de fin...)
CF pj

ÉTAT DÉSIGNATION : manque le notion RETENU/NON RETENU
DÉBUT SERVICE FAIT : champs vide
FIN SERVICE FAIT : champs vide
PARTICIPATION ACTIVE : manque OUI/NON
ACTIVITÉ PRIORITAIRE : manque OUI/NON
TYPE : manque INTERNE/EXTERNE

";Majeur;"20250505 B367 ACTIVITES 2025 PASSEES.xlsx,2025_05_28_12h40_export_activites préproduction.csv"
606134;"01/22/2026 11:25";;"[ADT] Problème de basculement du compte RO2 en inactif lorsque le réserviste est RO1";;;"Corrigé en production";"Compte RO2";"10/14/2025 11:10";;;;;;ADT;;j_saint_julien;ROC-2721;b_poiron_ext;MN;;;Comptes;V8.2;;Mineur;"Poste Intradef";"https://reservistes.intradef.gouv.fr/interne/admin/utilisateurs/reserviste/modifier/293895
https://reservistes.intradef.gouv.fr/interne/admin/utilisateurs/ro2/modifier/282756 actif en RO2";"V5 et v6.3.2,v4";"AF et AO ";;"Extraction des RO1; extraction des RO2
Étude des flux full pour vérifier les NID
cf. p.j tableau Excel";"282756; 293895";"Pour un même réserviste nous avons constaté :
- qu'il est actif en tant que RO1 mais également en tant que RO2; est-ce normal?
- ce même réserviste a deux ID différent en tant que R01 et RO2 

Pièces jointes : 
- tableau Excel
- copies d'écran pour le réserviste armée de Terre
- mail pour le cas supplémentaire de la marine. ";Mineur;"R02 et RO2 - ID différents.docx,leclerc antoine.xlsx,TR  GIRAULT LOU.msg,RO1-RO2.docx"
527924;"01/22/2026 11:25";;"[Engager] mauvais message visite médicale civile";;;"Corrigé en production";;"07/17/2025 15:21";;;;;;"DP ROC";;b_poiron_ext;ROC-2015;b_poiron_ext;;;;Candidature;V7.5;;Mineur;;;V5.4.1;;;;;"'+*Titre* :+ [Engager] mauvais message visite médicale civile

+*Configuration* :+ PPROD v5.4.1et PICSEL  v5.4.2

+*URL* :  [https://pprod-reservistes.intradef.gouv.fr/interne/processus-candidature/candidature/288973/etape/visite-medicale-civile]+

+*Identifiant :*+ 

[12743_utilisateur|mailto:23775_reserviste.roc@getnada.com] mdp: Azertyuiop44!!!

+*Descriptif* :+

se connecter en tant que gestionnaire

cliquer sur le bloc fonctionnel ""Engager""

sélectionner un candidat ayant déjà effectué la visite médicale civile

cliquer sue ""visite médicale civile

+*Résultat attendu:*+

voir pj: visite medical-resultat attendu

+*Résultat obtenu:*+

voir pj:visite medical-resultat obtenu

 ";;
527953;"01/22/2026 11:25";;"[Engagement]-  visite médicale en attente de validation  par le candidat alors que  gestionnaire à valider";;;"Corrigé en production";;"07/17/2025 15:21";;;;;;"DP ROC";;b_poiron_ext;ROC-1962;b_poiron_ext;;;;Candidature;V7.5;;Mineur;;;V5.4.1;;;;;"URL PPROPD https://pprod-reservistes.intrade.gouv.fr/candidat/processus-candidature
 # se connecter avec un AF  Azertyuiop44!!! compte 4512_utilisateur 
 # Aller dans suivi de candidature 
 # rechercher le candidat ACHARD
 # Cliquer sur le candidat: les tuiles du parcours 
 # cliquer sur le bloc visite médicale
 # la case est grisée avec la validation de l'AF de la visite médicale

URL https://pprod-reservistes.cloud.defense.gouv.fr/candidat/processus-candidature
 # se connecter avec le candidat [1031_utilisateur@getnada.com|mailto:1031_utilisateur@getnada.com] MDP Azertyuiop44!!!
 # cliquer sur engager : les tuiles apparaissent *
 # aller dans visite médicale militaire 
 # message : votre certificat est en attente de validation 
 # Resultat la tuile doit marquer la date de validation et afficher 
 # resultat actuel le message de l'étape 5

 ";;
527940;"01/22/2026 11:25";;"[Unité] IHM : le champ en erreur sur un numéro de téléphone n'est pas précisé";;;"Corrigé en production";;"07/17/2025 15:21";;;;;;"DP ROC";;b_poiron_ext;ROC-1980;b_poiron_ext;;;;Unités;V7.5;;Mineur;;;V5.4.2;;;;;"*Titre* : [Unité] IHM : le champ en erreur sur un numéro de téléphone n'est pas précisé

*Configuration* : 
PPROD v5.4.1 intradef interne/login
PICSEL v5.4.2 intradef interne/login

*URL* : [https://pprod-reservistes.intradef.gouv.fr/interne/admin/unites/modifier/28]

*Identifiant :* 

AF 4512_utilisateur
Azertyuiop44!!!

 

*Descriptif* :
 # Se connecter avec un AF en DR interne/login
2. cliquer sur Unité 
3. Rechercher l'unité 2E REGIMENT DE HUSSARDS
4. Double clic gauche sur cette unité
5. Ajouter une pièce jointe
6. Valider : NOK un message d'erreur sur le numéro de téléphone apparait en haut de la page mais n'indique pas le champ en erreur comme c'est le cas habituellement sur les messages d'erreur

 

*Résultat attendu* : 
Un message d'erreur devrait apparaitre sous le champ en erreur comme c'est le cas dans l'ensemble du produit pour être homogène

 

*Résultat obtenu :* 

Un message d'erreur est précisé uniquement en haut de la page ne précisant pas quel est le champ en erreur: l’utilisateur doit rechercher le champ
 ";;
598014;"01/22/2026 11:25";;"[Engagement] Pas de message d'erreur das informations obligatoires";;;"Corrigé en production";;"10/07/2025 12:13";;;;;;"DP ROC";;b_poiron_ext;ROC-2302;b_poiron_ext;;;;Candidature;V7.5;;Mineur;;;;;;;;"Titre : [Engagement] Pas de message d'erreur das informations obligatoires

Configuration : PPROD V6.3.1 – internet

Identifiant :
AF : testbeb@getnada.com
Mdp: Azertyuiop44!!!

URL : https://pprod-reservistes.cloud.defense.gouv.fr/candidat/processus-candidature/etape/informations-obligatoires

Descriptif :
je me connecte en tant que candidat

je clique sur ""engagement""

je clique sur ""informations obligatoire""

je clique sur ""valider"" sans avoir fait de modification

 
Résultat attendu :
Un message d'erreur apparaît sous les mesures d'attractivité et sous l'annexe.

Résultat obtenu :
Aucun message d'erreur.";;
476853;"01/22/2026 11:25";;"[SSA] - impossible de supprimer une délégation par AF";;;"Corrigé en production";"Problème gestion et création compte gestionnaire";"05/13/2025 16:24";;;;;;SSA;"bugs #536540";c_dulaurans;ROC-1800;b_poiron_ext;ADT,MN,AAE,SCA,SEO;;;Droits;V7.5;;Mineur;"Poste Intradef";;V4.20.0.8;;;;;"l'AF ne peut pas supprimer un délégataire du 0AQG005 (DAGRH - TOURS). Accès au tableau gestion des délégataire, sélection du délégataire, clique sur bouton supprimer. Message ""Une erreur s'est produite lors de la suppression"". Et perte de la page de la gestion des délégataire du référent de 0ACG005. Essai 2 fois même résultat";Majeur;"AF_suppression délégation impossible_20250507.JPG,Suppression Pré-prod.docx"
532152;"01/22/2026 11:25";;"Annulation commande e-billet";;;"Corrigé en production";"Anomalie fonctionnelle E-billet";"07/23/2025 15:01";;;;;;AF;;j_pelletier6;ROC-2733;b_poiron_ext;;;;E-billet;V7.5;P0;Majeur;;https://reservistes.intradef.gouv.fr/interne/mes-deplacements/billets-commandes;V5.4.4;Référent;;"Connexion au compte référent, clique sur menu ""déplacements"" ""e-billets commandés"" pour annuler une commande.";510;"Lorsque le référent clique sur ""e-billets commandés"", il n'y a pas de colonne pour annuler la commande.";Majeur;"Annulation commande e-billet production.docx,Annulation commande e-billet préproduction.docx"
563840;"01/22/2026 11:25";;"Visualisation des activités dans les onglets du bloc ""activités""";;;"Corrigé en production";"Anomalie fonctionnelle Activités";"09/08/2025 15:03";;;;;;AF;"bugs #598010";j_pelletier6;ROC-2463;b_poiron_ext;;;;Activités,Communication;V7.5;P0;Majeur;;https://www.reservistes.defense.gouv.fr/interne/activites/designer/liste;V5.4.5;"Délégataire et référent";;"Visualisation des activités en cliquant sur le menu ""activités/calendrier"" puis l'onglet "" A convoquer"" ou ""A conduire"" ou autres onglets.";"référent  : 2716 - délégataire : 819 et 6750";"Dans le bloc ""activités"" en cliquant sur l'onglet ""A convoquer"" le compteur indique des activités mais ne sont pas visibles avec le message ""aucune donnée disponible dans le tableau"".";Bloquant;"Visualisation des activités.docx,Visualisation des activités pré-production.docx,Visualisation des activités pré-production V6.3.2.docx"
527955;"01/22/2026 11:25";;"[Engagement]- Impossible de télécharger le document téléverser par le candidat par le gestionnaire côté intradef ";;;"Corrigé en production";;"07/17/2025 15:21";;;;;;"DP ROC";;b_poiron_ext;ROC-1960;b_poiron_ext;;;;;V8.2;;Majeur;;;V5.4.1;;;;;" URL : [https://pprod-reservistes.cloud.defense.gouv.frinterne/login|https://pprod-reservistes.cloud.defense.gouv.frinterne/]
 # se connecter avec un AF 4512 mdp Azertyuiop44!!!
 # Aller dans suivi de candidature 
 # taper dans la barre de recherche du nom Achard aliona
 # cliquer sur  Chacune des pièces jointes à gauche de son parcours 
 # résultat normalement le cv s'ouvre dans un autre onglet 
 # résultat actuel erreur 404 

 ";;
528000;"01/22/2026 11:25";;"[Activité] - CTL - Erreur 500 lors du téléchargement de l'ENARO et pièces jointe[Activité] - CTL - Erreur 500 lors du téléchargement de l'ENARO et pièces jointe";;;"Corrigé en production";;"07/17/2025 15:21";;;;;;"DP ROC";;b_poiron_ext;ROC-1806;b_poiron_ext;;;;Activités;V8.2;;Majeur;;;V5.4;;;;;"*Titre* : [Activité] - CTL - Erreur 500 lors du téléchargement de l'ENARO et pièces jointe

*Configuration* : PICSEL v5.4 DR

*Identifiant* :

role CTL 10299_utilisateur

Mdp Azertyuiop44!!!

 
 *URL* :[Contrôle des activités passées dans ROC - Réservistes des armées (defense.gouv.fr)|https://roc-front-dr-pre.picsel.defense.gouv.fr/interne/activites/controle]

 

*Descriptif* :

le contrôleur souhaite télécharger les pièces jointe et l'ENARO

 
*Résultat obtenu* :

Erreur 500 

 

*Résultat attendu* :

téléchargement des pièceS";;
527921;"01/22/2026 11:25";;"[communication] - Informations d'IHM contradictoires lors d'une longueur d'objet maximale";;;"Corrigé en production";;"07/17/2025 15:21";;;;;;"DP ROC";;b_poiron_ext;ROC-2018;b_poiron_ext;;;;Communication;V7.5;;Mineur;;;V5.4.3;;;;;"'+*Titre :*+ [communication] - Informations d'IHM contradictoires lors d'une longueur d'objet maximale

*+Configuration:+* PICSEL v5.4.3 DR

+*URL :*+ [https://roc-front-dr-pre.picsel.defense.gouv.fr/interne/communication/creation-message]

*Identifiants / rôle :* 
REF 2111_utilisateur
Azertyuiop44!!!

*+Descriptif :+*
 # REF / DR : connexion
 # Création communication massive prioritaire ci-jointe : NOK

=> l'IHM indique des informations contradictoires 

 

+*Résultat obtenu:*+
Des informations contradictoires sont renvoyées par l'IHM
d'une part qu'il reste 0 caractère à l'utilisateur dans l'objet : donc la longueur est conforme est maximale
d'autre part que la chaine de caractère est trop longue et ne doit pas dépasser 68 caractères : visiblement selon cette erreur la longueur est trop longue

 

*+Résultat attendu:+*
Avoir des informations d'IHM cohérentes entre le nombre de caractères restants et le message d'erreur";;
532746;"01/22/2026 11:25";;"{AAE] Role : msg technique";;;"Corrigé en production";"Problème gestion et création compte gestionnaire";"07/24/2025 13:42";;;;;;AAE;;s_caumond;ROC-2734;b_poiron_ext;;;;Droits,Communication;V7.5;;Mineur;"Poste Intradef";;V5.4.4;AF;;"Désignation en DEL PIL de Sandra Caumond (17329) par l'usager 648 en utilisant le role AF.
";584;"Réception du mail ROC de désignation par l'usager 17329 : il ne contient pas le nom de l'unité.

""Vous venez d'être confirmé en tant que délégataire de l'unite N.A sur le périmètre suivant""";Mineur;"Communication du Portail des réserves des armées de la garde nationale.msg,anomalie rejouée en PPROD - Absence désignation untié lorsqu'on créé une délégation.docx"
526820;"01/22/2026 11:25";;"[AAE] ATS : résultat et affichage d'actions différents entre AF et PIL";;;"Corrigé en production";;"07/16/2025 10:00";;;;;;AAE;;s_caumond;ROC-2737;b_poiron_ext;;;;Droits;V7.5;;Majeur;;;V5.4.4;"AF / DEF PIL ";;"DEL PIL :
- gestion des ATS
- sélection nom ""HOCQUARD"" (ID 13912)
- clic sur supprimer
- message d'action réalisée (bandeau vert haut de page) 

AF
- gestion des utilisateurs
-  sélection nom ""HOCQUARD"" (ID : 13912)
- clic sur ""la croix"" dans la liste ATS du credo concerné
- message d'action réalisée (bandeau vert haut de page) 
";"AF - 584 //  DEF PIL Hondermarck - 3082";"DEL PIL :
- L'ATS ""supprimé"" reste visible dans la liste des ATS

AF
- le rôle d'ATS est bien supprimé de la liste des rôle de la personne 

";Majeur;"bug AF supp ATS - 10250715_15h35.PNG,AF_supp ATS role_20250715_15h35.PNG,AF-supp ATS-13912_20250715_15h39.PNG,Suppression ATS.docx"
648717;"01/22/2026 11:25";;"[Paramétrage fonctionnel] Liste ""Ecran porteur du message"" incomplète suite à suppression";;;"Corrigé en production";;"12/01/2025 16:42";;;;;;"DP ROC";;b_poiron_ext;ROC-2723;b_poiron_ext;;;;Connexion;V7.4.2;;Bloquant;;;;;;;;"*Environnement :* Environnement de qualification V7.4.1

*Identifiant :* 4512_utilisateur

*Description :* 

En tant qu'AF, 

Clic sur paramétrage fonctionnel > Autres paramétrages > Messages d'information, 

(On accède aux messages déjà créés sur certains écrans porteurs, dont Page d'accueil hors connexion), 

Je supprime le message sur l'Ecran porteur du message ""Page d'accueil hors connexion"",

Je clique sur + Ajouter un message d'information,

Je complète les éléments, 

Je clique sur le menu déroulant ""Ecran porteur du message""

*Résultat attendu :* L'écran ""Page d'accueil hors connexion"" apparaît

*Résultat obtenu :* 3 résultats uniquement, voir PJ

+Note n°1 :+ Testé en V6.3.3, le comportement est le même 

+Note n°2 :+ J'ai tenté de tout supprimer, et la liste déroulante reste inchangée 

+Note n°3 :+ Ne trouvant aucun moyen de contournement, cette anomalie doit logiquement être qualifiée de bloquante (imaginons qu'un AF supprime en prod le message d'accueil sur la page hors connexion, il ne pourra pas le recréer, ce qui peut être très pénible lors de pages de maintenances, etc...). Toutefois, le LTN Fekete a été mis au courant, et le risque est minime. Cette anomalie peut donc, à mon sens, attendre la V7.5.";;
648719;"01/22/2026 11:25";;"[Volontariat]- Absence de modèle lors de la création d'emploi ";;;"Corrigé en production";;"12/01/2025 16:42";;;;;;"DP ROC";;b_poiron_ext;ROC-2717;b_poiron_ext;;;;Emploi;V7.4.2;;Majeur;;;;;;;;"PPROD 6.3.3 https://pprod-reservistes.intradef.gouv.fr/interne/gestion-engagement/liste-postes

1309_utilisateur /MDP Azertyuiop44!!!

PPROD Qualif 7.4.1 [https://qualif-reservistes.intradef.gouv.fr/interne/gestion-engagement/liste-postes]

1309_utilisateur /MDP Azertyuiop44!!!
 # se connecter avec le REF 1309_utilisateur sur chaque URL
 # Aller dans la gestion des emplois
 # cliquer sur Créer
 # résultat attendu  sur la version 7.4.1 le même que sur la version 6.3.3 c'est à dire en dessous des sélections  on a les onglets modèle et validation
 # Résultat obtenu une différence entre les notamment absence de modèle et de validation dans la version 7.4.1";;
648720;"01/22/2026 11:25";;"[Emploi] Un ADR peut créer un emploi, mais ne peut pas le modifier";;;"Corrigé en production";;"12/01/2025 16:42";;;;;;"DP ROC";;b_poiron_ext;ROC-2716;b_poiron_ext;;;;Emploi;V7.4.2;;Majeur;;;;;;;;"*Environnement :* Env Qualif V7.4.1

*Identifiant :* 10446_utilisateur

*Description :* 

En tant qu'ADR, 

Je crée un emploi, 

Je valide (circuit de validation validé),

Je vais dans les emplois publiés, 

Je trouve l'emploi que je viens de créer, 

Je clique sur l'emploi 

*Résultat attendu :* Avoir les boutons Supprimer ; Désactiver ; Modifier en bas de page

*Résultat obtenu :* Aucun bouton";;
648721;"01/22/2026 11:25";;"[Volontariat] [Emploi]gestion des volontaires sur une fiche de poste";;;"Corrigé en production";;"12/01/2025 16:42";;;;;;"DP ROC";;b_poiron_ext;ROC-2715;b_poiron_ext;;;;Emploi;V7.4.2;;Majeur;;;;;;;;"'+*Titre :*+  [Volontariat] [Emploi]gestion des volontaires sur une fiches de poste

*+Configuration:+*

PPROD  v7.4.1

 

*Identifiants / rôle :*

unité créatrice: OACG000  –> 4672_utilisateur

unité de destination: 067O1GR --> 16884_utilisateur

                              

*+Descriptif :+*

en tant que référent de l'unité 0ACG000 je créé une fiche de poste au profit de l'unité 067O1GR

*Résultat attendu:*

En tant que créateur de la fiche de poste, l'unité OACG000 doit conserver le contrôle sur le recrutement du volontaire.

L'unité pour laquelle le poste a été créé doit uniquement avoir un accès en lecture au recrutement du volontaire.

 

+*Résultat obtenue:*+

L'unité créatrice perd le contrôle de la fiche de poste. Elle ne s'affiche plus dans la gestion des emplois/emplois publiés.

L'unité de destination récupère le contrôle de la fiche de poste, qui devient visible dans la gestion des emplois/emplois publiés.

 

 ++ 

 

 

 

 ";;
648722;"01/22/2026 11:25";;"[Volontariat]- problème de reconnexion avec un volontaire ";;;"Corrigé en production";;"12/01/2025 16:42";;;;;;"DP ROC";;b_poiron_ext;ROC-2708;b_poiron_ext;;;;Emploi;V7.4.2;;Majeur;;;;;;;;"[https://qualif-reservistes.intradef.gouv.fr/interne/login]

Ref 4535_utilisateur ; MDP Azertyuiop44!!!

[https://qualif-reservistes.cloud.defense.gouv.fr/]

{color:#000000}Volontaire / Candidat : [recette.roc+CANHLV_k-a@gmail.com|mailto:recette.roc+CANHLV_k-a@gmail.com]   Mdp Azertyuiop44!!{color}
 # {color:#000000}se connecter avec le volontaire et faire son choix d'emploi côté NP{color}
 # {color:#000000}se connecter avec le REF côté DR {color}
 # {color:#000000}le volontaire a accès à ses blocs pour l'engagement{color}
 # {color:#000000}le volontaire se déconnecte {color}
 # {color:#000000}le volontaire se reconnecte {color}
 # {color:#000000}Résultat attendu  il doit avoir accès à ses blocs {color}
 # {color:#000000}résultat obtenu retour au volontariat {color}";;
648724;"01/22/2026 11:25";;"[Emploi] Page de maintenance lors d'une création d'un emploi, partie NP";;;"Corrigé en production";;"12/01/2025 16:42";;;;;;"DP ROC";;b_poiron_ext;ROC-2693;b_poiron_ext;;;;Emploi;V7.4.2;;Majeur;;;;;;;;"Vu avec [~jmedjo] 

Connexion à l'AF sur l'environnement de qualification NP, cliquer sur gestion des emplois --> créer --> Page de maintenance 

Lors d'un appel avec Johann, celui-ci produit également une erreur. ";;
648725;"01/22/2026 11:25";;"Vivier des candidats - Filtres du tableau du bas KO";;;"Corrigé en production";;"12/01/2025 16:42";;;;;;"DP ROC";;b_poiron_ext;ROC-2691;b_poiron_ext;;;;Candidature;V7.4.2;;Majeur;;;;;;;;"Selon l'explorateur, et selon le PC les filtres ne fonctionnent pas : 
 * Quand je saisie une valeur dans un champ filtre et que je fais entrée/tabulation je devrais n'avoir que les volontaires ayant la valeur du filtre or le filtre ne s'applique pas

Selon le PC le filtre sur le département de résidence, ne fonctionne pas avec Chrome";;
648726;"01/22/2026 11:25";;"[Bourse aux emplois] La card ne reprend pas le bon champs pour le titre de l'offre d'emploi";;;"Corrigé en production";;"12/01/2025 16:42";;;;;;"DP ROC";;b_poiron_ext;ROC-2689;b_poiron_ext;;;;Emploi;V7.4.2;;Mineur;;;;;;;;"Environnement : PPROD V7.4.1

Comportement observé : 
 * Dans la bourse aux emplois, la card affiche l'intitulé ETR du poste et non le titre de l'offre d'emploi

Comportement attendu :
 * Que le titre de l'offre d'emploi soit affiché";;
648728;"01/22/2026 11:25";;"[Candidature] Impossible de modifier / compléter mes données personnelles en tant que candidat";;;"Corrigé en production";;"12/01/2025 16:42";;;;;;"DP ROC";;b_poiron_ext;ROC-2680;b_poiron_ext;;;;Candidature;V7.4.2;;Majeur;;;;;;;;"Environnement : QUALIF V7.4.1

Comportement observé : 
 * Dans ""Données personnelles"", en tant que candidat, je ne peux pas modifier mon numéro de téléphone saisie lors de la création de mon compte et je ne peux pas compléter mon adresse postale

Comportement attendu :
 * Pouvoir compléter / modifier ces informations";;
648729;"01/22/2026 11:25";;"[Volontariat] Absence d'erreur en cas de mauvaise complétion du champs ""Ville de naissance""";;;"Corrigé en production";;"12/01/2025 16:42";;;;;;"DP ROC";;b_poiron_ext;ROC-2677;b_poiron_ext;;;;Candidature;V7.4.2;;Mineur;;;;;;;;"Environnement : QUALIF V7.4

Actions menées et résultat observé : 
 * Clique sur le bouton ""Je suis volontaire""
 * Création de mon compte MDC et réception du mail
 * Complétion de l'ensemble des informations personnelles
 ** Pour le champs ""Ville de naissance"" : complétion sans sélectionner la ville dans la liste déroulante
 * Clique sur le bouton ""Valider""
 * Apparition de la pop-up de prise en compte de l'acte
 * Clique sur ""Poursuivre""
 * Une erreur survient

Résultat attendus : 

- Que le champs ""Ville de naissance"" soit marqué comme invalide s'il n'est pas complété depuis la liste déroulante";;
648730;"01/22/2026 11:25";;"La liste des postes ne peuvent pas être consultés côté DR";;;"Corrigé en production";;"12/01/2025 16:42";;;;;;"DP ROC";;b_poiron_ext;ROC-2669;b_poiron_ext;;;;;V7.4.2;;Majeur;;;;;;;;"Bug détecté MOE : Appel sur le mauvais back empêchant la consultation des postes côté DR.";;
648731;"01/22/2026 11:25";;"[mobilité interne] Erreur 500 dès qu'un référent désactive une offre de mobilité interne";;;"Corrigé en production";;"12/01/2025 16:42";;;;;;"DP ROC";;b_poiron_ext;ROC-2664;b_poiron_ext;;;;Mobilité;V7.4.2;;Majeur;;;;;;;;"*Environnement* : PICSEL v7.4.1

*Comportement observé* : un RO1 candidate à un emploi de mobilité interne (permanent ou temporaire, même erreur pour les deux) et le référent désactive l'offre. Dès que le référent désactive l'offre, l'écran affiche ERREUR 500. Le référent est déconnecté et l'offre n'apparait plus nulle part. Le RO1 ne reçoit pas le mail lui annonçant que l'offre est désactivée.

*Comportement attendu* : le référent désactive une offre, le RO1 qui a candidaté à l'offre reçoit un mail automatique le prévenant de la désactivation de l'offre. L'offre apparait dans ""emplois inactifs"" et peut être réactivée. 

 ";;
648732;"01/22/2026 11:25";;"[Accueil] Les dernières offres d'emploi ne s'affichent pas";;;"Corrigé en production";;"12/01/2025 16:42";;;;;;"DP ROC";;b_poiron_ext;ROC-2663;b_poiron_ext;;;;Connexion;V7.4.2;;Mineur;;;;;;;;"PICSEL V7.4.1

Page d'accueil donc pas d'identifiant 

Sur la page d'accueil, aucune ""dernière offre d'emploi"" ne s'affiche, voir PJ. 

 

Je revérifié, dans le ROC-1155 il est bien précisé : 
 * _En dessous, pour chaque ADS, la dernière offre d'emploi publiée est affichée sous forme de tuile._
 ** _Il est possible de consulter l'offre en cliquant sur ""Consulter""_

 ";;
598012;"01/22/2026 12:12";;"[Contrat]-problème d'édition de contrat d'un réserviste à la limite d'age ";;;Annulé;;"10/07/2025 12:13";;;;;;"DP ROC";;b_poiron_ext;ROC-2310;b_poiron_ext;;;8.3;Contrat;;;Majeur;;;;;;;;"ADR 10446_utilisateur

FE 1113_utilisateur

[43043_reserviste.roc@getnada.com|mailto:43043_reserviste.roc@getnada.com] 

MDP Azertyuiop44!!!
 # se connecter avec un ADR
 # rechercher dans les contrats à renouveler le candidat ""Domek Tracy""
 # initialiser le contrat.
 # se connecter avec le réserviste
 # accepter le renouvellement
 # suivre la procédure jusqu'à la validation par l'ATM
 # se connecter avec la FE (REF 1113_utilisateur)
 # valider la proposition de renouvellement de contrat sur la date limite d'age
 # retourner chez le candidat
 #  valider par la signature

résultat attendu le retour des termes doit mentionner le nombre d'année jusqu'à la limite d'age.

Résultat obtenu: sur le contrat c'est marqué 0 ans";;
648689;"01/22/2026 12:12";;"[Volontariat] Impossible de valider le formulaire des données personnelles si je choisis une ville de naissance sans code postal (ville hors france)";;;"Corrigé en production";;"12/01/2025 16:42";;;;;;"DP ROC";;b_poiron_ext;ROC-2882;b_poiron_ext;;;8.3;Candidature;V7.5.1;;Bloquant;;;;;;;;"Environnement : Validation CAPGEMINI v7.5

Actions menées et résultat observé : 
 * Clique sur le bouton ""Je suis volontaire""
 * Création de mon compte MDC et réception du mail
 * Complétion de l'ensemble des informations personnelles
 * Choisir une ville hors france (Cracovie)
 * Validation du formulaire
 * Erreur de validation demandant de choisir une ville dans la liste

Résultat attendus : 
 - Validation du formulaire avec une ville hors france ";;
648696;"01/22/2026 12:12";;"[Page d'accueil] Erreur dans la pop-up de présentation du parcours Volontariat";;;"Corrigé en production";;"12/01/2025 16:42";;;;;;"DP ROC";;b_poiron_ext;ROC-2819;b_poiron_ext;;;8.3;;V7.5;;Mineur;;;;;;;;"Environnement : PROD

*Ce que je vois :* Lorsque je clique sur ""Je suis volontaire"" sur la page d'accueil ou ""Candidater"" dans un offre d'emploi, la pop-up indique ""Vous allez commencer votre déclaration de volontariat pour candidat à la réserve opérationnelle du Ministère des Armées.
Cette déclaration se décline en 4 étapes""
 
Vous allez commencer votre déclaration de volontariat pour candidat à la réserve opérationnelle du Ministère des Armées.

Cette déclaration se décline en 4 étapes
 * Étape 1: Création de votre compte MinDefConnect
 ** Ce compte vous permettra d'accéder à ROC par la suite
 * Étape 2: Validation et complétion de vos informations personnelles
 * Étape 3: Dépôt de votre CV
 ** Votre CV doit être au format PDF
 * Étape 4: Armée ou appui de préférence
 ** Ce choix est indicatif et permettra d'identifier votre point de contact. Si vous avez des questions sur les armées, directions et services, renseignez-vous préalablement [au lien suivant|https://www.reservistes.defense.gouv.fr/informations-reserve]

*Ce que je veux voir :* 

Vous allez commencer votre déclaration de volontariat pour *{color:#de350b}devenir{color}* candidat à la réserve opérationnelle du Ministère des Armées.

Cette déclaration se décline en 4 étapes
 * Étape 1: Création de votre compte MinDefConnect
 ** Ce compte vous permettra d'accéder {color:#de350b}au site{color} par la suite
 * Étape 2: Validation et complétion de vos informations personnelles
 * Étape 3: Dépôt de votre CV
 ** Votre CV doit être au format PDF
 * Étape 4: Armée ou appui de préférence
 ** Ce choix est indicatif et permettra d'identifier votre point de contact {color:#de350b}(gestionnaire).{color} Si vous avez des questions sur{color:#de350b} les armées ou appuis, vous pouvez vous{color} renseignez-vous préalablement [au lien suivant|https://www.reservistes.defense.gouv.fr/informations-reserve]
 ";;
648700;"01/22/2026 12:12";;"[Accueil ]bouton ""retour"" non fonctionnel";;;"Corrigé en production";;"12/01/2025 16:42";;;;;;"DP ROC";;b_poiron_ext;ROC-2800;b_poiron_ext;;;8.3;;V7.5;;Mineur;;;;;;;;"'+*Titre :*+ [Accueil ]bouton ""retour"" non fonctionnel

*+Configuration:+*

PPROD v7.4.3

 

+*URL :*+ https://pprod-reservistes.cloud.defense.gouv.fr/accueil

 

*+Descriptif :+*

sur le page ""Créer mon compte"" je clique sur le bouton

 

+*Résultat obtenue:*+

pas de redirection sur la page d'Accueil  ""Devenez réserviste""

 

 

*+Résultat attendu:+*

redirection sur la page d'Accueil  ""Devenez réserviste""";;
648704;"01/22/2026 12:12";;"[Emploi] -les fiches de poste en cours de validation n'apparaissent pas";;;"Corrigé en production";;"12/01/2025 16:42";;;;;;"DP ROC";;b_poiron_ext;ROC-2784;b_poiron_ext;;;8.2;Emploi;V7.5;;Majeur;;;;;;;;"*Titre* :[Emploi] -les fiches de poste en cours de validation n'apparaissent pas

*Configuration* : PPROD v7.4.2

*URL* : https://roc-front-dr-rel.picsel.defense.gouv.fr/interne/gestion-engagement/liste-postes/en-cours-creation-validation

*Identifiant :* 12743_utilisateur

*Descriptif* :

la boucle de validation est actif

en tant que Référent je créer une fiche de poste

*Résultat attendu* :

le valideur reçoit le mail de la boucle de validation

en parallèle le référent clique sur l'onglet "" En cours de création/ validation

la fiche de poste est bien présente

une fois que la boucle de validation est terminé la fiche passe dans l'onglet "" Emplois publié""

 

*Résultat obtenu*

le valideur reçoit le mail de la boucle de validation

en parallèle le référent clique sur l'onglet "" En cours de création/ validation

l{color:#de350b}a fiche de poste n'est pas présente{color}

une fois que la boucle de validation est terminé la fiche passe dans l'onglet "" Emplois publié""";;
648707;"01/22/2026 12:12";;"[Calendrier] - activité prioritaireRO1detail non disponible";;;"Corrigé en production";;"12/01/2025 16:42";;;;;;"DP ROC";;b_poiron_ext;ROC-2746;b_poiron_ext;;;8.3;Calendrier;V7.5.1;;Mineur;;;;;;;;"*Titre* :[Calendrier] -activité prioritaire RO1detail non disponible

*Configuration* : PPROD 7.4.1

*URL* : [https://pprod-reservistes.cloud.defense.gouv.fr/reserviste/calendrier]

*Identifiant :* 52403_reserviste.roc@getnada.com

*Descriptif* :

Se connecter avec un RO1 qui a une activité prioritaire

cliquer sur Activité/calendrier

puis sur consulter mon planning

*Résultat attendu* :

dans le calendrier,quand je clique sur  l'activité prioritaire"" le détail devrait s’afficher 

 

*Résultat obtenu*

le détail de l'activité prioritaire ne s'affiche pas";;
648708;"01/22/2026 12:12";;"[volontariat] - problème d'affichage de l'emploi dans le tableau de gestion d'emploi ";;;"Corrigé en production";;"12/01/2025 16:42";;;;;;"DP ROC";;b_poiron_ext;ROC-2745;b_poiron_ext;;;8.3;Emploi;V7.5;;Majeur;;;;;;;;"url :[Création d’un emploi - Réservistes des armées (defense.gouv.fr)|https://roc-front-np-rel.picsel.defense.gouv.fr/interne/poste/creer/publication/1204]
 # se connecter avec l'AF [4512_utilisateur.roc@getnada.com|mailto:4512_utilisateur.roc@getnada.com] MDP; Azertyuiop44!!!
 # aller dans la gestion des emplois
 # appuyer sur créer
 # Remplir les champs et valider l'offre en particulier le code crédo ( à retenir) 
 # renseigner l'adresse de validation
 # connecter vous sur l'adresse que vous avez renseigné à l'étape 5
 # cliquer sur le lien
 # Valider l'offre d'emploi
 # L'emploi est publier , car mise en place de une seule boucle de validation
 # Retourner sur ROC NP  [Création d’un emploi - Réservistes des armées (defense.gouv.fr)|https://roc-front-np-rel.picsel.defense.gouv.fr/interne/poste/creer/publication/1204]
 # Connecter vous avec l'AF , identifiant et MDP fournis à l'étape 1
 # aller de nouveau dans gestion des emplois
 # dans la colonne unité , renseigner le code crédo de l'étape 4
 # Rechercher votre emploi
 # Résultat attendu : dans la colonne emploi du même tableau le titre de l'emploi doit être présent
 # résultat obtenu : description de l'emploi";;
648709;"01/22/2026 12:12";;"[Droits] Suppression d'un ATS";;;"Corrigé en production";;"12/01/2025 16:42";;;;;;"DP ROC";;b_poiron_ext;ROC-2737;b_poiron_ext;;;8.3;Comptes;V7.5.1;;Majeur;;;;;;;;"*URL :* https://reservistes.intradef.gouv.fr/interne/autorite-signataire/liste

*Identifiants / rôle :* 584/AF - 3082/DEL PIL - 10833/PIL

*Descriptif :*
DEL PIL :
 * gestion des ATS
 * sélection 13912
 * clic sur supprimer
 * message d'action réalisée (bandeau vert haut de page)

AF
 * gestion des utilisateurs
 * sélection nom ID : 13912
 * clic sur ""la croix"" dans la liste ATS du credo concerné
 * message d'action réalisée (bandeau vert haut de page)
*Résultat obtenu:*
DEL PIL :
 * L'ATS ""supprimé"" reste visible dans la liste des ATS

AF
 * le rôle d'ATS est bien supprimé de la liste des rôle de la personne
*Résultat attendu:*
DEL PIL :
 * L'ATS ""supprimé"" doit disparaitre dans la liste des ATS";;
648712;"01/22/2026 12:12";;"[Notification] E-mail reçu avec un élément manquant";;;"Corrigé en production";;"12/01/2025 16:42";;;;;;"DP ROC";;b_poiron_ext;ROC-2734;b_poiron_ext;;;8.2;Communication;V7.5;;Mineur;;;;;;;;"*Identifiants / rôle :* 584 / AF - 17329 / DEL PIL - REF / 648 

*Descriptif :*

Désignation en DEL PIL (17329) par l'usager 648 en utilisant le rôle AF.

*Résultat obtenu:*

 
Réception du mail ROC de désignation par l'usager 17329 : il ne contient pas le nom de l'unité.

""Vous venez d'être confirmé en tant que délégataire de l'unite *N.A* sur le périmètre suivant""

 

*Résultat attendu:*

Réception du mail ROC de désignation par l'usager 17329 : il ne contient pas le nom de l'unité.

""Vous venez d'être confirmé en tant que délégataire de l'unite *XXX* sur le périmètre suivant""";;
648713;"01/22/2026 12:12";;"[E-BILLET] Annulation commande e-billet";;;"Corrigé en production";;"12/01/2025 16:42";;;;;;"DP ROC";;b_poiron_ext;ROC-2733;b_poiron_ext;;;8.2;E-billet;V7.5;;Majeur;;;;;;;;"*URL : [https://reservistes.intradef.gouv.fr/interne/mes-deplacements/billets-commandes]*

*Identifiants / rôle :* 510 / REF

*Descriptif :*

Connexion au compte référent, clique sur menu ""déplacements"" ""e-billets commandés"" pour annuler une commande.

*Résultat obtenu:*
Lorsque le référent clique sur ""e-billets commandés"", il n'y a pas de colonne pour annuler la commande.

*Résultat attendu:*

Lorsque le référent clique sur ""e-billets commandés"", il y a une colonne pour annuler la commande.";;
648718;"01/22/2026 12:12";;"Pb sur un personnel à la fois RO1 et RO2 dans ROC";;;"Corrigé en production";;"12/01/2025 16:42";;;;;;"DP ROC";;b_poiron_ext;ROC-2721;b_poiron_ext;;;8.2;Flux;V7.5;;Majeur;;;;;;;;"Nous rencontrons une erreur sur un personnel qui est à la fois RO1et RO2 dans ROC .

Les ID techniques pour les statuts RO1 et RO2 sont différents.

Après analyse des flux SIRH entrants, aucune erreur ne s'est produite pour l'import de ce personnel.

Les noms, prénoms, NID et date de naissance sont identiques.

Quels sont les champs qui une fois modifiés vont initier une création d'un ID différent au lieu d'une modification ?

Pouvez vous investiguer sur ce bug ?";;
648740;"01/22/2026 12:12";;"Optimisation des performances tableau activité";;;"Corrigé en production";;"12/01/2025 16:42";;;;;;"DP ROC";;b_poiron_ext;ROC-2627;b_poiron_ext;;;8.2;Activités;V7.5;;Majeur;;;;;;;;"*Optimisations :*
 * Améliorer la requête partagée par les activités ""A convoquer / A conduire / A cloturer / A évaluer / A signer""
 * Améliorer la requête des activités ""Passées""
 * modifier la configuration MariaDB : {{sort_buffer_size: 67108864 # 64M}}

*Eléments techniques :*
 * La jointure avec les sollicitations refusées génère environ 80% de la latence de la requête
 * De part la quantité de données et lignes manipulées il est également demandé de vérifier les configurations du serveur MariaDB";;
648764;"01/22/2026 12:12";;"Filtre ""ADS"" avec valeur ""TER"" ne fonctionne pas correctement";;;"Corrigé en production";;"12/01/2025 16:42";;;;;;"DP ROC";;b_poiron_ext;ROC-2531;b_poiron_ext;;;8.1;;V7.5;;Majeur;;;;;;;;"Sur PICSEL intégration, dans les activités ""à convoquer"" le filtre ADS ne fonctionne pas correctement pour l'armée de terre (valeur ""TER"").

Pas de lignes retournées dans le datatable ou lignes ne correspondant pas à la recherche ""TER"".

En revanche, ça fonctionne pour les autres ADS (MER, SSA, AAE, SEO ...).";;
648770;"01/22/2026 12:12";;"[ACTIVITE] - Visualisation des activités dans les onglets du bloc ""activités""";;;"Corrigé en production";;"12/01/2025 16:42";;;;;;"DP ROC";;b_poiron_ext;ROC-2463;b_poiron_ext;;;8.2;Activités;V7.5;;Majeur;;;;;;;;"*URL : [https://www.reservistes.defense.gouv.fr/interne/activites/designer/liste]*

*Identifiants / rôle :* référent : 2716 - délégataire : 819 et 6750

*Descriptif :*

Dans le bloc ""activités"" en cliquant sur l'onglet ""A convoquer"" le compteur indique des activités mais ne sont pas visibles avec le message ""aucune donnée disponible dans le tableau"".

*Résultat obtenu:*
Cf pièce-jointe: Visualisation des activités pré-production V6.3.2.docx

*Résultat attendu:*

Cf pièce-jointe: Visualisation des activités pré-production V6.3.2.docx";;
648788;"01/22/2026 12:12";;" [Calendrier] -Gestionnaire- la disponibilité par période retourne une erreur 500";;;"Corrigé en production";;"12/01/2025 16:42";;;;;;"DP ROC";;b_poiron_ext;ROC-2332;b_poiron_ext;;;8.3;Activités;V7.5;;Majeur;;;;;;;;"'+*Titre :*+ [Activités] - Gestionnaire -la disponibilité par période retourne une page de maintenance

*+Configuration:+* détection :PPROD v6.3.1

                          présent sur PICSEL v6.3.2 et v7.2

+*URL :*+

{*}Identifiants / rôle :{*}REF  12743_utilisateur

 

*+Descriptif :+*

le REF se connecte avec succès

cliquer sur Activités/Calendrier - Disponibilités par période 

Sélectionner une date de début et de fin, cliquer sur rechercher

cliquer sur "" Créer une activité avec les réservistes disponible""

 

{+}{*}Résultat obtenu:{*}
erreur 500

https://pprod-reservistes.intradef.gouv.fr/interne/activites/creer/depuis-disponibilites/625d8fdabc30c97359570cf3b27f378.fim0IH02X0b4S3RbpgdMpTM9FjhQNOGgXSDeTfXF6L4.D1uMFDN_CTbMFD4hwD4Zz3dIc08PQbLlB3euPoToudode9Z5SHsKM7YcIQ?dateDebut=2025-09-01&dateFin=2025-09-30

*+Résultat attendu:+*



redirection vers la page ""je crée un activité"" présence du message de succès ""L'activité a bien été créée. Les réservistes disponibles sur la période sélectionnée ont déjà été ajoutés.""





 ";;
648815;"01/22/2026 12:12";;"[Calendrier] : AF (NP sans ISPT) a une attente infini lors de la consultation du calendrier";;;"Corrigé en production";;"12/01/2025 16:42";;;;;;"DP ROC";;b_poiron_ext;ROC-2124;b_poiron_ext;;;8.3;Calendrier;V7.5.1;;Majeur;;;;;;;;"*Titre* : [Calendrier] : AF (NP sans ISPT) a une attente infini lors de la consultation du calendrier

*Configuration* : Production NP sans ISPT

*URL* : [https://www.reservistes.defense.gouv.fr/interne/calendrier] 

*Identifiant :* AF en production

 

*Descriptif* :
 # Connexion AF machine NP sans ISPT (avec FireFox ou Edge) (MDC avec code OTP)
 # Cliquer sur la tuile Calendrier : *{color:#de350b}attente infini pas de réponse{color}*
 # Il est possible de faire Retour arrière du navigateur pour continuer la navigation sans problème: l'utilisateur est toujours connecté

Erreur js à ce niveau [https://www.reservistes.defense.gouv.fr/build/calendrierUtilisateur.js?v=5.4.4]


calendrier:1 {color:#de350b} Uncaught (in promise) SyntaxError: Unexpected end of JSON input{color}
    at JSON.parse (<anonymous>)
    at calendrierUtilisateur.js?v=5.4.4:2:39552
    at d (calendrierUtilisateur.js?v=5.4.4:2:31365)
    at Generator.<anonymous> (calendrierUtilisateur.js?v=5.4.4:2:32707)
    at Generator.next (calendrierUtilisateur.js?v=5.4.4:2:31794)
    at b (calendrierUtilisateur.js?v=5.4.4:2:38955)
    at l (calendrierUtilisateur.js?v=5.4.4:2:39158)



+*Résultat attendu* :+ 
L'AF doit pouvoir accéder au calendrier avec une réponse de l'application

 

+*Résultat obtenu :*+ 
La page du calendrier ne répond jamais lorsque l'AF consulte le calendrier

+*Remarques:*+ 
reproduit systématiquement sur plusieurs machines et tout navigateur après vidage du cache";;
648816;"01/22/2026 12:12";;"[Activité] Erreur 500 après la modification d'une date lors d'une activité de régularisation";;;"Corrigé en production";;"12/01/2025 16:42";;;;;;"DP ROC";;b_poiron_ext;ROC-2123;b_poiron_ext;;;8.1;Activités;V7.5;;Majeur;;;;;;;;"Environnement : Anomalie produite sur DR, sur PICSEL V6.3. Je reproduis ce comportement en V5.4.4 partie DR sur PICSEL. 

Identifiant : PIL : 1377_utilisateur ; RO1 : 223752_reserviste

Description : [Anomalie produite le 25/07] En tant que pilote, je créée une activité de régularisation le 22/07 (3j avant), en sélectionnant le CREDO ""14 juillet"".

Le SI me prévient bien que c'est une activité de régularisation. Je valide.

J'arrive sur la finalisation de l'activité, j'entre le code activité BSPP renfort opérationnel.

Je sélectionne le RO1 223752 par le biais de son adresse mail.

Dans l'onglet ""Validation de la clôture"", je change les dates de début en mettant le 03/07/2025 comme date de début et de fin (voir PJ). 

Je coche non à la demande de validation. 

Je clique sur valider. 

Résultat attendu : Passer à la prochaine étape (à signer)

Résultat obtenu : Erreur 500";;
648818;"01/22/2026 12:12";;"[Calendrier] Disponibilité sur le calendrier";;;"Corrigé en production";;"12/01/2025 16:42";;;;;;"DP ROC";;b_poiron_ext;ROC-2082;b_poiron_ext;;;8.3;Calendrier;V7.5.1;;Mineur;;;;;;;;"'+*CAS N°1*+

En tant que réserviste, je peux déclarer une disponibilité dans mon calendrier.
Connectée sur un internet avec un RO1 (281125_reserviste.roc@getnada.com)  
Je clic sur le calendrier /reserviste/calendrier
Puis je clic sur ""Gérer mes disponibilités"", une popup s'ouvre et je saisie mes dispo, je clic sur ""Ajouter une disponibilité"".
La pop up se ferme et j'ai un message de réussite ""Vos disponibilités ont été ajoutées au calendrier.""

+*Résultat obtenu :*+ 
Mon calendrier s'affche sans changement et je ne vois pas l'attendu mentionné ici ROC-773 [TNR][Calendrier] - Gestionnaire - Affichage des disponibilités - Jira CI

+*Résultat attendu :*+ 
Un point vert mentionne ma disponibilité

+*CAS N°2*+

Je me connecte maintenant sur intradef avec un pilote qui a le réserviste dans son périmètre, je me rend sur le calendrier. 

+*Résultat obtenu :*+ 
Je reste à 0/0/0

+*Résultat attendu :*+
Je passe à 0/0/1 (ou autre en fonction de son grade)

PI : 
Avec le pilote en utilisant les filtres, je vois la dispo de mon réserviste";;
648843;"01/22/2026 12:12";;" [Calendrier] Cliquer sur 2 dates ne remplit pas automatiquement le champ des disponibilités";;;"Corrigé en production";;"12/01/2025 16:42";;;;;;"DP ROC";;b_poiron_ext;ROC-1985;b_poiron_ext;;;8.3;Calendrier;V7.5;;Mineur;;;;;;;;"*Titre* :  [Calendrier] Cliquer sur 2 dates ne remplit pas automatiquement le champ des disponibilités

*Configuration* : Pprod V.5.4.1

*Identifiant* :

RO1 remplissant ses dispos : 14291_reserviste

*Descriptif :* En tant que RO1, je clique sur le bloc calendrier, je clique sur 2 dates (premier clic : 23 juillet, deuxième clic : 27 juillet)

*Résultat attendu :* Le pop up de dispo/indispo s'ouvre avec les deux dates sélectionnées

*Résultat obtenu :* Le pop up s'ouvre sans date sélectionnées";;
648844;"01/22/2026 12:12";;"[Calendrier] - activité prioritaire proposé RO1 non visible";;;"Corrigé en production";;"12/01/2025 16:42";;;;;;"DP ROC";;b_poiron_ext;ROC-1982;b_poiron_ext;;;8.3;Calendrier;V7.5.1;;Mineur;;;;;;;;"*Titre* : [Calendrier] - activité prioritaire proposé RO1 non visible

*Configuration* : PPROD 7.4.1

*URL* : [https://pprod-reservistes.cloud.defense.gouv.fr/reserviste/calendrier]

*Identifiant :* 52403_reserviste.roc@getnada.com

*Descriptif* :

Se connecter avec un RO1 qui a une activité prioritaire proposée

cliquer sur Activité/calendrier

puis sur consulter mon planning

*Résultat attendu* :

dans le calendrier, a la date de l'activité la proposition de l'activité prioritaire"" devrait être présente 

 

*Résultat obtenu*

la proposition de l'activité prioritaire n'est pas présente.

seulement une fois que le réserviste est inscrit a l'activité celle ci apparait dans le calendrier avec une cartouche orange";;
648845;"01/22/2026 12:12";;"[Calendrier] - activité prioritaire RO2 non visible";;;"Corrigé en production";;"12/01/2025 16:42";;;;;;"DP ROC";;b_poiron_ext;ROC-1981;b_poiron_ext;;;8.3;Calendrier;V7.5;;Mineur;;;;;;;;"*Titre* : [Calendrier] - activité prioritaire RO2 non visible

*Configuration* : PPROD 5.4.1

*URL* : [https://pprod-reservistes.cloud.defense.gouv.fr/reserviste/calendrier]

*Identifiant :* 206591_reserviste.roc@getnada.com

*Descriptif* :

Se connecter avec un RO2 qui a une activité prioritaire proposée

cliquer sur Activité/calendrier

puis sur consulter mon planning

*Résultat attendu* :

dans les filtres la cartouche orange ""activité prioritaire devrait être présente

dans le calendrier, a la date de l'activité une cartouche orange"" activité prioritaire"" devrait être présente 

 

*Résultat obtenu*

pas de cartouche orange , ni dans les filtres ni dans le calendrier a la date de l'activité 

a aucun moment l'activité est visible dans le calendrier";;
648881;"01/22/2026 12:12";;"Impossibilité de supprimer une délégation de REF en tant que AF";;;"Corrigé en production";;"12/01/2025 16:42";;;;;;"DP ROC";;b_poiron_ext;ROC-1800;b_poiron_ext;;;8.2;Droits;V7.5;;Mineur;;;;;;;;"Titre : Impossibilité de supprimer une délégation de REF en tant que AF

Configuration : PROD V4.20.07 et PPROD V4.20.0.8

URL : [https://pprod-reservistes.intradef.gouv.fr/interne/admin/utilisateurs/gestionnaires/[utilisateur_id]/modifier]

Descriptif :

Avec un AF:
 # Je clique sur ""Gérer les comptes""
 # Je sélectionne un référent possédant un délégataire
 # Je supprime le délégataire du référent via le tableau ""Gestion des délégataires""

Résultat attendu :

Le délégataire est supprimé et je reste sur la page de gestion du profil du référent

Résultat obtenu :

Le délégataire n'est pas supprimé. L'AF est redirigé vers la page de gestion de ses délégataires et un message d'erreur apparait ""Une erreur s'est produite lors de la suppression de la délégation""

Résumé des commentaires : 

Grisé le bouton dans ce cas car seul le créateur peut supprimer une délégation 
Le message en tooltips doit être : ""Vous n'avez pas les droits de suppression, seul la personne à l'origine de la création de la délégation peut supprimer le délégataire""";;
648894;"01/22/2026 12:12";;"[Activité] RO1 : l'affichage de la liste des convoqués s'ouvre dans un nouvel onglet du navigateur";;;"Corrigé en production";;"12/01/2025 16:42";;;;;;"DP ROC";;b_poiron_ext;ROC-1671;b_poiron_ext;;;8.2;Activités;V7.5;;Mineur;;;;;;;;"|*Ticket JIRA N°*| |
|   *Environnement/ Version*|Production v4.20.0.7 NP full internet (avec ou sans ISPT)
PC Windows 11 PRO FR + Firefox FR - NP
iPhone 18.4.1 FR + Safari FR - NP
 |
|   *Titre de l'anomalie*|RO1 : l'affichage de la liste des convoqués s'ouvre dans un nouvel onglet du navigateur|
|   *Url*|[https://www.reservistes.defense.gouv.fr/reserviste/mes-activites/activites-validees/1916567|https://www.reservistes.defense.gouv.fr/reserviste/mes-activites/ordre-convocation/1848102]
 |
|   *Acteur*|RO1|
|   *Identifiants*|alexandre.courreur|
|   *Mot de passe*| |
|   *Anomalie*|Mineure|
|   *Configuration*|Safari FR / FireFox FR full update|
|   *Bloc*|Activités|
|   D{*}escription{*}|En v4.20.0.7 l'affichage de la liste des convoqués s'ouvre dans un nouvel onglet
 
Scenario: consulter l'activité ci-dessous
 
[https://www.reservistes.defense.gouv.fr/reserviste/mes-activites/activites-validees/1916567|https://www.reservistes.defense.gouv.fr/reserviste/mes-activites/1848102/passee]
 
Cliquer sur Afficher la liste des convoqués : NOK
=> un autre onglet du navigateur s'ouvre
 
[https://www.reservistes.defense.gouv.fr/reserviste/mes-activites/1916567/designes]

 
 => Ce fonctionnement n""était pas présent en v4.18.2.3|
|   *Résultat attendu*|L'affichage de la liste des convoqués ne doit pas s'ouvrir dans un nouvel onglet de navigateur|";;
648923;"01/22/2026 12:12";;"[Calendrier] Gestionnaire - Impossible de voir les disponibilités d'un réserviste via filtre";;;"Corrigé en production";;"12/01/2025 16:42";;;;;;"DP ROC";;b_poiron_ext;ROC-1355;b_poiron_ext;;;8.1;Calendrier;V7.5;;Mineur;;;;;;;;"|ronnement/ Version|PREPRODUCTION V4.20.0.5|
|Titre de l'anomalie|[Calendrier] Gestionnaire - Impossible de voir les disponibilités d'un réserviste via filtre|
|Url|[https://pprod-reservistes.cloud.defense.gouv.fr/interne/calendrier]|
|Acteur|REF|
|Identifiant|[16442_utilisateur.roc@getnada.com|mailto:16442_utilisateur.roc@getnada.com]|
|Mot de passe|Azertyuiop44!!!|
|Anomalie|Mineure|
|Configuration|PC BUREAU Interne Chrome|
|Bloc|Calendrier|
|Description|Lorsque le gestionnaire souhaite savoir les disponibilités d'un réserve via le filtre, rien ne s'affiche dans le calendrier même si ce dernier est disponible|
|Copie d'écran| |";;
648931;"01/22/2026 12:12";;"Erreur d'affichage du workflow si refus réserviste";;;"Corrigé en production";;"12/01/2025 16:42";;;;;;"DP ROC";;b_poiron_ext;ROC-1303;b_poiron_ext;;;8.2;Contrat;V7.5;;Mineur;;;;;;;;"|*Ticket JIRA N°*| |
|   *Environnement/ Version*|PPROD V4.20.0.5|
|   *Titre de l'anomalie*|Erreur d'affichage du workflow si refus réserviste|
|   *Url*|[https://pprod-reservistes.intradef.gouv.fr/interne/login|https://pprod-reservistes.intradef.gouv.fr/interne/mes-contrats/reserviste/177748]
 |
|   *Acteur*|ADR|
|   *Identifiants*|*12591_utilisateur*|
|   *Mot de passe*|Azertyuiop44!!!|
|   *Anomalie*|Mineur|
|   *Configuration*|Poste INTRADEF FIREFOX ET EDGE|
|   *Bloc*|Contrat|
|   *description*|Lorsque le réserviste refuse le renouvellement, c'est l'icône ""initialisation"" qui passe en rouge au lieu de l'icône ""avis réserviste"".|
|   *Résultat attendu*|L'icône 'initialisation"" doit rester en vert. L'icône ""avis réservsite"" doit passer en rouge avec affichage de la date.|
|   *Copies d'écran*| |";;
648951;"01/22/2026 12:12";;"[Activités] - Pas de mail quand un réserviste ne participe pas à une activité";;;"Corrigé en production";;"12/01/2025 16:42";;;;;;"DP ROC";;b_poiron_ext;ROC-1253;b_poiron_ext;;;8.3;Activités;V7.5;;Mineur;;;;;;;;"*Titre* : [Activité] - Pas de mail quand un réserviste ne participe pas à une activité

*Configuration* : PIC v5.1

*URL* :

*Description :* 

Se connecter avec un RO1 qui a une activité proposée

Cliquer sur l'activité

Cliquer sur le bouton ""Je ne pourrai pas participer""

Cliquer sur le bouton ""Confirmer""

Aller sur la boite mail du créateur de l'activité

*Résultat attendu* :

Mail: 

Le réserviste [Grade][Prénom][Nom] ne peut pas participer à l'activité qui aura lieu du [DATE_DEBUT_ACTIVITE] au [DATE_FIN_ACTIVITE] à [LIEU_ACTIVITE]

*Résultat obtenu* :

Pas de mail";;
568045;"01/22/2026 12:12";;"[SSA] - contrat signé vierge le lendemain du téléversement ";;;Annulé;;"09/12/2025 09:12";;;;;;SSA;;c_dulaurans;ROC-2345;b_poiron_ext;;;9.1;Contrat;;;Majeur;"Poste Intradef";https://reservistes.intradef.gouv.fr/interne/mes-contrats/reserviste/96315;V5.4;"Délégataire ADR, ";11/10/2025;"Le réserviste a téléversé son contrat signé dans son espace le 11/09/2025.";;" le même jour, que l'action du réserviste, le délégataire de l'ADR a téléchargé le contrat signé. La signature du réserviste est bien visible dans ce contrat. Le lendemain, le délégataire de l'ADR , télécharge de nouveau le contrat signé, celui-ci ne fait plus apparaitre la signature, c'est un contrat vierge. Le contrat signé ne sera plus jamais visible à l'issue. 
Même résultat avec d'autres dossier. ";Bloquant;CONTRAT_POIREL_20250911.docx
648714;"01/22/2026 12:12";;"[Contrats]- tris sur les fin de contrats pas conforme ";;;Annulé;;"12/01/2025 16:42";;;;;;"DP ROC";;b_poiron_ext;ROC-2732;b_poiron_ext;;;9.2;Contrat;;;Mineur;;;;;;;;"url [https://qualif-reservistes.intradef.gouv.fr/interne/mes-contrats/liste-reservistes/contrats-a-renouveler]
 # Se connecter avec l'ADR 10446_utilisateur , MDP Azertyuiop44!!!
 # aller dans contrat à renouveler
 # faire un filtre en cliquant sur les flèches de de la colonne ""fin de ESR""
 # Résultat attendu : il doit faire un filtre par rapport à la date et faire un classement soit par ordre croissant ou décroissant
 # Résultat obtenu filtre par rapport au jour et classement par rapport à ce dernier";;
648699;"01/22/2026 12:12";;"problème lors du traitement du CRON : roc:activites:flux-envoi ";;;Annulé;;"12/01/2025 16:42";;;;;;"DP ROC";;b_poiron_ext;ROC-2806;b_poiron_ext;;;8.3;;;;Mineur;;;;;;;;"Réception du message d'erreur du traitement du cron

vérification des logs : pas d'erreur apparente

J'ai caractérisé le bug en bloquant - Il pourra être revu à la baisse en fonction de votre analyse";;
648785;"01/22/2026 12:12";;"[Contrat]- Signature de l'ESR validée par le RO1 et l'ATM veut contresigner et ne voit rien ";;;Annulé;;"12/01/2025 16:42";;;;;;"DP ROC";"bugs #648785";b_poiron_ext;ROC-2345;b_poiron_ext;;;9.1;;;;Majeur;;;;;;;;"PPROD

NP [https://pprod-reservistes.cloud.defense.gouv.fr/]

DR  [https://pprod-reservistes.intradef.gouv.fr/interne/login]

RO1 : [5409_reserviste.roc@getnada.com|mailto:5409_reserviste.roc@getnada.com]  (Hsiu BORGSTROM)

ADR : 17055_utilisateur

Poste intradef / Firefox
 # se connecter en tant qu'ADR
 # aller dans contrat à renouveler
 # sélectionner le réserviste en question 
 # se connecter avec le réserviste sur le PPROD internet
 # Le RO1 a édité son contrat vierge (pas de signature), dans Acrobat Reader, il saisit la date et le signe. Enregistre le fichier pdf « Esr_signe_3828.pdf ».

 # Se connecter avec l'ADR sur intradef et aller dans les contrats en cours de renouvellement
 # Sélectionner le réserviste
 # télécharger l'ESR du réserviste et contresigné avec l'ADR

Résultat  attendu l'ADR voit le contrat téléversé par le réserviste signé et peut contre signé

Résultat obtenu Deux jours après le fichier téléversé et signé par le réserviste:  l'ADR télécharge le fichier et ne voit le fichier Vierge (sans signature)";;
648706;"01/22/2026 12:12";;"[Contrat]- Problème sur le refus de renouvellemement du contrat par le RO1";;;Annulé;;"12/01/2025 16:42";;;;;;"DP ROC";;b_poiron_ext;ROC-2772;b_poiron_ext;;;9.2;;;;Majeur;;;;;;;;"V7.4.2

URL : [https://pprod-reservistes.intradef.gouv.fr/interne/mes-contrats/reserviste/89822]

DEL ADR 14492_utilisateur ; Mdp Azertyuiop44!!!

RO1 231604_reserviste
 # Se connecter avec le DEL ADR
 # aller dans contrat à renouveller
 # sélectionner le réserviste
 # arriver sur la fiche du réserviste
 # Message sur cette page « le réserviste ne souhaite pas renouveler son contrat » alors que l’icône « avis réserviste »
 # Résultat attendu : l’icône « avis réserviste » doit être en rouge, la FE dois avoir l'icône en bleu et le contrat doit basculer en en cours de renouvellement 

 # Résultat obtenu : l’icône « avis réserviste » est en vert et l'icône de la FE est en ROUGE. La FE semble avoir émis un avis défavorable car l’icône est en rouge, alors que si le réserviste refuse le renouvellement de contrat, la FE ne doit pas pouvoir émettre un avis. Le contrat bascule à ""renouveler""

 ";;
648705;"01/22/2026 12:12";;"[Contrat]- Notifications figées ";;;Annulé;;"12/01/2025 16:42";;;;;;"DP ROC";;b_poiron_ext;ROC-2774;b_poiron_ext;;;9.2;;;;Mineur;;;;;;;;"URL : [https://pprod-reservistes.intradef.gouv.fr/interne/accueil-choix-bloc]

ADR : 10446_utilisateur ; MDP Azerty44!!!

Version 7.4.2
 # Se connecter avec un ADR
 # Observer les notifications
 # se déconnecter
 # Se reconnecter avec l'ADR
 # Observer à nouveau les notifications
 # Résultat attendu : évolution des notifications
 # Résultat obtenu : les notifications restent figées";;
648711;"01/22/2026 12:12";;"[Volontariat]- problème de création de fiche d'emploi sur NP avec un AF ";;;Annulé;;"12/01/2025 16:42";;;;;;"DP ROC";;b_poiron_ext;ROC-2735;b_poiron_ext;;;9.2;Emploi;;;Majeur;;;;;;;;"url :[Création d’un emploi - Réservistes des armées (defense.gouv.fr)|https://roc-front-np-rel.picsel.defense.gouv.fr/interne/poste/creer/publication/1204]
 # se connecter avec l'AF [4512_utilisateur.roc@getnada.com|mailto:4512_utilisateur.roc@getnada.com] MDP; Azertyuiop44!!!
 # aller dans la gestion des emplois
 # appuyer sur créer
 # Remplir les champs et valider l'offre
 # renseigner l'adresse de validation 
 # connecter vous sur l'adresse de l'AF,
 # cliquer sur le lien
 # Valider
 # Résultat actuel erreur 404
 # résultat attendu : validation avec succès et publication de l'offre car la double validation n'a pas été activée.";;
648697;"01/22/2026 12:12";;"[Activité] ATS non visible par un AF";;;"Corrigé en production";;"12/01/2025 16:42";;;;;;"DP ROC";;b_poiron_ext;ROC-2818;b_poiron_ext;AAE;;8.3;Activités;V7.5;;Majeur;;;v7.4.3;;;;;"*Identifiants / rôle :* AF : 18634, 17661, 584, 15086 - REF : 19213, DEL REF : 15333, ATS : 19483

Activité : 2303376, Créateur de l'activité : 15333, Nom de celui qui a clôturé l'activité : 15333

Code autorité : EMA22001, Code de l'activité : 747 , RO1 : 240531

*Descriptif :*

Lors de la clôture de l'activité 2303376, je souhaite mettre à la signature l'ATS 19483.

*Résultat obtenu:*

En tant que AF 18634, 584 ou 15086, je ne peux pas sélectionner l'ATS 19483.

En tant que AF 17661, je peux sélectionner l'ATS 19483.

*Résultat attendu:*

En tant que AF 18634, 17661, 584, 15086, je peux sélectionner l'ATS 19483.

*Commentaire :*

Il n'est pas possible de rejouer cette anomalie en pré-prod car il n'est pas possible d'identifier ATS au moment de la sélection de l'ATS dans le menu déroulant.

S'il vous manque des informations pour rejouer cette anomalie. Vous pouvez me contacter directement.

J'ai d'autres exemples d'activité où la cinématique est identique :

2303369,2309014,2303286,2293128,2072233,2072234,2072232,2072231,2072230,2072229,2072228";;
650158;"01/22/2026 12:12";;"Absence de flux activité";;;"Corrigé en production";;"12/02/2025 15:42";;;;;;"DP ROC";;b_poiron_ext;ROC-2883;b_poiron_ext;;;9.1;Env.;V7.5.3;;Majeur;;;v7.4.3;;;;;"Il n'y a pas de flux activité aujourd'hui.

A priori il n'y a pas de saturation sur les espaces disques.";;
598652;"01/22/2026 12:26";;"[MOE] -[communication massive]- envoi de message des A.ADS, non reçu par tous les profils de l'ADS";;;"Corrigé en production";;"10/07/2025 16:06";;;;;;"DP ROC";;b_poiron_ext;ROC-1926;b_poiron_ext;ADT,AAE;;;Communication;V5.4.2;;Bloquant;;;;;;;;" 

Titre : [communication massive] envoi de message des A.ADS, non reçu par tous les profils de l'ADS

Configuration : V5.4.1

Identifiant :

URL :   recette, intradef

Descriptif :

Lorsqu'un A.ADS envoi un message à tous les profils du même ADS

Résultat attendu :

le message arrive à tous les profils

Résultat obtenu :

Pas de reception de message à toutes les profils du même ADS";;
648733;"01/22/2026 12:26";;"[Profil ADR]- Problème de Désactivation et de réinitialisation du compte ";;;"Corrigé en production";;"12/01/2025 16:42";;;;;;"DP ROC";;b_poiron_ext;ROC-2662;b_poiron_ext;;;;;V7.4.2;;Majeur;;;;;;;;"Plateforme PICSEL

[Connexion à votre espace - Réservistes des armées (defense.gouv.fr)|https://roc-front-dr-rel.picsel.defense.gouv.fr/interne/roc/login]

Profil AF 4512_utilisateur; MDP: Azertyuiop44!!!
 # Se connecter avec cet AF 
 # Aller dans l'onglet ""gestion""
 # Choisir Gestion des utilisateurs
 # Dans le tableau filtrer sur la colonne rôle Administrateur  ADS
 # cliquer sur l'utilisateur roc-picsel.test-a-ads
 # faire défiler et cliquer sur réinitialiser le compte
 # résultat attendu "" le compte a été bien réinitialisé"" et l'utilisateur reçoit un mail.
 #  résultat actuel ERREUR 408
 # faites un retour
 # cliquer sur le bouton désactiver le compte
 # Cliquer après sur activer le compte
 # Résultat attendu :un message "" le compte a été bien activé""
 # Résultat actuel : un message ""le compte ""identifiant de l'utilsateur"" a été désactivé
 # De plus sur la liste des utilisateur , A-ADS apparait toujours inactif";;
648734;"01/22/2026 12:26";;"[PROFIL - AADS]- Non réception du MDP après création du compte ";;;"Corrigé en production";;"12/01/2025 16:42";;;;;;"DP ROC";;b_poiron_ext;ROC-2661;b_poiron_ext;;;;;V7.4.2;;Majeur;;;;;;;;"PICSEL: AF 4512_utilisateur ; MDP Azertyuiop44!!!

[Choix fonctionnalités - Réservistes des armées (defense.gouv.fr)|https://roc-front-dr-rel.picsel.defense.gouv.fr/interne/accueil-choix-bloc]
 # Se connecter avec l'AF
 # Aller sur l'onglet gestion puis sélectionner gestion des utilisateurs
 # cliquer sur le bouton ""ajouter un utilisateur""
 # renseigner les champs et choisir dans la liste de rôle "" Administrateur ADS""
 # Valider les actions
 # Si erreur corriger et valider ensuite
 # Un message est envoyé à votre adresse intradef que vous avez renseigné
 # Résultat attendu le mail avec le mdp pour se connecter
 # Résultat actuel: un QR code et pas de mot de passe";;
648735;"01/22/2026 12:26";;"Le QR Code pour les postes et modèles postes est mal géré";;;"Corrigé en production";;"12/01/2025 16:42";;;;;;"DP ROC";;b_poiron_ext;ROC-2656;b_poiron_ext;;;;;V7.4.2;;Mineur;;;;;;;;"Les QR Codes des offres d'emploi ne s'affichent pas correctement, car ils font référence au QR Code du modèle de poste associé au poste.
Une inversion de certaines routes est présente depuis avant Avril 2014.
Il faut remédier rapidement ce point.";;
648736;"01/22/2026 12:26";;"[Volontariat] Le message saisie dans le champ ""Motif de l'alerte"" ne persiste pas une fois l'alerte envoyée";;;"Corrigé en production";;"12/01/2025 16:42";;;;;;"DP ROC";;b_poiron_ext;ROC-2635;b_poiron_ext;;;;Candidature;V7.4.2;;Mineur;;;;;;;;"Environnement : PICSEL V7.4

Comportement observé : 
- Lorsque je réalise une alerte sur un candidat, je renseigne le motif et valide l'envoi de l'alerte
 * Si je retourne sur le bloc depuis lequel j'ai lancé l'alerte, le motif n'est plus affiche dans le champ ""Merci de bien vouloir indiquer les motifs de votre alerte""

Comportement attendu : 
- Le motif doit persister";;
648737;"01/22/2026 12:26";;"[Emploi] Un délégataire ne reçoit pas de mail de validation de l'offre d'emploi";;;"Corrigé en production";;"12/01/2025 16:42";;;;;;"DP ROC";;b_poiron_ext;ROC-2634;b_poiron_ext;;;;Emploi;V7.4.1;;Majeur;;;;;;;;"*Environnement :* PICSEL V7.4

*Identifiant :* DEL REF 6077_utilisateur ; DEL PIL 9724_utilisateur

*Description :* 

En tant que délégataire (ref ou pil), 

Je créée une offre d'emploi,

Je l'envoie en validation emploi (puis gestion)

--

En tant que valideur (gestion et emploi), 

Je valide l'offre d'emploi 

*Résultat attendu :* Le délégataire reçoit un mail le prévenant concernant la validation de l'offre d'emploi.

*Résultat obtenu :* Le délégataire ne reçoit aucun de mail. En revanche, le référent/pilote auquel le délégataire est rattaché reçoit un mail (voir PJ, dans mon cas, c'est 2693 qui a reçu le mail de validation, soit le référent auquel le délégataire est rattaché)";;
648738;"01/22/2026 12:26";;"[Emploi] La création d'emploi par un DEL REF ne fonctionne pas";;;"Corrigé en production";;"12/01/2025 16:42";;;;;;"DP ROC";;b_poiron_ext;ROC-2632;b_poiron_ext;;;;Emploi;V7.4.1;;Majeur;;;;;;;;"*Environnement :* PICSEL V7.4

*Identifiant :* REF : 2693_utilisateur ; DEL_REF : 6077_utilisateur

*Description :* 

En tant que DEL REF, 

Je créée un emploi de bout en bout, 

Je valide côté emploi,

Je valide côté gestion.

*Résultat attendu :* L'emploi se créée et est affiché sur le tableau de gestion des emplois du DEL REF et du REF 

*Résultat obtenu :* Absence de création de l'emploi, qui n'apparait ni pour l'AF, ni pour le REF, ni pour le DEL REF (je vous mets en PJ le tableau du DEL REF)";;
648739;"01/22/2026 12:26";;"[mobilité interne] dans gestion des demandes les demandes reçues ne s'affichent pas pour le référent";;;"Corrigé en production";;"12/01/2025 16:42";;;;;;"DP ROC";;b_poiron_ext;ROC-2631;b_poiron_ext;;;;;V7.4.1;;Bloquant;;;;;;;;"*Environnement:* PICSEL 7.4

*Comportement observé :* Dans gestion des demandes en mobilité interne les demandes reçues ne s'affichent pas dans le tableau pour le référent pourtant il est bien indiqué qu'il en existe une (""demandes reçues (1)"") 

*Comportement attendu:* S'il y a une demande reçue, le tableau affiche une ligne avec la demande de mobilité interne du réserviste sur l'offre concernée. ";;
648741;"01/22/2026 12:26";;"[Emploi] En tant qu'AF, impossible de créer un compte ADR en partant de 0";;;"Corrigé en production";;"12/01/2025 16:42";;;;;;"DP ROC";;b_poiron_ext;ROC-2616;b_poiron_ext;;;;Droits;V7.4.1;;Majeur;;;;;;;;"*Environnement :* PICSEL V7.4

*Identifiant :* 4512_utilisateur

*Description :* 

En tant qu'AF, 

Je clique sur gestion des utilisateurs,

Je clique sur Créer un utilisateur, 

Je renseigne les infos (voir PJ) // L'objectif étant : de créer un ADR, l'affecter au SSA et de lui affecter une unité SSA,

+*Note :* Dans le cas de test, je me suis trompé et ai mis une adresse getnada au départ. J'ai eu un message d'erreur. J'ai changé l'adresse mail, mais celle ci existait déjà, j'ai donc eu un deuxième message d'erreur. C'est à la suite de la correction de ces deux erreurs de ma part, que j'obtiens cette troisième anomalie.+ 

Je clique sur valider

*Résultat attendu :*

La création fonctionne et le message de succès apparaît ""Les informations ont été correctement enregistrées"", et on reçoit un mail de création de compte pour pouvoir se logger pour la première fois

*Résultat obtenu :*

Message d'erreur (Voir PJ) ";;
648743;"01/22/2026 12:26";;"[Comptes] Filtre ADS non fonctionnel";;;"Corrigé en production";;"12/01/2025 16:42";;;;;;"DP ROC";;b_poiron_ext;ROC-2609;b_poiron_ext;;;;Comptes;V7.4.2;;Mineur;;;;;;;;"*Environnement :* PICSEL V7.4

*Identifiant :* 4512_utilisateur

*Description :* 

En tant qu'AF,

Je clique sur gestion des utilisateurs,

Je filtre le Rôle sur Administrateur ADS,

--> j'observe qu'il y a des rôles apparaissant, appartenant au SSA

Je tape ""SSA"" dans le filtre ADS - Grave

*Résultat attendu :* les utilisateurs s'affichent (il y en a au moins 1, voir PJ)

*Résultat obtenu :* les utilisateurs ne s'affichent pas";;
648744;"01/22/2026 12:26";;"[Volontariat] Le titre de l'offre d'emploi et l'affectation ne s'affichent pas sur la tuile ""Choix de l'offre d'emploi""";;;"Corrigé en production";;"12/01/2025 16:42";;;;;;"DP ROC";;b_poiron_ext;ROC-2607;b_poiron_ext;;;;Candidature;V7.4.2;;Mineur;;;;;;;;"Environnement : PICSEL V7.4

Comportement observé : 
 * Volontaire sélectionne une offre d'emploi dans le bloc ""Choix de l'offre d'emploi""
 * Volontaire valide ses informations personnelles
 * La tuile est validée
 * La tuile affiche au niveau du Poste, la description du poste

Comportement attendus
 * Volontaire sélectionne une offre d'emploi dans le bloc ""Choix de l'offre d'emploi""
 * Volontaire valide ses informations personnelles
 * La tuile est validée
 * La tuile affiche au niveau du Poste, le titre de l'offre d'emploi et le lieu d'affectation avec le titre ""Lieu d'affectation"" (https://jira-ci.fr.capgemini.com/jira/browse/ROC-2035)";;
648745;"01/22/2026 12:26";;"[Volontariat] Offre d'emploi SSA non visible pour ADR / AADS SSA";;;"Corrigé en production";;"12/01/2025 16:42";;;;;;"DP ROC";;b_poiron_ext;ROC-2606;b_poiron_ext;;;;Emploi;V7.4.1;;Bloquant;;;;;;;;"*Environnement :* PICSEL V7.4

*Identifiant :* AF qui créée l'offre d'emploi : 4512_utilisateur ; ADR : 3103_utilisateur ; AADS : 15867_utilisateur

*Description :*

En tant qu'AF, 

Je créée une offre d'emploi avec couleur d'uniforme SSA, 

En tant qu'ADR (respectivement AADS) (dont l'ADS d'appartenance = SSA ; l'ADS d'affectation = SSA)

Je clique sur gestion des emplois 

*Résultat attendu :* 

L'offre d'emploi est visible pour l'ADR (respectivement AADS) SSA

*Résultat obtenu :* 

L'offre d'emploi n'apparait pas (elle est présente du point de vue de l'AF qui l'a créée, voir PJ)";;
648746;"01/22/2026 12:26";;"[Emploi] enregistrement modele";;;"Corrigé en production";;"12/01/2025 16:42";;;;;;"DP ROC";;b_poiron_ext;ROC-2604;b_poiron_ext;;;;Emploi;V7.4.1;;Majeur;;;;;;;;"'+*Titre :*+  [Emploi] enregistrement model

*+Configuration:+*

PICSEL  v7.4

 

{*}Identifiants / rôle :{*}AF 12743_utilisateur

                              

*+Descriptif :+*

en tant que gestionnaire, lorsque je crée une fiche de poste je doit pouvoir , a la fin , enregistrer la fiche de poste en tant que modèle

+*Résultat obtenue:*+ 
aucun pop up pour l'enregistrement des modèles

 

*+Résultat attendu:+*

pop up pour l'enregistrement des modèles";;
648747;"01/22/2026 12:26";;" [Emploi] Les champs présentés lors de la consultation des offres d'emploi ne sont pas corrects";;;"Corrigé en production";;"12/01/2025 16:42";;;;;;"DP ROC";;b_poiron_ext;ROC-2603;b_poiron_ext;;;;Emploi;V7.4.1;;Majeur;;;;;;;;"Environnement : PICSEL V7.4

Comportements observés : 
Lors de la consultation de l'offre d'emploi, les champs suivants sont affichés : 
 * 
 ** *Intitulé du poste* 
 ** *{color:#172b4d}Employeur{color}*
 ** *{color:#172b4d}ADS de l'unité d'appartenance du poste{color}*  
 ** *{color:#172b4d}Nom de la formation d'emploi (CREDO){color}*
 ** *{color:#172b4d}ETR du poste{color}*
 ** *{color:#172b4d}Domaine (ROME){color}* 
 ** *Direction/Service/Cellule d'affectation*
 ** *{color:#172b4d}Localité{color}*
 ** *Grade souhaité*
 ** *Grade possible (concaténation des champs Grade minimum et Grade maximum)*
 ** *Durée souhaitée du contrat*
 ** *Restauration*
 ** *Capacité d'hébergement*
 ** *Gestionnaire*
 ** *Personne à contacter :*
 *** *Grade*
 *** *Nom*
 *** *Prénom*
 *** *Adresse mail :* 
 *** *Numéro de téléphone :* 
 ** *A pourvoir a partir du :* 
 ** *Présentation et mission de la formation d'emploi*
 ** *Description synthétique du poste*
 ** *Profil du candidat*
 * *Un bouton ""Candidater""*

Comportement souhaité : 

La page s'affiche avec : 
 * 
 ** {color:#00875a}*Intitulé du poste* => Doit reprendre le champ ""Titre de l'offre d'emploi""{color}
 ** {color:#172b4d}*Employeur*{color}
 ** {color:#00875a}*ADS de l'unité d'appartenance du poste*  => A supprimer. Ce champs n'existe plus dans les champs de création des offre d'emploi{color}
 ** {color:#172b4d}*Nom de la formation d'emploi (CREDO)*{color}
 ** {color:#172b4d}*Domaine (ROME)*{color}
 ** {color:#172b4d}*Direction/Service/Cellule d’affectation* {color}
 ** {color:#de350b}*Description synthétique du poste* => A remonter{color}
 ** *{color:#de350b}Compétences{color} {color:#de350b}=>{color}* {color:#de350b}_Absence_{color}
 ** {color:#de350b}*Niveaux d'études requis* => _Absence_{color}
 ** *Grade souhaité*
 ** *Grade{color:#de350b}(s){color} possible{color:#de350b}(s){color}* (Concaténation champs Grade minimum et Grade maximum)
 ** {color:#de350b}*Niveau d'employabilité =>* _Absence. Doit afficher Groupe 1 ou Groupe 2_{color}
 ** {color:#de350b}*Aptitudes* si Groupe 1 => Absence{color}
 ** {color:#de350b}*Informations pratiques =>* _Absence du titre_{color}
 *** {color:#de350b}*QR Code =>* Ne s'affiche pas si PDF{color}
 *** {color:#de350b}*Site de la formation d'emploi =>* Absence{color}
 *** *{color:#172b4d}Présentation et mission de la formation d'emploi{color}* 
 *** {color:#de350b}*Localité =>* A mettre dans informations pratiques{color}
 *** *{color:#de350b}Capacité d'hébergement =>{color}* {color:#de350b}A mettre dans informations pratiques{color}
 *** *{color:#de350b}Restauration =>{color}* {color:#de350b}A mettre dans informations pratiques{color}
 *** *{color:#172b4d}Nombre de jours de jours prévisionnels (par an) :{color}*{color:#00875a} la mention ""par an"" est à rajouter{color} *{color:#de350b}=>{color}* {color:#de350b}A mettre dans informations pratiques{color}
 *** {color:#de350b}*A pourvoir à partir du :* faute d'orthographe ""à""{color}
 *** {color:#de350b}*Durée souhaitée du contrat* : à remettre sous A pourvoir à partir du{color}
 *** {color:#de350b}*Prévoir de fournir ce(s) document(s) si vous candidatez sur ce poste =>* {color}{color:#de350b}CV est affiché alors qu'il a été supprimé des documents à demander{color}
 *** {color:#de350b}*Candidat attendu :* absence du champs. Doit faire apparaitre Ancien militaire Oui / Non{color}
 *** {color:#de350b}*Nombre de places* : absence du champs{color}
 *** {color:#de350b}*Gestionnaire :* à mettre après ""Nombre de places""{color}
 ** *Personne à contacter [Information du créateur qui publie et de l'unité gestionnaire du recrutement]*
 *** *Grade*
 *** *Nom*
 *** *Prénom*
 *** *{color:#172b4d}Adresse mail{color}* 
 *** *{color:#172b4d}Numéro de téléphone (si partage validé){color}*
 * Un bouton ""Candidater""

Code couleur : 
 * {color:#00875a}Vert : demande d'évolution{color}
 * {color:#de350b}Rouge : anomalie{color}

Vu avec Maxime pour tout embarquer dans un ticket d'anomalie";;
648748;"01/22/2026 12:26";;"[Emploi] Les champs présentés lors de la validation des offres d'emploi ne sont pas corrects";;;"Corrigé en production";;"12/01/2025 16:42";;;;;;"DP ROC";;b_poiron_ext;ROC-2601;b_poiron_ext;;;;Emploi;V7.4.1;;Majeur;;;;;;;;"Environnement : PICSEL V7.4

Comportements observés : 
Lors de la validation de l'offre d'emploi, les champs suivants sont affichés : 
 * 
 ** *Intitulé du poste =*
 ** *{color:#172b4d}Employeur{color}*
 ** *{color:#172b4d}ADS de l'unité d'appartenance du poste{color}*  
 ** *{color:#172b4d}Nom de la formation d'emploi (CREDO){color}*
 ** *{color:#172b4d}ETR du poste{color}*
 ** *{color:#172b4d}Domaine (ROME){color}* 
 ** *Description du poste*
 ** *{color:#172b4d}Compétences{color}*
 ** *Grade souhaité*
 ** *Grade possible (concaténation des champs Grade minimum et Grade maximum)*
 ** *Aptitudes*
 ** *Durée souhaitée du contrat* **
 ** *Site de la formation d'emploi*
 ** *Présentation de la formation d'emploi*
 ** *Localité*
 ** *Capacité d'hébergement*
 ** *Restauration*
 ** *Nombre de jours prévisionnels*
 ** *A pourvoir a partir du*
 ** *Gestionnaire*
 ** *Personne à contacter*
 *** *Grade*
 *** *Nom*
 *** *Prénom*
 * *Un bouton ""Valider l'offre d'emploi""*
 * *Un bouton ""Refuser l'offre d'emploi""*

Comportement souhaité : 

La page s'affiche avec : 
 * 
 ** {color:#00875a}*Intitulé du poste* => Doit reprendre le champ ""Titre de l'offre d'emploi""{color}
 ** {color:#172b4d}*Employeur*{color}
 ** {color:#00875a}*ADS de l'unité d'appartenance du poste*  => A supprimer. Ce champs n'existe plus dans les champs de création des offre d'emploi{color}
 ** {color:#172b4d}*Nom de la formation d'emploi (CREDO)*{color}
 ** {color:#172b4d}*Code ETR*{color}
 ** {color:#172b4d}*Intitulé ETR du poste =>{color}* {color:#00875a}A rajouter{color}
 ** {color:#de350b}*Famille professionnelle (REM)* => _Absence_{color}
 ** {color:#172b4d}*Domaine (ROME)*{color}
 ** {color:#de350b}*Direction/Service/Cellule d’affectation* => A remonter{color}
 ** *Description synthétique du poste*
 ** *Compétences*
 ** {color:#de350b}*Niveaux d'études requis* => _Absence_{color}
 ** *Grade souhaité*
 ** *Grade{color:#de350b}(s){color} possible{color:#de350b}(s){color} (concaténation des champs Grade minimum et Grade maximum)*
 ** {color:#de350b}*Niveau d'employabilité =>* _Absence. Doit afficher Groupe 1 ou Groupe 2_{color}
 ** *Aptitudes* si Groupe 1 
 ** {color:#de350b}*Informations pratiques =>* _Absence du titre_{color}
 *** {color:#de350b}*QR Code =>* Ne s'affiche pas si PDF{color}
 *** {color:#172b4d}*Site de la formation d'emploi*{color}
 *** *{color:#172b4d}Présentation de la formation d'emploi{color}* 
 *** *Localité*
 *** *Capacité d'hébergement*
 *** *Restauration*
 *** *{color:#172b4d}Nombre de jours de jours prévisionnels (par an) :{color}* la mention ""par an"" est à rajouter
 *** {color:#de350b}*A pourvoir à partir du :* faute d'orthographe ""à""{color}
 *** {color:#de350b}*Durée souhaitée du contrat* : à remettre sous A pourvoir à partir du{color}
 *** {color:#de350b}*Prévoir de fournir ce(s) document(s) si vous candidatez sur ce poste =>* {color}{color:#de350b}CV est affiché alors qu'il a été supprimé des documents à demander{color}
 *** {color:#de350b}*Candidat attendu :* absence du champs. Doit faire apparaitre Ancien militaire Oui / Non{color}
 *** {color:#de350b}*Nombre de places* : absence du champs{color}
 *** *Gestionnaire*
 ** *Personne à contacter [Information du créateur qui publie et de l'unité gestionnaire du recrutement]*
 *** *Grade*
 *** *Nom*
 *** *Prénom*
 *** {color:#de350b}*Adresse mail :* absence du champ{color}
 *** {color:#de350b}*Numéro de téléphone (si partage validé) :* absence du champ{color}
 * Un bouton ""Valider l'offre d'emploi""
 * Un bouton ""Refuser l'offre d'emploi""

 

Code couleur : 
 * {color:#de350b}Vert : demande d'évolution{color}
 * Rouge : anomalie

Vu avec Maxime pour tout embarquer dans un ticket d'anomalie";;
648749;"01/22/2026 12:26";;"[Volontariat]- problème de message après suppression de la signature ";;;"Corrigé en production";;"12/01/2025 16:42";;;;;;"DP ROC";;b_poiron_ext;ROC-2599;b_poiron_ext;;;;Candidature;V7.4.2;;Mineur;;;;;;;;"PICSEL DR: [Gestion des utilisateurs - Réservistes des armées (defense.gouv.fr)|https://roc-front-dr-pre.picsel.defense.gouv.fr/interne/login]

1. se connecter avec le profil REF 1309_utilisateur Mdp:Azertyuiop44!!!

2. cliquer sur le nom du REF en haut à droite de l'écran

3. aller au bas de page et dans l'encart signature

4. valider sans remplir l'encart

5. un message d'erreur apparait

6. signer: deux messages peuvent apparaître ""une erreur est survenue lors de la sauvegarde de la signature"" ou ""signature sauvegardée""

7. la signature est sauvegardée au dessus de l'encart prévu pour le modèle voulu

8. supprimer la signature garce au bouton au dessus à droite

9 . Résultat attendu : la suppression a été bien enregistrée

Résultat actuel erreur  interne";;
648750;"01/22/2026 12:26";;"[Emploi] Incohérence entre nombre d'emplois proposés aux volontaires et nombre d'emplois créés dans ROC";;;"Corrigé en production";;"12/01/2025 16:42";;;;;;"DP ROC";;b_poiron_ext;ROC-2584;b_poiron_ext;;;;Candidature;V7.4.1;;Majeur;;;;;;;;"*Environnement :* PICSEL V7.4

*Identifiants :* 4512_utilisateur + volontaire créé pour le test

*Description :* 

Lors de son choix d'unité, il est proposé au volontaire 74 emplois

Après vérification, dans la base d'emploi (vérifié par l'AF), on dénombre plus de 300 emplois ab initio, actifs, avec des places restantes. 

*Résultat attendu :* Retrouver l'ensemble des offres d'emplois pour le volontaire 

*Résultat obtenu :* Il n'y en a que 72, soit environ 1/3";;
648751;"01/22/2026 12:26";;"[Emploi] Pas de redirection après la validation d'une offre d'emploi";;;"Corrigé en production";;"12/01/2025 16:42";;;;;;"DP ROC";;b_poiron_ext;ROC-2580;b_poiron_ext;;;;Candidature;V7.4.2;;Majeur;;;;;;;;"*Environnement :* PICSEL V7.4

*Identifiant :* [edouard.barge@intradef.gouv.fr|mailto:edouard.barge@intradef.gouv.fr] ; j'ai envoyé une validation d'offre d'emploi à cette adresse mail et l'anomalie est produite à partir du moment où je clique sur valider l'offre d'emploi dans le mail

*Description :* 

En tant que valideur d'offre d'emploi, 

Je clique sur ""Accès à la fiche de poste"",

J'arrive sur la fiche de poste en attente de validation, 

Je clique sur valider l'offre d'emploi 

*Résultat attendu :* Les boutons valider/refuser l'offre d'emploi disparaissent, il n'est plus possible de modifier son avis après avoir validé/refusé

*Résultat obtenu :* Voir PJ, on a une validation en vert mais les boutons apparaissent toujours. Il est possible de cliquer, dans les deux cas, on a une erreur 404. ";;
648752;"01/22/2026 12:26";;"[Volontariat] Le message d'erreur sur les contraintes afférentes dépasse si trop de contraintes non spécifiées";;;"Corrigé en production";;"12/01/2025 16:42";;;;;;"DP ROC";;b_poiron_ext;ROC-2579;b_poiron_ext;;;;Candidature;V7.4.2;;Mineur;;;;;;;;"*Environnement :* PICSEL V7.4

*Identifiant :* 4512_utilisateur

*Description :* 

En tant qu'AF, 

Je créée une offre d'emploi jusqu'à atteindre le moment où il faut remplir les contraintes afférentes,

Je ne sélectionne aucune contrainte 

*Résultat attendu :* Un message d'erreur s'affiche en dessous de chaque contrainte (voir PJ Pb_ambiancesonore_2)

*Résultat obtenu :* Le message d'erreur relatif au travail en ambiance sonore dépasse sur la colonne de droite (voir PJ Pb_ambiancesonore_1)";;
648753;"01/22/2026 12:26";;"[Emploi] Filtre ""ADS"" non fonctionnel sur la gestion des emplois, onglet En cours de création";;;"Corrigé en production";;"12/01/2025 16:42";;;;;;"DP ROC";;b_poiron_ext;ROC-2578;b_poiron_ext;;;;Emploi;V7.4.2;;Mineur;;;;;;;;"*Environnement :* PICSEL V7.4

*Identifiant :* 4512_utilisateur

*Description :* 

En tant qu'AF, 

Je clique sur gestion des emplois, 

Je clique sur l'onglet ""En cours de création/validation"",

Je filtre sur ADS

*Résultat attendu :* affichage des offres selon l'ADS

*Résultat obtenu :* Résultat vide pour l'ensemble des filtres ADS

*Note :* j'ai essayé, le filtre fonctionne sur les autres onglets. ";;
648754;"01/22/2026 12:26";;"[volontariat] le candidat ne reçoit pas de mail suite à la prise de rdv du gestionnaire";;;"Corrigé en production";;"12/01/2025 16:42";;;;;;"DP ROC";;b_poiron_ext;ROC-2576;b_poiron_ext;;;;;V7.4.2;;Mineur;;;;;;;;"Identifiant : Marie Joseph marie.joseph@getnada.com

Environnement : PICSEL 7.4

Comportement observé : le candidat ne reçoit pas de mail suite à la prise de rdv faite par le gestionnaire

Comportement attendu : suite à la prise de rdv du gestionnaire, le candidat reçoit un mail indiquant la prise de rendez-vous. 

 ";;
648755;"01/22/2026 12:26";;"[Volontariat] Lorsqu'un volontaire filtre les offres d'emploi et supprime le filtre, lorsqu'il clique sur l'offre d'emploi, une nouvelle page s'ouvre, il est redirigé vers l'offre d'emploi et est déconnecté de son compte. ";;;"Corrigé en production";;"12/01/2025 16:42";;;;;;"DP ROC";;b_poiron_ext;ROC-2575;b_poiron_ext;;;;Candidature;V7.4.1;;Majeur;;;;;;;;"*Environnement :* PICSEL V7.4

*Identifiant :* Un compte volontaire créé pour le test

*Description :* 

Je me crée un compte volontaire,

Je clique sur Accueil,

Je clique sur le bloc engagement, 

Je clique sur choix de l'unité,

--> je vois des offres d'emploi 

Je filtre sur gestionnaires, 

Je sélectionne Service de santé des armées 

--> plus aucune offre n'apparait

Je supprime le filtre

--> toutes les offres d'emploi apparaissent 

Je clique sur une offre d'emploi au hasard

*Résultat attendu :* Etre redirigé vers l'offre d'emploi et pouvoir candidater

*Résultat obtenu :* Un nouvel onglet s'ouvre, on est redirigé vers l'offre d'emploi, mais le volontaire est déconnecté de son compte. Lorsqu'on clique sur ""candidater"", on est renvoyés vers la page de connexion. ";;
648756;"01/22/2026 12:26";;"[Offre d'emploi] Les champs présenté dans la consultation des offres d'emploi publiées et dans la modification n'ont pas évolués";;;"Corrigé en production";;"12/01/2025 16:42";;;;;;"DP ROC";;b_poiron_ext;ROC-2573;b_poiron_ext;;;;Emploi;V7.4.1;;Bloquant;;;;;;;;"Environnement : PICSEL V7.4

Comportement observé : Quand je clique pour visualiser l'offre d'emploi publiée ou pour la modifier, les anciens champs des offres d'emploi sont affichés

Comportement attendus : que l'ensemble des champs présents lors de la création d'une offre soient présents dans la visualisation des offres d'emploi publiées et pour la modification";;
648757;"01/22/2026 12:26";;"[modifier mes données personnelles] les listes sont cliquables même si aucune compétence est cochée";;;"Corrigé en production";;"12/01/2025 16:42";;;;;;"DP ROC";;b_poiron_ext;ROC-2572;b_poiron_ext;;;;;V7.4.2;;Mineur;;;;;;;;"*Environnement* : PICSEL 7.4

*Comportement observé* : il est possible de cliquer sur les listes des onglets ""compétences transverses"" et ""compétences spécifiques"" alors que la case ""aucune compétence"" est cochée

*Comportement attendu* : les listes sont non cliquables lorsque la case ""aucune compétence"" est cochée que ce soit pour l'onglet ""compétences transverses"" et ""compétences spécifiques""";;
648758;"01/22/2026 12:26";;"[Offre d'emploi] Le champ Nombre de places et le bouton ""Sans incrémentation"" ont disparus";;;"Corrigé en production";;"12/01/2025 16:42";;;;;;"DP ROC";;b_poiron_ext;ROC-2568;b_poiron_ext;;;;Emploi;V7.4.1;;Bloquant;;;;;;;;"Environnement : PICSEL V7.4

Comportement observé : A l'étape 3 de la création d'une offre d'emploi, les boutons Nombre de places et la case Sans incrémentation n'apparaissent pas

Comportement attendu : voir ces deux éléments ";;
648759;"01/22/2026 12:26";;"[volontariat] pas de redirection à la page d'informations complémentaires lors d'une première connexion";;;"Corrigé en production";;"12/01/2025 16:42";;;;;;"DP ROC";;b_poiron_ext;ROC-2566;b_poiron_ext;;;;Candidature;V7.4.2;;Mineur;;;;;;;;"Environnement : PICSEL V7.4

Identifiant : Créé pour le test Marie Joseph [marie.joseph@getnada.com|mailto:marie.joseph@getnada.com]

Comportement observé : redirection vers la page d'accueil lors d'une première connexion à la page volontaire. Je m'étais déconnectée sans avoir complété les informations complémentaires

Comportement attendu : redirection vers la page d'informations complémentaires";;
648760;"01/22/2026 12:26";;"[Offre d'emploi] REF_Employeur - La brigade des militaires de la sécurité civile apparait trois fois";;;"Corrigé en production";;"12/01/2025 16:42";;;;;;"DP ROC";;b_poiron_ext;ROC-2565;b_poiron_ext;;;;Emploi;V7.4.1;;Mineur;;;;;;;;"Environnement : PICSEL V7.4

Comportement observé : Lors de la création d'une offre d'emploi, dans la liste déroulante Employeur, La brigade des militaires de la sécurité civile apparait trois fois

Comportement attendu : que la mention n'apparaisse qu'une fois";;
648761;"01/22/2026 12:26";;"[Volontariat] Export non conforme";;;"Corrigé en production";;"12/01/2025 16:42";;;;;;"DP ROC";;b_poiron_ext;ROC-2562;b_poiron_ext;;;;Candidature;V7.4.1;;Majeur;;;;;;;;"'+*Titre :*+ [Volontariat] Export non conforme

*+Configuration:+*

PICSEL  v7.4

 

+*URL :*+ [https://roc-front-dr-pre.picsel.defense.gouv.fr/interne/processus-engagement]

 

*Identifiants / rôle :* ADS: 12098_utilisateur

                                AF:   12743_utilisateur

                                ADR: 10446_utilisateur

                              

*+Descriptif :+*

en tant que ADR/ADS/AF

Cliquer sur l'onglet  {*}""Contrats/Mobilités{*}{*}""{*} et   cliquer sur *""Suivi des candidatures""*

Cliquer sur sur le bouton ""{*}Exporter{*}""

 

+*Résultat obtenue:*+

l'export comporte plusieurs doublon.

dans l'exemple de l'ADR la tableau comporte 5 volontaires

l'export comporte bien 5 lignes mais il s'agit de 5 fois du même volontaire

+*Résultat attendue:*+

avoir un export conforme";;
648762;"01/22/2026 12:26";;"[Page d'accueil] Faute d'orthographe sur le titre ""Consulter les dernières offres d'emploi publiées""";;;"Corrigé en production";;"12/01/2025 16:42";;;;;;"DP ROC";;b_poiron_ext;ROC-2553;b_poiron_ext;;;;Communication;V7.4.1;;Mineur;;;;;;;;"*Environnement* prod 6.3.3 Picsel 7.4
*Comportement observé* : faute d'orthographe sur le verbe consulter 
*Comportement attendu* : correction ""consultez"" (ticket ROC-1155)";;
648763;"01/22/2026 12:26";;"Mise en place de la retry strategy sur la récupération des logs";;;"Corrigé en production";;"12/01/2025 16:42";;;;;;"DP ROC";;b_poiron_ext;ROC-2532;b_poiron_ext;;;;;V7.4.2;;Majeur;;;;;;;;"à compléter par [~atierant] ticket faisant suite au ROC-2415";;
648765;"01/22/2026 12:26";;"Création Poste - Etape publication - Champs non persistés";;;"Corrigé en production";;"12/01/2025 16:42";;;;;;"DP ROC";;b_poiron_ext;ROC-2530;b_poiron_ext;;;;Candidature;V7.4.1;;Majeur;;;;;;;;"Problème de persistance des champs sur l'étape publication.

Il faut également reprendre les données automatiquement depuis le créateur (téléphone et adresse email sauf si le référent à cocher la case ""Ne pas afficher"" dans ses données personnelles), comme pour le nom, prénom et grade.

*Résultat attendu* : 

Une fois la validation demandée, les champs devraient être complétés.

 

*Résultat obtenu* : 

sur l'étape publication de la création de poste, les champs ne sont pas persistés.";;
648766;"01/22/2026 12:26";;"Création Candidat - Génération du PDF";;;"Corrigé en production";;"12/01/2025 16:42";;;;;;"DP ROC";;b_poiron_ext;ROC-2472;b_poiron_ext;;;;Candidature;V7.4;;Bloquant;;;;;;;;"suite à l'implémentation du circuit breaker, la création candidat est ko : Cela est du à une anomalie lors de la génération du PDF passée sous silence. 

Uncaught PHP Exception ErrorException: ""{*}Warning: Trying to access array offset on value of type int{*}"" at WSGestionDocumentController.php line 1941";;
648769;"01/22/2026 12:26";;"[Engagement] Visite Médicale Militaire champs resultat visite";;;"Corrigé en production";;"12/01/2025 16:42";;;;;;"DP ROC";;b_poiron_ext;ROC-2464;b_poiron_ext;;;;Candidature;V7.4;;Mineur;;;;;;;;"Dans le bloc visite médical militaire, le champ résultat de la visite est optionnel. Cependant si je ne coche pas de valeur, le bloc n'est jamais validé. Cette valeur est utilisée pour le traitement de l'étape dans le code.

Résultat attendu: 
[~X-BPOIRO] fonctionnellement, quelle correction doit on appliquer ? le champs devient obligatoire ? ou la valeur ne sert pas pour le traitement de l'étape (afin de valider l'étape)
!image-2025-10-06-12-14-48-555.png!  ";;
648772;"01/22/2026 12:26";;"L'export des candidatures affiche un message d'erreur bloquant";;;"Corrigé en production";;"12/01/2025 16:42";;;;;;"DP ROC";;b_poiron_ext;ROC-2433;b_poiron_ext;;;;Candidature;V7.4;;Bloquant;;;;;;;;"Quand je lance l'extraction en cliquant sur le bouton ""Extraction"" puis dans la pop-up ""Extraction de candidatures en cours"" sur le bouton ""Extraire liste"" j'ai un message d'erreur bloquant, cf copie écran en pj";;
648775;"01/22/2026 12:26";;"[ACTIVITE] - ATS Non conforme";;;"Corrigé en production";;"12/01/2025 16:42";;;;;;"DP ROC";;b_poiron_ext;ROC-2419;b_poiron_ext;;;;Activités;V6.3.3;;Majeur;;;;;;;;"*URL :* [https://reservistes.intradef.gouv.fr/interne/activites/signer/liste]{*}{{*}}

*Identifiants / rôle :* 2329 /  Délégataire

*Descriptif :*

Dans « A signer » et demander une signature pour des activités, les ATS proposés ne correspondent pas à la liste des ATS.

L'ENARO ne peut pas être transmis vers son ATS.

Le référent en effectuant la même procédure, visualise les ATS de l'HNIA Percy.

*Résultat obtenu:*
Un seul ATS apparait mais n'appartient pas à la liste des ATS.

*Résultat attendu:*

Les ATS correspondant apparaissent bien dans le menu déroulant";;
648776;"01/22/2026 12:26";;"[ACTIVITE] [MOBILE] - Navigateur internet sur téléphone, menu déroulant absent";;;"Corrigé en production";;"12/01/2025 16:42";;;;;;"DP ROC";;b_poiron_ext;ROC-2416;b_poiron_ext;;;;Activités;V6.3.3;;Majeur;;;;;;;;"*URL :* 
[https://www.reservistes.defense.gouv.fr/reserviste/mes-activites/activites-validees]

[https://www.reservistes.defense.gouv.fr/reserviste/mes-activites/activites-passees]

[https://www.reservistes.defense.gouv.fr/reserviste/mes-deplacements/demandes-en-attente]

*Identifiants / rôle :* RO1

*Descriptif :*

Lors de la visualisation du bloc activités ou e-billet, le bouton du menu déroulant n'apparait pas sur un téléphone et empêche la visualisation des menus.

*Résultat obtenu :* pièce-jointe Visualisation menu déroulant activité et e-billet.docx

*Résultat attendu:*

Lors de la visualisation du bloc activités ou e-billet, le bouton du menu déroulant doit apparaître sur un téléphone et permettre la visualisation des menus.";;
648777;"01/22/2026 12:26";;"Récupération des logs NP : adresse front & résilience";;;"Corrigé en production";;"12/01/2025 16:42";;;;;;"DP ROC";;b_poiron_ext;ROC-2415;b_poiron_ext;;;;;V7.4;;Mineur;;;;;;;;"Des différences entre PICSEL et C1NP font remonter 2 problèmes lors de la récupération des logs NP -> DR
 * résilience : un échec à interroger le front NP fait échouer la totalité de l'opération. Chaque serveur / log doit être récupéré si possible, et être passé si erreur
 * le front NP est adressé par son URL externe alors qu'il devrait l'être par son nom de machine.

Actions :
 * [MOE] rendre le processus résilient (une erreur sur un élément ne doit pas faire échouer l'ensemble du processus)
 * [MOE + DevOps] introduire la variable {{BASE_URL_FRONT_INTERNAL}} dans {{.env.local}} qui doit contenir l'adresse interne du front NP (nom de machine). Cette variable ne sera utilisé que dans C1NP.
 * [MOE] utiliser cette nouvelle variable pour l'accès back NP -> front NP
 * [DevOps] s'assurer que le {{VirtualHost}} Apache httpd contient bien ce nouveau nom d'hôte";;
648781;"01/22/2026 12:26";;"Qlik : erreur de chargement due à la récupération des données de la table ""réserviste"" ";;;"Corrigé en production";;"12/01/2025 16:42";;;;;;"DP ROC";;b_poiron_ext;ROC-2365;b_poiron_ext;;;;Infocentre;"LIVRAISON HORS VERSION";;Bloquant;;;;;;;;"Résultat attendu : récupérer la liste des réservistes

Constat : le chargement des données échoue après l'exécution d'une requête sql de type SELECT sur la table réservistes.

Nous avons rejoué cette requête sur la BDD de préprod du 03/09 et nous avons ce résultat :

MariaDB [reserves2019]> SELECT
    -> `reserviste_id`,
    -> `reserviste_identifiant`,
    -> `reserviste_email`,
    -> `reserviste_nom`,
    -> `reserviste_nom_usage`,
    -> `reserviste_prenom`,
    -> `reserviste_nid`,
    -> `reserviste_civilite`,
    -> `reserviste_date_naissance`,
    -> `reserviste_unite`,
    -> `reserviste_grade`,
    -> `reserviste_armee_service`,
    -> `reserviste_date_arrivee`,
    -> `reserviste_recrute_reserves_2019`,
    -> `reserviste_date_maj_sirh`,
    -> `reserviste_date_creation_compte`,
    -> `reserviste_password`,
    -> `reserviste_password_initialise`,
    -> `reserviste_date_dernier_changement_password`,
    -> `reserviste_flux_code_credo`,
    -> `reserviste_flux_code_grade`,
    -> `reserviste_flux_code_corps`,
    -> `reserviste_date_fin_vma`,
    -> `reserviste_date_fin_esr`,
    -> `reserviste_nombre_jours_activite_total`,
    -> `reserviste_nombre_jours_activite_effectues`,
    -> `reserviste_ancrage_sirh`,
    -> `reserviste_compte_actif`,
    -> `reserviste_pays`,
    -> `reserviste_ville`,
    -> `reserviste_numero_ads`,
    -> `reserviste_telephone_fixe`,
    -> `reserviste_telephone_mobile`,
    -> `reserviste_adresse`,
    -> `reserviste_complement_adresse`,
    -> `reserviste_telephone_hors_metropole`,
    -> `reserviste_adresse_3`,
    -> `reserviste_type`,
    -> `reserviste_corps`,
    -> `reserviste_compte_supprime`,
    -> `reserviste_information_inscription_activite_lu`,
    -> `notifications_reserviste_mobilite_interne`
    -> FROM reserves2019.reserviste
    -> WHERE NOT reserviste_nid = 'yyyyyyyyyy';


ERROR 1054 (42S22): Unknown column 'reserviste_date_dernier_changement_password' in 'field list'



/!\ En PJ la différence entre la BDD de ROC 5.4.5 et 6.3.2 sur la table reserviste.";;
648783;"01/22/2026 12:26";;"[Activité] clôture d'une activité avec un NPJR =0 impossible (AAE)";;;"Corrigé en production";;"12/01/2025 16:42";;;;;;"DP ROC";;b_poiron_ext;ROC-2351;b_poiron_ext;;;;Activités;V7.4;;Majeur;;;;;;;;"'+*Titre :*+ [Activité] clôture d'une activité avec un NPJR =0 impossible (AAE)

*+Configuration:+*

PICSEL  v7.2

PPROD v6.3.2

 

+*URL :*+ [https://roc-front-np-pre.picsel.defense.gouv.fr/candidat/processus-candidature|https://pprod-reservistes.intradef.gouv.fr/interne/activites/cloturer/detail/2147587]

 

{*}Identifiants / rôle :{*}REF 7685_utilisateur

 

*+Descriptif :+*

en tant que REF de l'AAE je sélectionne un RO1 a qui il ne reste par exemple seulement 5 jours.

je créé une activité de régularisation sur 5 jours.

a la clôture j'ajoute le RO1 a qui il ne reste plus que 5 jours ( il restera 0 jour au RO1)

je clique sur validé

pop up  "" validation du service fait"" cocher la case puis confirmer

 

+*Résultat obtenue:*+ 
message d'erreur :

Il y a dépassement du NPJR pour les réservistes suivants : SLT Armenteros Christoper. Vous ne pouvez donc pas valider le service fait de cette activité. Pour valider le service fait de l'activité il est nécessaire de diminuer le nombre de jour réalisé ou de refuser le service fait du ou des réservistes concernés de cette activité. Vous pourrez ultérieurement créer une activité de régularisation lorsque le NPJR de ce ou ces réservistes aura été révisé. 

impossible de clôturer l'activité

 

*+Résultat attendu:+*

il ne devrait pas y avoir de message d'erreur car le réserviste aura un NPJR restant de 0 donc pas de dépassement.

si il y un message d'erreur qui devrais s'afficher je ne le connais pas . Actuellement pour une activité sans bloquant le message est le suivant:

*Avertissement de dépassement du NPJR*
Attention, le NPJR du ou des réservistes suivants est insuffisant : LTN Adachi Mui. Le paiement de la solde de ce ou ces réservistes risque d'être rejeté. 

ce message me semble inappropriée car il parle de dépassement de NPJR

+*Informations supplémentaires:*+

pour reproduire le bug il faut bien rejouer le scénario avec l’armée de l'air car ils ont mis le bloquant sur le dépassement des NPJR.

 

 ";;
648798;"01/22/2026 12:26";;"[Activités] - AF/AO Erreur 500 à la création d'une activité prioritaire pour les ro1";;;"Corrigé en production";;"12/01/2025 16:42";;;;;;"DP ROC";;b_poiron_ext;ROC-2241;b_poiron_ext;;;;Activités;V6.3.2;;Bloquant;;;;;;;;"'+*Titre:*+ [Activités] - AF/AO Erreur 500 à la création d'une activité prioritaire pour les ro1

+*Configuration:*+ PICSEL v6.3 DR

+*URL:*+ [https://roc-front-dr-pre.picsel.defense.gouv.fr/interne/communication/creation-message]

+*Identifiants*+ / rôle : AF ou AO
AF 4512_utilisateur ou AO admin.seo
Mot de passe Azertyuiop44!!!

+*Descriptif :*+
 # AF / AO DR : connexion
 # Création d'une activité prioritaire ro1: [https://roc-front-dr-pre.picsel.defense.gouv.fr/interne/activites/creer/donnees-administratives/2199305]
 # Renseigner le code CREDO 06XB000 et un sous titre et ville arbitraires
 # Suivant : [https://roc-front-dr-pre.picsel.defense.gouv.fr/interne/activites/creer/duree/2199305]
 #  Durée de l'activité: faire suivant : {color:#de350b}NOK1{color} Erreur est affiché a la page suivante sur le nombre de réserviste
 # Faire une sélection par grade CNE : {color:#de350b}NOK2{color} Erreur est toujours affiché alors qu'en PréProduction 16 CNE sont affichés :
 # Renseigner le compteur Nombre de réservistes à 1
 # Faire suivant : [https://roc-front-dr-pre.picsel.defense.gouv.fr/interne/activites/creer/publication/2199305]
 # Sélectionner code activité IA - 618 - Activités de préparation opérationnelle MDR de niveau UP2 : Publier
 # Cocher conserver le modèle d'activité : {color:#de350b}NOK3{color} Erreur500
 # Un capitaine de l'unité se connecte et ne constate aucune convocation:{color:#de350b} NOK4{color}

En pré production v5.4.5 avec ce même scénario il n'y a pas les NOK1 à NOK4

 

*+Résultat obtenu:+*
Erreur 500 à la création d'une activité prioritaire de ro1

+*Résultat attendu:*+
L'AF ou l'AO devrait pouvoir créer une activité prioritaire pour des ro1

+*Remarque:*+
 - vu avec le LTN [~X-LLODI] comme bug bloquant
 - régression avec la v5.4.5 Pré-Prod
 - Même problème avec le 10. Ne pas conserver le modèle d'activité";;
648800;"01/22/2026 12:26";;"Erreur lors de la validation de Volontariat";;;"Corrigé en production";;"12/01/2025 16:42";;;;;;"DP ROC";;b_poiron_ext;ROC-2232;b_poiron_ext;;;;Candidature;V7.2;;Majeur;;;;;;;;"Lors de la validation du formulaire de volontariat, le mapping de Mail::build ne se fait pas correctement ce qui provoque une erreur 500.";;
648802;"01/22/2026 12:26";;"Script de génération du dictionnaire de données";;;"Corrigé en production";;"12/01/2025 16:42";;;;;;"DP ROC";;b_poiron_ext;ROC-2216;b_poiron_ext;;;;;V7.2;;Mineur;;;;;;;;"Le script de génération du dictionnaire de données (DictionnaireDonneesCommand.php) n'est plus adapté à la nouvelle CI.
!image-2025-08-18-10-00-48-322.png!

La méthode recupererVersionCourante plante. Il faut faire en sorte de récupérer la version depuis le back_dr ou la commande est lancée ou bien créer un paramètre.";;
648804;"01/22/2026 12:26";;"[Activite] - Impossible de télécharger une fiche d'activité ou un ordre de convocation";;;"Corrigé en production";;"12/01/2025 16:42";;;;;;"DP ROC";;b_poiron_ext;ROC-2209;b_poiron_ext;;;;Activités;V7.4;;Bloquant;;;;;;;;"Anomalie constatée :

En tant que Gestionnaire côté DR/NP, si j'essaye de télécharger une fiche d'activité ou un ordre de convocation, je tombe sur une erreur lors de la génération.

Comportement reproduis sur environnement 4.20.0.8, 7.1, 5.4.5";;
648814;"01/22/2026 12:26";;"Erreur lors de la régularisation d'une activité menant à NPJR<=0";;;"Corrigé en production";;"12/01/2025 16:42";;;;;;"DP ROC";;b_poiron_ext;ROC-2125;b_poiron_ext;;;;Activités;V5.4.5;;Bloquant;;;;;;;;"* En tant que : Gestionnaire (test réalisé en tant que AF et REF en PROD et PPROD)
 * Je veux : clôturer la régularisation d'une activité pour un réserviste
 * Cas constaté :
 ** Un référent créer une activité de régularisation
 ** Il sélectionne ladite activité (tableau de clôture des activités)
 ** Il renseigne un réserviste pour X jours sur l'activité (où X est supérieur ou égale au NPJR du réserviste)
 ** Il tente de clôturer l'activité sans demande de validation du service fait
 * Résultat constaté :
 ** Page d'erreur 500
 * Résultats attendu :
 ** Si le NPJR après régularisation = 0, pop-up avertissant que le réserviste n'aura plus de jours avec possibilité de continuer les actions
 ** Si le NPJR après régularisation < 0, pop-up avertissant que le réserviste n'a pas assez de jour avec possibilité de continuer les actions ou non (selon la présence ou non du bloquant par périmètre fonctionnel)

Logs de PPROD (access_log DR) :

160.150.39.23 - - [24/Jul/2025:14:59:55 +0200] ""GET /v7/api/activites/2076322?format=ressource HTTP/1.1"" 200 11926 ""-"" ""Symfony HttpClient (Curl)"" [!dt dt.trace_id=b0599f08b1d33068485b0020ff15c8ad,dt.span_id=f668dbd45ebdad68,dt.trace_sampled=true]
160.150.39.23 - - [24/Jul/2025:14:59:55 +0200] ""GET /v7/api/inscriptions?format=ressource&page=1&taille=100&activiteId=2076322&groupes[0]=inscriptionActiviteCloturerSigner HTTP/1.1"" 200 2 ""-"" ""Symfony HttpClient (Curl)"" [!dt dt.trace_id=b0599f08b1d33068485b0020ff15c8ad,dt.span_id=9d454489f2de103c,dt.trace_sampled=true]
160.150.39.23 - - [24/Jul/2025:14:59:55 +0200] ""GET /v7/api/enaros/0?activiteId=2076322&etat=refuse&format=ressource HTTP/1.1"" 200 2 ""-"" ""Symfony HttpClient (Curl)"" [!dt dt.trace_id=b0599f08b1d33068485b0020ff15c8ad,dt.span_id=461eedef752c8009,dt.trace_sampled=true]
160.150.39.23 - - [24/Jul/2025:14:59:55 +0200] ""GET /v7/api/referentiels/ref_code_autorite/items?valeur=CTO%20-%20TER%20-%20CDT10002%20-%20DCI%20COFRAS%20et%20autres%20conventions%20(01/01/2020%20%E2%80%93%2031/12/9999) HTTP/1.1"" 200 270 ""-"" ""Symfony HttpClient (Curl)"" [!dt dt.trace_id=b0599f08b1d33068485b0020ff15c8ad,dt.span_id=70f71359cdccff11,dt.trace_sampled=true]
160.150.39.23 - - [24/Jul/2025:14:59:55 +0200] ""GET /v7/api/utilisateurs/0357769 HTTP/1.1"" 200 7533 ""-"" ""Symfony HttpClient (Curl)"" [!dt dt.trace_id=b0599f08b1d33068485b0020ff15c8ad,dt.span_id=398c347ab95584d5,dt.trace_sampled=true]
160.150.39.23 - - [24/Jul/2025:14:59:56 +0200] ""GET /v7/api/contrats?reservisteId=57769&format=ressource HTTP/1.1"" 200 4947 ""-"" ""Symfony HttpClient (Curl)"" [!dt dt.trace_id=b0599f08b1d33068485b0020ff15c8ad,dt.span_id=ca5da18503367455,dt.trace_sampled=true]
160.150.39.23 - - [24/Jul/2025:14:59:56 +0200] ""GET /v7/api/inscriptions?format=ressource&reservisteId=57769&etape=cloturer&activiteId=2076322&dateDebut=2025-01-01&dateFin=2025-01-18 HTTP/1.1"" 200 36 ""-"" ""Symfony HttpClient (Curl)"" [!dt dt.trace_id=b0599f08b1d33068485b0020ff15c8ad,dt.span_id=6033b7324ece8cc5,dt.trace_sampled=true]
160.150.39.23 - - [24/Jul/2025:14:59:57 +0200] ""PATCH /v7/api/activites/2076322 HTTP/1.1"" 400 333 ""-"" ""Symfony HttpClient (Curl)"" [!dt dt.trace_id=b0599f08b1d33068485b0020ff15c8ad,dt.span_id=58e39851a2347f7e,dt.trace_sampled=true] 

 ";;
648823;"01/22/2026 12:26";;"[Engagement]- Impossible de valider la candidature lors du parcours candidat ";;;"Corrigé en production";;"12/01/2025 16:42";;;;;;"DP ROC";;b_poiron_ext;ROC-2056;b_poiron_ext;;;;Candidature;V6.3;;Bloquant;;;;;;;;"[https://pprod-reservistes.cloud.defense.gouv.fr/candidat/processus-candidature/etape/choix-affectation/acte-candidature]

1 se connecter avec le candidat [271284_candidat.roc@getnada.com|mailto:271284_candidat.roc@getnada.com]

MDP Azertyuiop44!!!

2. choisir le bloc engager

3. renseigner les données

4. Cliquer sur enregistrer et puis sur valider

5. résultat obtenu : rien ne se passe la page reste figée et on est remonté au haut de page

6. résultat attendu : on doit pouvoir aller à l'onglet compétence

 ";;
648827;"01/22/2026 12:26";;" [engagement] - Erreur 500 lors de l'envoie par email des données RGPD du candidat (ok en PDF et excel)";;;"Corrigé en production";;"12/01/2025 16:42";;;;;;"DP ROC";;b_poiron_ext;ROC-2036;b_poiron_ext;;;;Candidature;V6.3;;Majeur;;;;;;;;"Titre: [engagement] - Erreur 500 lors de l'envoie par email des données RGPD du candidat (ok en PDF et excel)

Configuration: PICSEL v5.4.4 NP

URL: https://roc-front-dr-pre.picsel.defense.gouv.fr/interne/mail-rgpd-pdf/candidat/289748

Identifiants / rôle : REF
REF: 2111_utilisateur 
Mot de passe qJe9#Y+tX!6fX51<

Descriptif :

1. Le REF edite les données personnelle d'un candidat 
2. Exporter les données : OK en pdf et excel NOK envoie par email des données du candidat
Erreur 500

Résultat obtenu:
Erreur 500 lors d'une tentative d'envoie des données RGPD par email

Résultat attendu:
Envoie des données RGPD du candidat par email

Reproduit également avec [~authayak]
";;
648848;"01/22/2026 12:26";;"[Calendrier] - impossible de mettre une disponibilité ou indisponibilité sur le calendrier ";;;"Corrigé en production";;"12/01/2025 16:42";;;;;;"DP ROC";;b_poiron_ext;ROC-1972;b_poiron_ext;;;;Calendrier;V7.3;;Majeur;;;;;;;;"1. se connecter sur PPROD NP [https://pprod-reservistes.cloud.defense.gouv.fr/reserviste/accueil-choix-bloc]

réserviste 221332_reserviste.roc@getnada.com : Mdp Azertyuiop44!!!

2. cliquer sur le bloc calendrier 
3. Cliquer sur gérer mes disponibilités 

4. mettre une plage de date : exemple du 30/06/2025 au 03/06/2025

5. choisir indisponibilité puis valider 

6 . résultat rien ne se passe la page reste figée

7.  remplacer la date précédente par 30/06/2025 au 03/07/2025

8. Choisir indisponibilité 

7. résultat ça mouline  et ça marque un problème est survenu lors de l'envoie du formulaire *

8. résultat attendu votre calendrier a été mis à jour 

 

Idem pour ajouter une disponibilité ";;
648874;"01/22/2026 12:26";;"[Activités] Signature par les pilotes";;;"Corrigé en production";;"12/01/2025 16:42";;;;;;"DP ROC";;b_poiron_ext;ROC-1835;b_poiron_ext;;;;Activités;V6.2;;Majeur;;;;;;;;"*Titre* : [Emploi] Signature par les pilotes

*Configuration* : Recette 5.4.1

*Identifiant* :

Pil: 10035_utilisateur

*URL* :  https://roc-recette-intradef.fr.capgemini.com/interne/activites/signer/liste

*Descriptif* :

En tant que Pilote sur l'onglet A signer, je n'ai pas la possibilité de signer une activité via la case à cocher.

*Résultat attendu* :

Après validation, l'ATS reçoit un mail et à la possibilité de valider ou refuser la demande de signature

*Résultat obtenu* :

Rien ne se passe, le mail ne part part pas et l'ATS ne reçoit pas la demande.";;
648893;"01/22/2026 12:26";;"[Activité] RO2 l'utilisateur est orienté vers page données personnelles lors du clic sur la tuile Activités";;;"Corrigé en production";;"12/01/2025 16:42";;;;;;"DP ROC";;b_poiron_ext;ROC-1687;b_poiron_ext;;;;Activités;V6.2;;Majeur;;;;;;;;"|*Ticket JIRA N°*| |
|   *Environnement/ Version*|PICSEL NP v5.4
 |
|   *Titre de l'anomalie*|[Communication] RO2 Erreur 500 lors de consultation de consultation|
|   *Url*| [https://alias-front-np.picsel.defense.gouv.fr/reserviste/communication/messages-recus]|
|   *Acteur*|RO2|
|   *Identifiants*|258974_reserviste.roc@getnada.com|
|   *Mot de passe*|Azertyuiop44!!!|
|   *Anomalie*|Majeur|
|   *Configuration*|Firefox et Edge|
|   *Bloc*|Activité|
|   D{*}escription{*}|En v5.4 PICSEL NP le RO2 est orienté vers la page données personnelles en consultant ses activités
 
Purge du cache du navigateur Edge et FireFox + reboot des navigateurs
 |

1. Connexion RO2
258974_reserviste.roc@getnada.com
Azertyuiop44!!!

2. Le reserviste arrive sur la page
[https://alias-front-np.picsel.defense.gouv.fr/reserviste/accueil-choix-bloc]

3. Cliquer sur convocations : NOK, le reserviste est orienté vers
[https://alias-front-np.picsel.defense.gouv.fr/reserviste/ro2/confirmer-donnees]

Démo réalisée au Lientenant [~X-LLODI] 
 
 |
|   *Résultat attendu*|En cliquant sur activités le RO2 doit arriver sur la page activités et non données personnelles|";;
648922;"01/22/2026 12:26";;"[Rôles] Quand un AF gère ses délégations, il ne peut pas cocher/décocher les fonctionnalités auxquelles ont accès ses délégataires";;;"Corrigé en production";;"12/01/2025 16:42";;;;;;"DP ROC";;b_poiron_ext;ROC-1358;b_poiron_ext;;;;Droits;V6.1;;Majeur;;;;;;;;"|*Ticket JIRA N°*|ROC-959|
|   *Environnement/ Version*|PPROD v4.20.0.5|
|   *Titre de l'anomalie*|Quand un AF gère ses délégations, il ne peut pas cocher/décocher les fonctionnalités auxquelles ont accès ses délégataires|
|   *Url*|[Processus d'engagement - Réservistes des armées|https://pprod-reservistes.cloud.defense.gouv.fr/candidat/processus-candidature]|
|   *Acteur*|AF |
|   *Identifiants*|4512 |
|   *Mot de passe*|Azertyuiop44!!!|
|   *Anomalie*|Majeure|
|   *Configuration*|Microsoft Edge|
|   *Bloc*|Engagement|
|   D{*}escription{*}|
|   *Résultat attendu*|Que les fonctionnalités puissent être cochées/décochées. |

 ";;
648925;"01/22/2026 12:26";;"[Alertes] - Défaut d'indication du caractère obligatoire de la signature";;;"Corrigé en production";;"12/01/2025 16:42";;;;;;"DP ROC";;b_poiron_ext;ROC-1333;b_poiron_ext;;;;Alertes;V7.4;;Mineur;;;;;;;;"*Titre* : [Alertes] - Défaut d'indication du caractère obligatoire de la signature

*Configuration* : PIC 5.2

*URL* : [https://roc-pic-intradef.fr.capgemini.com/alertes/validation-lancement/9ced963f2d735a5c596f9be102d8cbb6/17/79] 

*Descriptif* :

Se connecter en tant qu'AF ou AO

Cliquer sur le bloc fonctionnel ""Alertes"", puis sur le bouton ""Créer une alerte immédiate ""

Compléter les différentes étapes de création d'alerte immédiate jusqu'à l'envoi de la boucle de validation

Se connecter à la boite mail du valideur

Ouvrir le mail ""Boucle de validation avant lancement d’une alerte immédiate"" et cliquer sur le lien menant à la page ""Validation pour lancement et signature des ordres de convocation d'une alerte immédiate"" 

 

*Résultat attendu* : 

Libellé du champ signature : ""Importer une signature jpg/jpeg/png""

*Résultat obtenu :* 

Libellé du champ signature : ""Importer une signature jpg/jpeg/png (optionnel)""

alors qu'à la validation du formulaire, le champ est indiqué comme étant obligatoire :

!image-2025-03-13-11-23-54-931.png!";;
648932;"01/22/2026 12:26";;"Absence de l'adresse du domicile du réserviste sur le contrat";;;"Corrigé en production";;"12/01/2025 16:42";;;;;;"DP ROC";;b_poiron_ext;ROC-1302;b_poiron_ext;;;;Contrat;V6.1;;Majeur;;;;;;;;" 
|*Ticket JIRA N°*| |
|   *Environnement/ Version*|PPROD V4.20.0.5|
|   *Titre de l'anomalie*|Absence de l'adresse du domicile du réserviste sur le contrat|
|   *Url*|[https://pprod-reservistes.intradef.gouv.fr/interne/login|https://pprod-reservistes.intradef.gouv.fr/afficher-validation/221865/contrat/167917/token/865bd8cf6732a48fe6a3978cb2cd1310]
 |
|   *Acteur*|ADR/RO1|
|   *Identifiants*|*12591_utilisateur         2434-reserviste*|
|   *Mot de passe*|Azertyuiop44!!!|
|   *Anomalie*|Majeur|
|   *Configuration*|Poste INTRADEF FIREFOX ET EDGE|
|   *Bloc*|Contrat|
|   *description*| Lorsque l'ADR ou le RO1 télécharge le CESR, l'adresse postale du réserviste n'est pas présente dans le document|
|   *Résultat attendu*|Le document doit contenir l'adresse postale du réserviste|
|   *Copies d'écran*|!image-2025-03-13-12-03-09-362.png!!image-2025-03-13-11-59-04-755.png|width=1128,height=679!|";;
649005;"01/22/2026 12:26";;"[Calendrier] - Problème de refresh sur la suppression d'une disponibilité/indisponibilité";;;"Corrigé en production";;"12/01/2025 16:42";;;;;;"DP ROC";;b_poiron_ext;ROC-778;b_poiron_ext;;;;Calendrier;V7.4;;Mineur;;;;;;;;"*Titre* :[Calendrier] - Problème de refresh sur la suppression d'une disponibilité/indisponibilité

*Configuration* : PIC 20.0.5

*Description* :

Se connecter avec un réserviste RO1

Cliquer sur le bloc fonctionnel  ""Calendrier""

Cliquer sur ""Gérer mes disponibilités""

Renseigner la date de début et de fin de la disponibilité ou indisponibilité (date du mois en cours)

Cliquer sur ""Ajouter une disponibilité""

Cliquer sur ""Gérer mes disponibilités""

Cliquer sur le bouton ""Supprimer""

*Résultat attendu :* 

Les dates ne contiennent plus le point vert

*Résultat obtenu :* 

Le dernier jour (date de fin) est encore indiqué comme disponible

Avant refresh de la page : 

!image-2025-01-22-16-26-20-067.png|width=420,height=207!

Après un refresh *OK* : 

!image-2025-01-22-16-26-54-721.png|width=424,height=112!";;
649011;"01/22/2026 12:26";;"[Activités] - RO2 - Tableau réponse des réservistes incohérent ";;;"Corrigé en production";;"12/01/2025 16:42";;;;;;"DP ROC";;b_poiron_ext;ROC-731;b_poiron_ext;;;;Activités;V5.1;;Majeur;;;;;;;;"*Titre* : [Activités] - RO2 - Tableau réponse des réservistes incohérent RO2 par rapport au nombre affiché lors de la création de l'activité

*Configuration* : PIC 20.0.4

*Identifiant* :

AF

*URL* :  [https://roc-pic-intradef.fr.capgemini.com/interne/activites/designer/detail/1472006]

*Descriptif* :

Créer une activité RO2 sur le code crédo : 00D29SO

Il y a un qu'un seul réserviste concerné par l'activité

!image-2025-01-14-15-02-45-406.png!

Publier l'activité

Cliquer sur l'activité à convoquer

*Résultat attendu* :

1 personne dans le tableau Réponse des réservistes

{*}Résultat obtenu{*}:

Il y a 92 réservistes concernés par l'activité.

!image-2025-01-14-15-03-27-706.png!

 

 ";;
649055;"01/22/2026 12:26";;"[Activités] - AF - Tableau Historique Vide";;;"Corrigé en production";;"12/01/2025 16:42";;;;;;"DP ROC";;b_poiron_ext;ROC-559;b_poiron_ext;;;;Activités;V5.1;;Mineur;;;;;;;;"*Titre* : [Activités] - AF - Tableau Historique Vide

*Configuration* : PIC 20.0.1

*URL* : [https://roc-pic-intradef.fr.capgemini.com/interne/activites/historique-des-activites/historique]

*Descriptif* :

Avec l'AF, cliquer sur le menu ""Activités/Calendrier"" puis sur ""Historique""

 

*Résultat attendu* : 

Affichage des activités passées datant de plus de 365 dans le tableau

 

*Résultat obtenu* :

Aucune donnée de disponible dans le tableau

!image-2024-12-09-14-55-37-210.png|width=678,height=497!

 ";;
514779;"01/22/2026 12:26";;"Activités du calendrier non accessibles ou à affichage aléatoire.";;;"Corrigé en production";"Anomalie fonctionnelle Activités";"06/30/2025 18:46";;;;;;AF;;c_siguie;;b_poiron_ext;AAE;;;Calendrier;V6.3.3;;Majeur;"Poste Internet";https://www.reservistes.defense.gouv.fr/reserviste/calendrier;V4.20.0.7;"AF- RO1...";11/20/2025;"Accès régulier aux activités programmées, validées ou effectuées à partir du calendrier, avec rappel de l'Ordre de Mission et des numéros de transport correspondants.";;"Progressivement, depuis l'installation de la version 4.20 et plus encore depuis les forts ralentissements de ROC apparus au cours du mois de juin 2025, plusieurs réservistes nous ont fait remonter leur incapacité à consulter sur ROC les activités qu'ils gèraient jusqu'ici à partir de leur calendrier embarqué. Quel que soit le support utilisé, application ROC comprise, ou le navigateur utilisé, les intéressés obtiennent le même affichage incomplet : absence des missions effectuées et à venir, absence ou maintien de l'affichage des grilles supports utilisées par mois, semaines ou jours.
Contournement : retrouver ses activités par le bloc du même nom, qui n'est pas affecté. Solution nettement moins ergonomique toutefois...";Majeur;"250630_16h46_CalendrierInaccessibleCDTPhilippeGADET.png,250630_16h46_CalendrierInaccessible.png,250630_16h50_CalendrieraccessibleSIG_Sept.png,250630_16h50_CalendrieraccessibleSIG_Oct_SansActivités.png,250630_16h50_CalendrierinaccessibleSIG_Nov_SansJoursSansActivités.png,250630_16h50_CalendrierinaccessibleSIG_Nov_Semainier_SansJoursSansActivités.png,Calendrier.docx,Calendrier bis.docx"
475353;"01/22/2026 12:26";;"Erreur mémoire PROD";;;"Corrigé en production";;"05/12/2025 15:32";;;;;;"DP ROC";;b_poiron_ext;ROC-1612;b_poiron_ext;;;;;"LIVRAISON HORS VERSION";;;;;V4.20.0.7;;;;;"[29-Apr-2025 11:13:19 Europe/Paris] PHP Fatal error:  Allowed memory size of 536870912 bytes exhausted (tried to allocate 32768 bytes) in /var/www/html/vendor/symfony/error-handler/Error/OutOfMemoryError.php on line 1";;
527974;"01/22/2026 12:26";;"[Production] Le site est indisponible";;;"Corrigé en production";;"07/17/2025 15:21";;;;;;"DP ROC";;b_poiron_ext;ROC-1909;b_poiron_ext;;;;Environnement;"LIVRAISON HORS VERSION";;Majeur;;;V4.20.0.8;;;;;"|*Ticket JIRA N°*| |
|   *Environnement/ Version*|Production NP v4.20.0.8
 |
|   *Titre de l'anomalie*|[Production NP] Le site est indisponible|
|   *Url*|[https://www.reservistes.defense.gouv.fr|https://www.reservistes.defense.gouv.fr/]|
|   *Acteur*|Tous|
|   *Identifiants*| |
|   *Mot de passe*| |
|   *Anomalie*|Bloquant|
|   *Configuration*|Firefox|
|   *Bloc*|Connexion|
|   D{*}escription{*}|

A plusieurs reprises le site en production NP est indisponible avec une page de maintenance affichée.


|Résultat obtenu| Le site est indisponible et signalé en maintenance|
|Résultat attendu|Le site ne doit pas être régulièrement indisponible. 
 
|";;
527998;"01/22/2026 12:26";;"[Production NP] Le site est indisponible";;;"Corrigé en production";;"07/17/2025 15:21";;;;;;"DP ROC";;b_poiron_ext;ROC-1815;b_poiron_ext;;;;Environnement;"LIVRAISON HORS VERSION";;Bloquant;;;V4.20.0.8;;;;;"|*Ticket JIRA N°*| |
|   *Environnement/ Version*|Production NP v4.20.0.8
 |
|   *Titre de l'anomalie*|[Production NP] Le site est indisponible|
|   *Url*|[https://www.reservistes.defense.gouv.fr|https://www.reservistes.defense.gouv.fr/]|
|   *Acteur*|Tous|
|   *Identifiants*| |
|   *Mot de passe*| |
|   *Anomalie*|Bloquant|
|   *Configuration*|Firefox|
|   *Bloc*|Connexion|
|   D{*}escription{*}|
 # Le 01/06/2025 à partir de 6h13 : se rendre à l’URL : [https://www.reservistes.defense.gouv.fr|https://www.reservistes.defense.gouv.fr/] depuis un PC ou smartphone ou démarrer l’application mobile pour iOS ROC
 # Le site est signalé en maintenance


 

|Résultat obtenu| Le site est indisponible et signalé en maintenance|
|Résultat attendu|Le site ne doit pas être régulièrement indisponible. 
Il est recommandé d’identifier chaque cas d’indisponibilité afin d’apporter une remédiation. |";;
528003;"01/22/2026 12:26";;"PROD indisponible le 27/05 après-midi";;;"Corrigé en production";;"07/17/2025 15:21";;;;;;"DP ROC";;b_poiron_ext;ROC-1799;b_poiron_ext;;;;Environnement;"LIVRAISON HORS VERSION";;Majeur;;;V4.20.0.8;;;;;"La production DR est tombé hier, 27/05, vers 15h30.

Les logs sont sur Resana (dans RESSOURCES > DIVERS > Logs >PROD).";;
528052;"01/22/2026 12:26";;"[e-billet] - commander un billet retourne JSON.parse: unexpected character at line 1 column 1 of the JSON data";;;"Corrigé en production";;"07/17/2025 15:21";;;;;;"DP ROC";;b_poiron_ext;ROC-1616;b_poiron_ext;;;;E-billet;"LIVRAISON HORS VERSION";;Majeur;;;V4.20.0.7;;;;;"En production full internet depuis smartphone ou PC intradef 
Lorsqu'on clic sur le bouton commander nous avons l'erreur ci-dessous 
(aussi bien pour les commandes explicites que implicites= dérogatoires)

requete ajax à :
https://www.reservistes.defense.gouv.fr/reserviste/mes-deplacements/commander-billet/422906

*   Trying 10.112.10.80...
* TCP_NODELAY set
* Connected to proxy-f5.cloudservices.cloudnp (10.112.10.80) port 8081 (#0)
* allocate connect buffer!
* Establish HTTP proxy tunnel to sireserve-tacite.jouve-hdi.com:443
> CONNECT sireserve-tacite.jouve-hdi.com:443 HTTP/1.1
Host: sireserve-tacite.jouve-hdi.com:443
Proxy-Connection: Keep-Alive

< HTTP/1.1 200 Connected
< 
* Proxy replied 200 to CONNECT request
* CONNECT phase completed!
* ALPN, offering http/1.1
* successfully set certificate verify locations:
*   CAfile: /etc/pki/tls/certs/ca-bundle.crt
  CApath: none
* CONNECT phase completed!
* CONNECT phase completed!
* SSL connection using TLSv1.3 / TLS_AES_256_GCM_SHA384
* ALPN, server accepted to use http/1.1
* Server certificate:
*  subject: C=FR ST=Pays de la Loire L=Mayenne O=LUMINESS CN=*.jouve-hdi.com
*  start date: Oct  3 13:28:48 2024 GMT
*  expire date: Nov  4 13:28:47 2025 GMT
*  subjectAltName: host ""sireserve-tacite.jouve-hdi.com"" matched cert's ""*.jouve-hdi.com""
*  issuer: C=BE O=GlobalSign nv-sa CN=GlobalSign RSA OV SSL CA 2018
*  SSL certificate verify ok.
> POST /taciteWS/ HTTP/1.1
Host: sireserve-tacite.jouve-hdi.com
User-Agent: GuzzleHttp/7
Content-Length: 133

* upload completely sent off: 133 out of 133 bytes
< HTTP/1.1 200 OK
< Date: Wed, 30 Apr 2025 09:02:03 GMT
< Server: Apache
< X-Powered-By: PHP/8.2.28
< Vary: Accept-Encoding
< Content-Type: text/html charset=iso-8859-1
< Via: 1.1 sireserve-tacite.jouve-hdi.com
< Strict-Transport-Security: max-age=63072000 includeSubDomains
< Transfer-Encoding: chunked
< 
* Connection #0 to host proxy-f5.cloudservices.cloudnp left intact
""https:\/\/amadeus.cytric.net\/env-b\/ibe\/?id=275884259%7E0%7Er\u0026_dp_=psiBoYGIi0XgH2upLOtJIFnqw1YCC7ULj94X35goEso""";;
528058;"01/22/2026 12:26";;"Erreur d'appel sur la route /status";;;"Corrigé en production";;"07/17/2025 15:21";;;;;;"DP ROC";;b_poiron_ext;ROC-1512;b_poiron_ext;;;;Environnement;"LIVRAISON HORS VERSION";;Mineur;;;V4.20.0.7;;;;;"L'erreur suivante a constaté dans les logs Apache de la nouvelle PROD DR : [2025-04-16 00:51:59] request.ERROR: Uncaught PHP Exception Symfony\Component\HttpKernel\Exception\NotFoundHttpException: ""No route found for ""GET http://127.0.0.1/status"""" at RouterListener.php line 127 \{""exception"":""[object] (Symfony\\Component\\HttpKernel\\Exception\\NotFoundHttpException(code: 0): No route found for \"GET http://127.0.0.1/status\""" at /var/www/html/vendor/symfony/http-kernel/EventListener/RouterListener.php:127)\n[previous exception] [object] (Symfony\\Component\\Routing\\Exception\\ResourceNotFoundException(code: 0): No routes found for \"""/status/\""". at /var/www/html/vendor/symfony/routing/Matcher/Dumper/CompiledUrlMatcherTrait.php:70)""""} \{""""dt.trace_sampled"""":""""true"""",""""dt.trace_id"""":""""46d164d3d9b84144244ec41422e0bef3"""",""""dt.span_id"""":""""a71fbaf913e8c4bf""""}. Elle se produit toute les minutes et semble provenir de l'application elle-même (aucune trace dans les logs d'accès au serveur) et n'est pas présente en PPROD""";;
528064;"01/22/2026 12:26";;"[ENGAGEMENT] -FPM ne se valide pas";;;"Corrigé en production";;"07/17/2025 15:21";;;;;;"DP ROC";;b_poiron_ext;ROC-1405;b_poiron_ext;;;;Candidature;V4.20.0.7;;Bloquant;;;V4.20.0.6;;;;;"*Titre* : [ENGAGEMENT] -FPM ne se valide pas

*Configuration* : PICSEL v4.20.0.6

*URL* :https://alias-front-dr.picsel.defense.gouv.fr/interne/processus-candidature/candidature/250090/etape/formation-premilitaire

*Identifiant :*  REF : 12743_utilisateur

*Descriptif* :

lorsque le référent exempte un candidat de FPM celle-ci reste en bleu et ne se valide pas

*Résultat attendu* : 

le bloque ""FPM"" dois passer vert

*Résultat obtenu :* 

le bloque reste bleu

 

 

 ";;
528065;"01/22/2026 12:26";;"[Flux RoX] Erreur de syntaxe";;;"Corrigé en production";;"07/17/2025 15:21";;;;;;"DP ROC";;b_poiron_ext;ROC-1381;b_poiron_ext;;;;Flux;V4.20.0.6;;Mineur;;;V4.20.0.5;;;;;"Bonjour,

Le chargement du flux RoX ""CTO"" du 14/03 a échoué. 

Voici l'erreur :

« Erreur d'import : Erreur non repertoriee empechant l'import dans ROC : [Syntax Error] line 0, col 8: Error: *Expected IdentificationVariable | ScalarExpression | AggregateExpression | FunctionDeclaration | ""("" Subselect "")"" | CaseExpression, got 'FROM'* »

Je vous remercie de prendre en compte cette erreur.

Bien cordialement.

PS : J'ajoute le fichier de flux de test en question dès que je l'ai en ma possession.";;
528067;"01/22/2026 12:26";;"[FPM] PILOTE - Absence d'affichage de la FPM une fois créée";;;"Corrigé en production";;"07/17/2025 15:21";;;;;;"DP ROC";;b_poiron_ext;ROC-1360;b_poiron_ext;;;;Candidature;V4.20.0.6;;Mineur;;;V4.20.0.5;;;;;"|*Ticket JIRA N°*|ROC-453|
|   *Environnement/ Version*|PPROD v4.20.0.5|
|   *Titre de l'anomalie*|Dans le cas d'une candidature initiée avant les changements V4.20, le bloc de validation définitive n'apparait jamais.|
|   *Url*|https://pprod-reserviste.intradefgouv.fr/interne/gestion-formation-prémilitaire|
|   *Acteur*|PIL|
|   *Identifiants*|6319|
|   *Mot de passe*|Azertyuiop44!!!|
|   *Anomalie*|Bloquante|
|   *Configuration*|Microsoft Edge|
|   *Bloc*|Engagement|
|   D{*}escription{*}|Une fois la FPM créée, celle-ci n'apparait pas dans le tableau, il est donc impossible de savoir si elle a bien été créée|
|   *Résultat attendu*|Que la FPM créée s'affiche dans le tableau|";;
528068;"01/22/2026 12:26";;"[Engagement] Dans le cas d'une candidature initiée avant les changements, le bloc de validation définitive n'apparait jamais. ";;;"Corrigé en production";;"07/17/2025 15:21";;;;;;"DP ROC";;b_poiron_ext;ROC-1356;b_poiron_ext;;;;Candidature;V4.20.0.6;;Majeur;;;V4.20.0.5;;;;;"|*Ticket JIRA N°*|ROC-457|
|   *Environnement/ Version*|PPROD v4.20.0.5|
|   *Titre de l'anomalie*|Dans le cas d'une candidature initiée avant les changements V4.20, le bloc de validation définitive n'apparait jamais.|
|   *Url*|[Processus d'engagement - Réservistes des armées|https://pprod-reservistes.cloud.defense.gouv.fr/candidat/processus-candidature]|
|   *Acteur*|AF / Candidat|
|   *Identifiants*|4512 / 83103|
|   *Mot de passe*|Azertyuiop44!!!|
|   *Anomalie*|Bloquante|
|   *Configuration*|Microsoft Edge|
|   *Bloc*|Engagement|
|   D{*}escription{*}|Conditions pour ce résultat : (voir candidat 83103)
 - Un candidat qui avait un bloc correspondant sécurité validé avant changements V4.20
 - le bloc génération ESR réalisé à la main du testeur avant validation des blocs habillement + infos obligatoires, qui ont été validés à posteriori. Dans ce contexte, après que l'ESR soit généré, envoyé au candidat, celui-ci le signe et le téléverse, le bloc validation définitive apparait pas.
 - Hypothèse d'explication : Le bloc correspondant sécurité apparait validé mais n'est pas vraiment validé, l'action de validation est toujours réalisable. Il se pourrait que ce soit parce que ce soit validé avant les changements V4.20|
|   *Résultat attendu*|Que le bouton validation définitive apparaisse. |

 ";;
528074;"01/22/2026 12:26";;"[Contrôle Sécurité] La tuile ne passe jamais en vert après avoir été validée par le référent. ";;;"Corrigé en production";;"07/17/2025 15:21";;;;;;"DP ROC";;b_poiron_ext;ROC-1300;b_poiron_ext;;;;Candidature;V4.20.0.6;;Mineur;;;V4.20.0.5;;;;;"|*Ticket JIRA N°*|ROC-423|
|   *Environnement/ Version*|PPROD v4.20.0.5|
|   *Titre de l'anomalie*|Un référent validant le contrôle sécurité, le bloc ne passe pas en vert et reste en bleu indéfiniment. |
|   *Url*|[Processus d'engagement - Réservistes des armées|https://pprod-reservistes.cloud.defense.gouv.fr/candidat/processus-candidature]|
|   *Acteur*|AF / Candidat|
|   *Identifiants*|210506|
|   *Mot de passe*|Azertyuiop44!!!|
|   *Anomalie*|Bloquant|
|   *Configuration*|Microsoft Edge|
|   *Bloc*|Engagement|
|   D{*}escription{*}|Au moment de la validation du référent, la page tourne, renvoie vers la page affichant les tuiles, sans valider le bloc, qui reste en bleu. Il ne passe jamais en vert. Cela bloque la suite du parcours engagement. 
 |
|   *Résultat attendu*|*Le résultat attendu est la validation du bloc sécurité, passage de la tuile en vert.* |

 ";;
528075;"01/22/2026 12:26";;"Engagement / selection du contrat";;;"Corrigé en production";;"07/17/2025 15:21";;;;;;"DP ROC";;b_poiron_ext;ROC-1299;b_poiron_ext;;;;Environnement;V4.20.0.6;;Bloquant;;;V4.20.0.5;;;;;"|  *Ticket JIRA N°*| |
|   *Environnement/ Version*|PPROD V4.20.0.5|
|   *Titre de l'anomalie*|Engagement / selection du contrat|
|   *Url*|[https://pprod-reservistes.intradef.gouv.fr/interne/login|https://pprod-reservistes.intradef.gouv.fr/interne/engager/engagement/processus-candidature/250065]
 |
|   *Acteur*|REF|
|   *Identifiants*|*3028_utilisateur*|
|   *Mot de passe*|Azertyuiop44!!!|
|   *Anomalie*|Bloquant|
|   *Configuration*|POSTE INTRADEF FIREFOX ET EDGE|
|   *Bloc*|Engagement - vue globale|
|   *description*| 
si le candidat choisit une durée de contrat dans SELECTION DU CONTRAT avant d'avoir eu l'entretien en unité et la visite médicale, le référent est bloqué. La card CREATION DE L'ESR passe au vert. Fin d'action|
|   *Résultat attendu*|Mettre pour le CANDIDAT l'accès à la card SELECTION DU CONTRAT uniquement en fin de parcours, après son entretien en unité, sa VMP et le controle du dossier par le gestionnaire.|
|   *Copies d'écran*| |";;
528080;"01/22/2026 12:26";;"Erreur 413 remontée par la PAPI sur Tacite";;;"Corrigé en production";;"07/17/2025 15:21";;;;;;"DP ROC";;b_poiron_ext;ROC-1267;b_poiron_ext;;;;E-billet;V4.20.0.6;;Mineur;;;V4.20.0.5;;;;;"La demande de logs Tacite sur C1NP a remonté une erreur 413 (request entity too large) sur la PAPI.

Hypothèse : engorgement de la demande d'e-billets faisant passer à plus de 500 Ko le volume de données";;
528081;"01/22/2026 12:26";;"Mise en conformité des MIME sur la PAPI";;;"Corrigé en production";;"07/17/2025 15:21";;;;;;"DP ROC";;b_poiron_ext;ROC-1250;b_poiron_ext;;;;Environnement;V4.20.0.6;;Bloquant;;;V4.20.0.5;;;;;"La construction du type MIME des documents envoyés a été corrigé à un endroit (utilisation de l’instrospection pour déterminer le type MIME d’un fichier) mais pas à deux autres (utilisation de l’extension du fichier pour construire son type MIME). Cela doit être redressé.";;
528082;"01/22/2026 12:26";;"[Pprod] RefreshToken en erreur Mindefconnect";;;"Corrigé en production";;"07/17/2025 15:21";;;;;;"DP ROC";;b_poiron_ext;ROC-1213;b_poiron_ext;;;;Connexion;V4.20.0.6;;Mineur;;;V4.20.0.5;;;;;"La préprod fait fasse une erreur sur le refresh token de manière intempestive.

Par ailleurs, le code PHP de renouvellement du jeton d’accès MDC ne gère pas suffisamment les cas d’erreur. En cas d’impossibilité de renouveller ledit jeton, il est nécessaire d’invalider la session HTTP côté ROC (après un éventuel 2ème essai).";;
528083;"01/22/2026 12:26";;"Erreur back DR lors de la commande de e-billet";;;"Corrigé en production";;"07/17/2025 15:21";;;;;;"DP ROC";;b_poiron_ext;ROC-1154;b_poiron_ext;;;;E-billet;V4.20.0.6;;Mineur;;;V4.20.0.5;;;;;"Lorsque l'on clonait une commande Billet (appel au back lors de la levée d'une exception sur la commande EnvoiDemandesBilletTaciteCommand.php), on persistait le même objet en base de données avec le même ID, ce qui provoquait une erreur remontée par Doctrine.";;
528084;"01/22/2026 12:26";;"Erreur 404 MDC Internet référent";;;"Corrigé en production";;"07/17/2025 15:21";;;;;;"DP ROC";;b_poiron_ext;ROC-1058;b_poiron_ext;;;;Connexion;V4.20.0.6;;Mineur;;;V4.20.0.5;;;;;"Lorsque je me connecte via MDC Internet en tant que référent sur l'environnement de PPROD j'ai une erreur 404";;
528085;"01/22/2026 12:26";;"[PPROD][PAPI]Erreur communication PAPI v2.1";;;"Corrigé en production";;"07/17/2025 15:21";;;;;;"DP ROC";;b_poiron_ext;ROC-793;b_poiron_ext;;;;Environnement;V4.20.0.6;;Bloquant;;;V4.20.0.5;;;;;"Pour la PPROD, il est impossible de communiquer via la PAPI pour le moment à cause d'un mauvais Content-type.

Les API ROC renvoient un contenu JSON avec un content-type {{text/html}} au lieu de {{application/json}}";;
528224;"01/22/2026 12:26";;" [PROD]- Impossible de valider l'ESR lors du parcours engagement";;;"Corrigé en production";;"07/17/2025 15:21";;;;;;"DP ROC";;b_poiron_ext;ROC-1714;b_poiron_ext;;;;Candidature;"LIVRAISON HORS VERSION";;Bloquant;;;V4.20.0.7;;;;;"PPROD DR

[https://pprod-reservistes.intradef.gouv.fr/interne/engager/engagement/processus-candidature/240793]

REF: 823_utilisateur

CER

MDP Azertyuiop44!!!

PPROD NP

pprod-reservistes.cloud.defense.gouv.fr/candidat/processus-candidature

Cand: [|mailto:240903_candidat.roc@getnada.com]
 
recette.roc+demoroc10@gmail.com
MDP: Azertyuiop44!!!
 * Se connecter avec le REF
 * sélectionner le candidat dans ""suivi de candidature""
 * sélectionner le candidat en question
 * Dérouler le parcours en jouant avec le candidat , le REF et le CER
 * Problème de modification de l'ESR conséquence: la création de l'ESR impossible de valider le contrat

Résultat

Message d'erreur apparaissant demandant de modifier l'ESR 

Bloc validation définitive apparait mais sans validation de l'ESR on ne peut Continuer

 

 ";;
528250;"01/22/2026 12:26";;"TECH - Erreur Pagination Demande E-billet";;;"Corrigé en production";;"07/17/2025 15:21";;;;;;"DP ROC";;b_poiron_ext;ROC-1516;b_poiron_ext;;;;Environnement;"LIVRAISON HORS VERSION";;Majeur;;;V4.20.0.7;;;;;"Erreur sur la log du Back DR se produisant toutes les heures (à heure fixe) :

[2025-04-15 11:05:17] app.CRITICAL:                                                          \{""dt.trace_sampled"":""true"",""dt.trace_id"":""858813f1a1191eb99b831a5ff2eb3b92"",""dt.span_id"":""419d36c4455a4319""}
[2025-04-15 11:05:17] app.CRITICAL: ========== UNE ERREUR TECHNIQUE EST SURVENUE ==========  \{""dt.trace_sampled"":""true"",""dt.trace_id"":""858813f1a1191eb99b831a5ff2eb3b92"",""dt.span_id"":""419d36c4455a4319""}
[2025-04-15 11:05:17] app.CRITICAL: Message : Container4l0V8ek\PaginatorProxyB0863f7::paginate(): Argument #2 ($page) must be of type int, null given, called in /var/www/html/src/Controller/MesDeplacements/WSDemandeBilletController.php on line 851  \{""dt.trace_sampled"":""true"",""dt.trace_id"":""858813f1a1191eb99b831a5ff2eb3b92"",""dt.span_id"":""419d36c4455a4319""}
[2025-04-15 11:05:17] app.CRITICAL: Fichier : /var/www/html/var/cache/preprod/Container4l0V8ek/proxy-classes.php :: ligne 91  \{""dt.trace_sampled"":""true"",""dt.trace_id"":""858813f1a1191eb99b831a5ff2eb3b92"",""dt.span_id"":""419d36c4455a4319""}
[2025-04-15 11:05:17] app.CRITICAL: Fichier : /var/www/html/src/Exception/WSException.php :: ligne 139  \{""dt.trace_sampled"":""true"",""dt.trace_id"":""858813f1a1191eb99b831a5ff2eb3b92"",""dt.span_id"":""419d36c4455a4319""}
[2025-04-15 11:05:17] app.CRITICAL: StackTrace : Container4l0V8ek\PaginatorProxyB0863f7::paginate() [L.851] <- App\Controller\MesDeplacements\WSDemandeBilletController::gestionFormatRessource() [L.314] <- App\Controller\MesDeplacements\WSDemandeBilletController::wsGetCommandesBillets() [L.181] <- Symfony\Component\HttpKernel\HttpKernel::handleRaw() [L.76] <- Symfony\Component\HttpKernel\HttpKernel::handle() [L.197] <- Symfony\Component\HttpKernel\Kernel::handle() [L.38]  \{""dt.trace_sampled"":""true"",""dt.trace_id"":""858813f1a1191eb99b831a5ff2eb3b92"",""dt.span_id"":""419d36c4455a4319""}
[2025-04-15 11:05:17] app.CRITICAL: =======================================================  \{""dt.trace_sampled"":""true"",""dt.trace_id"":""858813f1a1191eb99b831a5ff2eb3b92"",""dt.span_id"":""419d36c4455a4319""}";;
528450;"01/22/2026 12:26";;"TECH - timeout due à une connection vers le back refusée";;;"Corrigé en production";;"07/17/2025 15:36";;;;;;"DP ROC";;b_poiron_ext;ROC-1659;b_poiron_ext;;;;Environnement;"LIVRAISON HORS VERSION";;Majeur;;;V4.20.0.7;;;;;"Constat : timeout lors des exports qualité, voir captures en PJ

Analyse :
 * Dans la log d’erreur httpd du front :

[Wed Apr 30 15:06:27.327365 2025] [proxy_fcgi:error] [pid 39926:tid 139766322411264] (70007)The timeout specified has expired: [client 208.128.163.109:34729] [!dt dt.trace_id=fb32dd390d9a5b421d87748b4fb4ac42,dt.span_id=0da21832d55782de,dt.trace_sampled=true] AH01075: Error dispatching request to : (polling), referer[https://reservistes.intradef.gouv.fr/interne/admin/qualite]

 
 * Dans la log d’erreur Synfony du front :

[2025-04-30 15:06:27] request.CRITICAL: Uncaught PHP Exception GuzzleHttp\Exception\ConnectException: ""Connection refused for URI [https://reservistes-back.intradef.gouv.fr/v7/api/roc/export-qualite/activites?dateDebut=2025-04-01&dateFin=2025-04-30]"" at StreamHandler.php line 78 {""exception"":""[object] (GuzzleHttp\\Exception\\ConnectException(code: 0): Connection refused for URI [https://reservistes-back.intradef.gouv.fr/v7/api/roc/export-qualite/activites?dateDebut=2025-04-01&dateFin=2025-04-30] at /var/www/html/vendor/guzzlehttp/guzzle/src/Handler/StreamHandler.php:78)\n[previous exception] [object] (GuzzleHttp\\Exception\\ConnectException(code: 0): Connection refused for URI [https://reservistes-back.intradef.gouv.fr/v7/api/roc/export-qualite/activites?dateDebut=2025-04-01&dateFin=2025-04-30] at /var/www/html/vendor/guzzlehttp/guzzle/src/Handler/StreamHandler.php:335)""} \{""dt.trace_sampled"":""true"",""dt.trace_id"":""fb32dd390d9a5b421d87748b4fb4ac42"",""dt.span_id"":""8ece456b73c64751""}

 
 * Dans la log d’erreur httpd du back :

[Wed Apr 30 15:06:27.479949 2025] [proxy_fcgi:error] [pid 32468:tid 139975584634624](70007)The timeout specified has expired: [client 208.128.163.117:57970] [!dt dt.trace_id=fb32dd390d9a5b421d87748b4fb4ac42,dt.span_id=105883bda1cedf5e,dt.trace_sampled=true] AH01075: Error dispatching request to : (polling)

 ";;
523606;"01/22/2026 12:26";;"[ADT] Processus recrutement - les tuiles n'apparaissent pas coté candidat et coté gestionnaires";;;"Corrigé en production";;"07/08/2025 17:07";;;;;;ADT;;j_saint_julien;;b_poiron_ext;;;;Candidature;V7.4;P0;;"Poste Intradef";https://www.reservistes.defense.gouv.fr/candidat/processus-candidature;V4.20.0.7;;;;271174;"Après avoir choisi son affectation, et après avoir rempli les données personnelles et validé ses compétences le candidat tente de confirmer sa candidature mais ne peut valider ses compétences. Et donc cela bloque visiblement l'affichage des tuiles du processus engagement. 
Aussi la candidature ne peut être continuée. Les candidats ne peuvent donc finaliser leur candidature via ROC et doivent passer par une procédure papier. 
13 candidat identifiés (dans 2 régiments 12+1)
";Bloquant;"Bug tuile processus recrutement.docx"
598010;"01/22/2026 12:26";;"[ACTIVITE]- DEL et REF - Visualisation des activités - Compteur indique des activités mais ne sont pas visibles";;;"Corrigé en production";;"10/07/2025 12:13";563840;563840;;;;"DP ROC";"bugs #563840";b_poiron_ext;ROC-2318;b_poiron_ext;;;;Activités;V7.5;;Majeur;;;;;;;;"PROD NP 

URL: [https://www.reservistes.defense.gouv.fr/interne/activites/designer/liste]
 
1. Profil utilisé : Référent et Délégataire
ID technique : référent : 2716 - délégataire : 819 et 6750
 819_utilisateur.roc@getnada.com
  [2716_utilisateur.roc@getnada.com|mailto:2716_utilisateur.roc@getnada.com]

6750_utilisateur.roc@getnada.com
2. Actions menées avant le bug :

Visualisation des activités en cliquant sur le menu ""activités/calendrier"" puis l'onglet "" A convoquer"" ou ""A conduire"" ou autres onglets.

 

3. Description du bug :

Dans le bloc ""activités"" en cliquant sur l'onglet ""A convoquer"" le compteur indique des activités mais ne sont pas visibles avec le message ""aucune donnée disponible dans le tableau"".";;
549809;"01/22/2026 12:26";;"[MN] Extraction activité depuis compte pilote";;;"Corrigé en production";"Anomalie fonctionnelle Activités";"08/26/2025 17:24";477197;477197;;;;MN;"bugs #477197";g_bota;;b_poiron_ext;AAE;;;Communication;V7.5;;Mineur;"Poste Intradef";;;Pilote;;"L'extraction des activité effectué depuis le profil de pilote";;"Le fichier extrait en .csv comporte des champs non renseignés (AP et AQ) utile au pilote pour le suivi des activités de ses réservistes.";Majeur;"Fichier activité Pilote.csv,extraction activité - Version V7.4.2 (côté pilote).xml"
528009;"01/22/2026 12:26";;"[PAPI] Traitement de l'erreur 403";;;"Corrigé en production";;"07/17/2025 15:21";;;;;;"DP ROC";;b_poiron_ext;ROC-1779;b_poiron_ext;;;;Environnement;V7.5;;Majeur;;;V5.4;;;;;"Lorsque la PAPI retourne une 403, nous devons, en plus du log de l'erreur, afficher un message visuel permettant à l'utilisateur de savoir que son action ne peut être prise en compte avec le message suivant ""Nous ne pouvons pas transférer le document, la papi nous l'interdit""";;
648801;"01/22/2026 12:26";;"Saturation de la RAM en PROD";;;"Corrigé en production";;"12/01/2025 16:42";;;;;;"DP ROC";;b_poiron_ext;ROC-2230;b_poiron_ext;;;;;"LIVRAISON HORS VERSION";;Majeur;;;;;;;;"Depuis 3-4 Jours la RAM côté BACK DR est saturée à partir de 6-7h chaque jour pour redescendre le jour d'après vers 3h du matin";;
648865;"01/22/2026 12:26";;"REF : exporter les reservistes ro1 retourne une page de maintenance (NP)";;;"Corrigé en production";;"12/01/2025 16:42";;;;;;"DP ROC";;b_poiron_ext;ROC-1924;b_poiron_ext;;;;Extraction;V5.4.2;;Majeur;;;;;;;;"*Configuration* : PPROD v5.4.1 NP / interne/login

*Identifiant* MDC + code OTP : 
2719_utilisateur.roc@getnada.com
Azertyuiop44!!!

+*Rôle:*+ REF

 *URL* : [https://pprod-reservistes.cloud.defense.gouv.fr/interne/unite/reserviste/ro1/export
|https://pprod-reservistes.intradef.gouv.fr/interne/unite/reserviste/ro1/export]

*Descriptif* :
 # Connexion PPROD NP v5.4.1 MDC + OTP
 # https://pprod-reservistes.cloud.defense.gouv.fr/interne/liste-reservistes-ro1

=> l'IHM retourne 2 ro1


2. exporter les réservistes : [https://pprod-reservistes.cloud.defense.gouv.fr/interne/unite/reserviste/ro1/export]

=> NOK le site est en maintenance : reproductible systématique


On reproduit sous PICSEL v5.4.1 sous la forme d'une erreur 500 (cf [~authayak] )

 
*Résultat obtenu* :

Le site est en maintenance

 

*Résultat attendu* :

On devrait pouvoir obtenir l'export conforme a l'IHM affiché";;
648868;"01/22/2026 12:26";;"[Activités] Gateway Timeout lors du chargement des activités à contrôler";;;"Corrigé en production";;"12/01/2025 16:42";;;;;;"DP ROC";;b_poiron_ext;ROC-1912;b_poiron_ext;;;;Activités;V5.4.2;;Bloquant;;;;;;;;"*Titre* : [Activités] Gateway Timeout lors du chargement des activités à contrôler

*Configuration* : Pprod V.5.4.1 - DR

*Identifiant* :

CTL : compte créé par mes soins en tant qu'AF

*Descriptif :* En tant que contrôleur, je me connecte et clique sur le bloc Contrôler les activités

*Résultat attendu :* Les activités à contrôler s'affichent

*Résultat obtenu :* Important temps de chargement puis affichage vide. En faisant F12, je constate que ça provient d'un timeout car sans doute trop de données à charger. ";;
648875;"01/22/2026 12:26";;"[Activités] Erreurs Accès avec PIL";;;"Corrigé en production";;"12/01/2025 16:42";;;;;;"DP ROC";;b_poiron_ext;ROC-1831;b_poiron_ext;;;;Activités;V5.4.1;;Majeur;;;;;;;;"*Titre* : Erreurs Accès avec PIL

*Configuration* : Pic 6.1

*Identifiant* :

AO: admin.ter

Pil: 177_utilisateur

*URL* :  [https://roc-pic-intradef.fr.capgemini.com/interne/activites/designer/detail/1472143]

*Descriptif* :

En tant que PIL (Reproduit en local 5.4, erreur Typed Property),

Je tente d'accéder à une activité sur l'onglet A convoquer

 

*Résultat attendu* :

Accès à l'activité

*Résultat obtenu* :

Erreur ";;
648889;"01/22/2026 12:26";;" [Engagement] - REF - le candidat reçoit un email indiquant qu'on a essayé de le joindre lors du choix du CS";;;"Corrigé en production";;"12/01/2025 16:42";;;;;;"DP ROC";;b_poiron_ext;ROC-1707;b_poiron_ext;;;;Candidature;V5.4.1;;Majeur;;;;;;;;"*Titre* :  [Engagement] - REF - le lien candidat reçoit un email indiquant qu'on a essayé de le joindre lors du choix du CS

*Configuration* : PICSEL v5.4 DR et NP

*Identifiant* :

REF 13674_utilisateur

Mdp Azertyuiop44!!!

 

Candidat [candidat.004a@gmail.com|mailto:candidat.004a@gmail.com]

Mdp Azertyuiop44!!!

 
 *URL* : [https://alias-front-dr.picsel.defense.gouv.fr/interne/processus-candidature/candidature/250104/etape/verification-securite]

 

*Descriptif* :

Lorsque le REF renseigne le correspond sécurité + Validation alors le candidat reçoit bizarrement plusieurs emails !!! 

un email de notification avec un lien vers le CER 

un email lui indiquant qu'on a essayé de le joindre

 
*Résultat obtenu* :

Bonjour Alain Debart,

Votre responsable de l'engagement a tenté de vous joindre le 13/05/2025 18:10 sans succès. Il tentera de vous contacter à nouveau.



Bonjour Alain Debart,

 

Une des étapes de votre candidature à la réserve opérationnelle consiste à communiquer votre certificat d'engagement dans la réserve (CER) renseignée (ce CER correspond à une fiche de sécurité nécessaire à l'engagement).
Ne remplissez pas la partie 1 qui est réservée à l’organisme demandeur et pensez à conserver une copie du document PDF dynamique pour être en mesure d’apporter les éventuelles corrections qui pourront vous être demandées. Ne tenez pas compte du présent message si vous avez déjà complété et téléversé votre CER.

Cliquer ici pour télécharger le document à compléter : [lien|http://alias-front-np.picsel.defense.gouv.fr/candidat/entretien-unite].

 ";;
648890;"01/22/2026 12:26";;"[Candidat] - Erreur 500 lors de la validation des compétences spécifiques + incohérence d'IHM";;;"Corrigé en production";;"12/01/2025 16:42";;;;;;"DP ROC";;b_poiron_ext;ROC-1693;b_poiron_ext;;;;Perso;V5.4.2;;Majeur;;;;;;;;"*Titre* : [Données personnels candidat] - Erreur 500 lors de la validation des compétences spécifiques

*Configuration* : PICSEL v5.4 NP

*Identifiant* :

 *URL* : [https://alias-front-np.picsel.defense.gouv.fr/candidat/processus-candidature]

 

*Descriptif* :

Avec le candidat une erreur 500 peut *être* rencontrée lors de la validation des compétences spécifiques

1. creation de nouveau compte candidat en posutlant au poste *DQWNYHLIKX*
**

*Votre unité :* 2E REGIMENT ETRANGER DE PARACHUTISTES (00GD000) - 20260 CALVI FRANCE

*Référent pour l'engagement :*  Commandant Harp Rathbun

*E-mail :* 13674_utilisateur.roc@getnada.com


2. remplir la première page du profil : valider
3. compétences transverses: cocher Permis C + valider
4. compétences spécifiques : cocher archivage : NOK erreur 500

5. a la reconnexion on observe les points suivants incohérents

=> onglet compétences transverses : aucune compétence de cochée + Permis C

=> onglet compétences spécifiques : aucune compétence de cochée + archivage

 

*Résultat obtenu* :Erreur 500 a la validation des compétences spécifiques + incohérence de l'IHM";;
648915;"01/22/2026 12:26";;"MindefConnect : Erreur ClientID lors de la déconexion";;;"Corrigé en production";;"12/01/2025 16:42";;;;;;"DP ROC";;b_poiron_ext;ROC-1420;b_poiron_ext;;;;Connexion;V4.20.0.7;;Bloquant;;;;;;;;"*Description :* Lors de tests et de création de candidats en masse, une erreur {{mindefconnect (Un erreur est survenu dans la récupération du client ID)}} a été rencontrée. 

La fonction utilisée dans logout tombe dans le catch car il n'y a pas de referer

 

 ";;
648916;"01/22/2026 12:26";;"Souhait de contrat ne passe pas bleu si effectué avant Informations obligatoires";;;"Corrigé en production";;"12/01/2025 16:42";;;;;;"DP ROC";;b_poiron_ext;ROC-1419;b_poiron_ext;;;;Candidature;V5.3;;Mineur;;;;;;;;"|*Ticket JIRA N°*| |
|   *Environnement/ Version*|Recette MOE|
|   *Titre de l'anomalie*|Souhait de contrat ne passe pas bleu si effectué avant Informations obligatoires|
|   *Url*|[https://pprod-reservistes.intradef.gouv.fr/interne/login|https://pprod-reservistes.intradef.gouv.fr/afficher-validation/221865/contrat/167917/token/865bd8cf6732a48fe6a3978cb2cd1310]
 |
|   *Acteur*|Candidat|
|   *Identifiants*|156399_candidat|
|   *Mot de passe*|Azertyuiop44!!!|
|   *Anomalie*|Mineur|
|   *Configuration*|FIREFOX|
|   *Bloc*|Engagement|
|   *description*| 1. se connecter en tant que candidat qui n'a effectué aucune étape
 2. Aller dans souhait de contrat
 3. Valider le choix|
|   *Résultat attendu*|On devrait voir être redirigé et voir le bloc passer en bleu avec la date|";;
648918;"01/22/2026 12:26";;"[Candidature] Etape validée sans action - script de redressement";;;"Corrigé en production";;"12/01/2025 16:42";;;;;;"DP ROC";;b_poiron_ext;ROC-1371;b_poiron_ext;;;;Candidature;"LIVRAISON HORS VERSION";;Majeur;;;;;;;;"Au cours de tests, nous nous rendons compte que des candidatures se retrouvent validées sans actions de la part du candidat ou du gestionnaires

Ce comportement est a priori corrigé par les ticket 1299 et 1300.

Cependant, les blocs qui se retrouveraient validés avant la correction de l'anomalie se retrouveraient bloqués.

Cela bloque le parcours des candidatures concernées

Un script doit être créé pour nettoyer les avancement de candidatures";;
648919;"01/22/2026 12:26";;"impossible de valider le téléversement d'un PDF ";;;"Corrigé en production";;"12/01/2025 16:42";;;;;;"DP ROC";;b_poiron_ext;ROC-1369;b_poiron_ext;;;;Contrat;V5.3;;Majeur;;;;;;;;"|   *Ticket JIRA N°*| |
|   *Environnement/ Version*|PPROD V4.20.0.5|
|   *Titre de l'anomalie*|impossible de valider le téléversement d'un PDF |
|   *Url*|[https://pprod-reservistes.intradef.gouv.fr/interne/login|https://pprod-reservistes.intradef.gouv.fr/afficher-validation/221865/contrat/167917/token/865bd8cf6732a48fe6a3978cb2cd1310]
 [https://pprod-reservistes.cloud.defense.gouv.fr/interne/admin/ref-particulier/mes-contrats-mesures-attractivites]|
|   *Acteur*|AF,|
|   *Identifiants*|*4512_utilisateur; [cigin81761@lxheir.com|mailto:cigin81761@lxheir.com]*|
|   *Mot de passe*|Azertyuiop44!!!|
|   *Anomalie*|Majeur|
|   *Configuration*|Poste INTRADEF FIREFOX ET EDGE|
|   *Bloc*|Paramétrage|
|   *description*|lorsqu'on téléverse un document PDF il est impossible de valider ce PDF. l'écran reste figé et on ne peut supprimer|
|   *Résultat attendu*|Faudrait que le fichier soit enregistrer et mis à disposition pour les Reservistes par la PAPI et  qu'on puisse le supprimer|
|   *Copies d'écran*| |";;
648926;"01/22/2026 12:26";;"[Alertes] - AF/AO - Timeout au lancement d'une alerte immédiate";;;"Corrigé en production";;"12/01/2025 16:42";;;;;;"DP ROC";;b_poiron_ext;ROC-1322;b_poiron_ext;;;;Alertes;V5.3;;Majeur;;;;;;;;"*Titre* : [Alertes] - AF/AO - Timeout au lancement d'une alerte immédiate

*Configuration* : PIC 5.2

*URL* : [https://roc-pic-intradef.fr.capgemini.com/interne/alertes/creation/69/edition/boucle-validation]  

*Descriptif* :

Se connecter en tant qu'AF ou AO

Cliquer sur le bloc fonctionnel ""Alertes"", puis sur le bouton ""Créer une alerte immédiate ""

Compléter les différentes étapes de création d'alerte immédiate par profil (jusqu'à l'étape 4 : ""Publication"")

A l'étape ""Publication"", envoyer la boucle de validation

Faire accepter le lancement de l'alerte immédiate par le valideur (accès à la page ""Validation pour lancement et signature des ordres de convocation d'une alerte immédiate"" depuis sa boîte mail)

Avec l'AF/AO, rafraichir la page de publication de l'alerte immédiate

Cliquer sur le bouton ""Publication""

Après ouverture de la pop-up, cliquer sur le bouton ""Lancer l'alerte immédiate""

 

*Résultat attendu* : 

Affichage de la page ""Création des alertes""

Message de succès : Le lancement de votre alerte immédiate a bien été effectué. Les réservistes concernés et leurs gestionnaires vont en être informés par notification et e-mail

*Résultat obtenu :* 

Page de timeout

!image-2025-03-11-10-02-37-224.png!";;
648937;"01/22/2026 12:26";;"Filtres dans tableau de bord activités";;;"Corrigé en production";;"12/01/2025 16:42";;;;;;"DP ROC";;b_poiron_ext;ROC-1294;b_poiron_ext;;;;Activités;V5.3;;Mineur;;;;;;;;" 
|   *Ticket JIRA N°*| |
|   *Environnement/ Version*|PPROD V4.20.0.5|
|   *Titre de l'anomalie*|L'utilisation du filtre ADS / |
|   *Url*|[https://pprod-reservistes.intradef.gouv.fr/interne/activites/|https://pprod-reservistes.intradef.gouv.fr/afficher-validation/221865/contrat/167917/token/865bd8cf6732a48fe6a3978cb2cd1310]|
|   *Acteur*|Autorité militaire|
|   *Identifiants*|*584_utilisateur*|
|   *Mot de passe*|Azertyuiop44!!!|
|   *Anomalie*|Mineur|
|   *Configuration*|Poste INTRADEF FIREFOX ET EDGE|
|   *Bloc*|Activité|
|   *description*| Le filtre sur la colonne ADS ne fonctionne pas dans le tableau de suivi des activités|
|   *Résultat attendu*|'Rendre ops les filtres|
|   *Copies d'écran*| |";;
648940;"01/22/2026 12:26";;"impossible de modifier une délégation en tant que AF";;;"Corrigé en production";;"12/01/2025 16:42";;;;;;"DP ROC";;b_poiron_ext;ROC-1279;b_poiron_ext;;;;Droits;V4.20.0.6;;Majeur;;;;;;;;"|   *Ticket JIRA N°*| |
|   *Environnement/ Version*|PPROD v4.20.0.5|
|   *Titre de l'anomalie*|impossible de modifier une délégation en tant que AF|
|   *Url*|[https://roc-recette-internet.fr.capgemini.com/lister-postes|https://pprod-reservistes.intradef.gouv.fr/interne/admin/utilisateurs/gestionnaires/10584/modifier]|
|   *Acteur*|AF|
|   *Identifiant*|*4512_utilisateur*|
|   *Mot de passe*|Azertyuiop44!!!|
|   *Anomalie*|BLOQUANTE|
|   *Configuration*|INTRADEF FIREFOX|
|   *Bloc*|gestion des utilisateur|
|   *Description*|en tant qu'AF les boutons ""éditer"" et "" supprimer"" ont disparu dans le tableau de la gestion des délégataires

chemin: gestion des utilisateur-> sélection d'un profil REF-> descendre jusqu'au tableau des délégations



|
|   *Résultat attendu*|*l'AF doit pouvoir modifier les droits des délégataires*|
|   *Copies d'écran*|Reprises ci-après.|";;
648941;"01/22/2026 12:26";;"[Alertes] - AF/AO - Impossible d'afficher les ordres de convocation et d'exporter le csv d'une pré-alerte";;;"Corrigé en production";;"12/01/2025 16:42";;;;;;"DP ROC";;b_poiron_ext;ROC-1277;b_poiron_ext;;;;Alertes;V5.3;;Majeur;;;;;;;;"*Titre* : [Alertes] - AF - Impossible d'afficher les ordres de convocation et d'exporter le csv d'une pré-alerte

*Configuration* : PIC 5.2

*URL* : [https://roc-pic-intradef.fr.capgemini.com/interne/alertes/detail/55]   

*Descriptif* :

Prérequis : création d'une pré-alerte

Se connecter en tant qu'AF ou AO

Via le menu, cliquer sur ""Activités/Calendrier"" puis sur ""Pré-alerte en cours""

Cliquer sur la pré-alerte

Cas 1 : Cliquer sur le bouton ""Ordres de convocations""

Cas 2 : Cliquer sur le bouton ""Exporter .csv""

*Résultat attendu* : 

Cas 1 : Affichage du PDF ""LISTE DES RÉSERVISTES CONCERNÉS PAR L'ALERTE""

Cas 2 : Téléchargement d'un fichier CSV : ex de nommage: 2025_02_07_13h35_export_alerte.csv

*Résultat obtenu :* 

Pages de timeout

!image-2025-03-04-10-36-22-486.png!

!image-2025-03-04-10-36-07-191.png!";;
648942;"01/22/2026 12:26";;" Impossible de se connecter avec le compte pilote ";;;"Corrigé en production";;"12/01/2025 16:42";;;;;;"DP ROC";;b_poiron_ext;ROC-1276;b_poiron_ext;;;;Connexion;V4.20.0.6;;Majeur;;;;;;;;"|   *Ticket JIRA N°*| |
|   *Environnement/ Version*|PPROD V4.20.0.5|
|   *Titre de l'anomalie*|impossible de se connecter |
|   *Url*|[https://pprod-reservistes.intradef.gouv.fr/interne/login|https://pprod-reservistes.intradef.gouv.fr/afficher-validation/221865/contrat/167917/token/865bd8cf6732a48fe6a3978cb2cd1310]
 |
|   *Acteur*|AF |
|   *Identifiants*|*584_utilisateur*|
|   *Mot de passe*|Azertyuiop44!!!|
|   *Anomalie*|Majeur|
|   *Configuration*|INTRADEF FIREFOX ET EDGE|
|   *Bloc*|Rôle|
|   *description*| Impossible lors du choix du profil PIL de s'y connecter une erreur comme marqué sur la capture d'écran |
|   *Résultat attendu*|En choisissant le profil PIL, le gestionnaire devrait avoir accès aux blocs de ROC  !image-2025-03-04-08-57-57-763.png!|";;
648943;"01/22/2026 12:26";;"Problème d'affichage ";;;"Corrigé en production";;"12/01/2025 16:42";;;;;;"DP ROC";;b_poiron_ext;ROC-1275;b_poiron_ext;;;;Contrat;V5.3;;Mineur;;;;;;;;"|*Ticket JIRA N°*|470|
|   *Environnement/ Version*|PPROD V4.20.0.5|
|   *Titre de l'anomalie*|Problème d'affichage en se connectant avec un ADR|
|   *Url*|[https://pprod-reservistes.intradef.gouv.fr/interne/login|https://pprod-reservistes.intradef.gouv.fr/interne/accueil-choix-bloc]
 |
|   *Acteur*|ADR:|
|   *Identifiants*|*742_utilisateur* (DEL ADR ISAACSON..)|
|   *Mot de passe*|Azertyuiop44!!!|
|   *Anomalie*|Mineur|
|   *Configuration*|poste INTRADEF FIREFOX ET EDGE|
|   *Bloc*|Role|
|   *description*| 
Dans la notification le grade et nom sont attachés et le premier caractère du nom n'a pas de majuscule|
|   *Résultat attendu*|Inscrire un espace entre le grade et le nom sans oublier la majuscule sur le 1er caractère du nom. |
|   *Copies d'écran*| |";;
648944;"01/22/2026 12:26";;"erreur création poste DEL-REF";;;"Corrigé en production";;"12/01/2025 16:42";;;;;;"DP ROC";;b_poiron_ext;ROC-1274;b_poiron_ext;;;;Emploi;V4.20.0.6;;Bloquant;;;;;;;;"|   *Ticket JIRA N°*| |
|   *Environnement/ Version*|PPROD v4.20.0.5|
|   *Titre de l'anomalie*|erreur création poste |
|   *Url*|[https://pprod-reservistes.intradef.gouv.fr/interne/poste/creer/poste/46|https://pprod-reservistes.intradef.gouv.fr/interne/gestion-engagement/creer-poste-mobilite-interne?temporalite=1]
 
 |
|   *Acteur*|del-ref|
|   *Identifiants*|*12743_utilisateur*|
|   *Mot de passe*|Azertyuiop44!!!|
|   *Anomalie*|bloquant|
|   *Configuration*|SMOBI INTRADEF FIREFOX |
|   *Bloc*|gestion des emplois|
|   *description*| Quand le délégataire d'un Référent clique sur ""valider"" a l'étape 1 de la création d'une fiche de poste  un message d'erreur s'affiche. voir PJ.
 
|
|   *Résultat attendu*|*il ne devrais pas avoir de message d'erreur et passer a l'étape 2*|

|   *Copies d'écran*| |";;
648945;"01/22/2026 12:26";;"[Activité] Erreur 504 sur l'onglet 'Passée' des activités en tant qu'AF";;;"Corrigé en production";;"12/01/2025 16:42";;;;;;"DP ROC";;b_poiron_ext;ROC-1270;b_poiron_ext;;;;Activités;V4.20.0.6;;Majeur;;;;;;;;"*Titre* : [Activité] - Erreur 504 sur l'onglet 'Passée' des activités

*Configuration* : PIC V5.2

*URLs* :

*Descriptif* :

Se connecter en tant qu'AF

Cliquer sur le bloc ""Activité""

Cliquer sur l'onglet 'Passée'

 

*Résultat attendu* : 

Affichage du tableau de l'onglet 

*Résultat obtenu :* 

Le tableau ne s'affiche pas";;
648952;"01/22/2026 12:26";;"[Activité] - Erreur 500 - RO2 - Ne pas participer à une activité";;;"Corrigé en production";;"12/01/2025 16:42";;;;;;"DP ROC";;b_poiron_ext;ROC-1252;b_poiron_ext;;;;Activités;V5.3;;Majeur;;;;;;;;"*Titre* : [Activité] - Erreur 500 - RO2 - Ne pas participer à une activité

*Configuration* : PIC v5.1

*URL* :

*Description :* 

Se connecter avec un RO2 qui a une activité proposée

Cliquer sur l'activité

Cliquer sur le bouton ""Je refuse la convocation""

Sélectionner une raison de refus

Valider

*Résultat attendu* :

Affichage de la page ""Mes convocations""

Message de succès :  Votre désinscription a été faite avec succès 

L'activité n'est plus présente

*Résultat obtenu* :

!https://jira-ci.fr.capgemini.com/jira/plugins/servlet/raven/attachment/76542/screenshot-2.png|width=780,height=566!

 

 

 ";;
648954;"01/22/2026 12:26";;"[Activité] - Activité RO2 avec des réservistes RO1";;;"Corrigé en production";;"12/01/2025 16:42";;;;;;"DP ROC";;b_poiron_ext;ROC-1248;b_poiron_ext;;;;Activités;V5.3;;Majeur;;;;;;;;"*Titre* : [Activité] - Activité RO2 avec des réservistes RO1

*Configuration* : PIC v5.1

*Descriptif* :

Se connecter avec un gestionnaire qui a un groupe

Créer une activité RO2 et durant la création utiliser un groupe

*Résultat attendu* : 

Les RO1 du Groupe ne sont pas ajoutés dans l'activité RO2

*Résultat obtenu :* 

Les RO1 sont présents dans l'activité à convoquer.

 ";;
648956;"01/22/2026 12:26";;"[Activité] - Défaut d'affichage message d'erreur - pop-up publier";;;"Corrigé en production";;"12/01/2025 16:42";;;;;;"DP ROC";;b_poiron_ext;ROC-1246;b_poiron_ext;;;;Activités;V5.3;;Mineur;;;;;;;;"*Titre* : [Activité] - Défaut d'affichage message d'erreur - pop-up publier

*Configuration* : PIC V5.1

*URL* : 

*Descriptif* :

Se connecter en tant que gestionnaire

Dans le menu, cliquer sur ""Activités/Calendrier"" puis sur ""Créer une activité"".

Cliquer sur ""Nouvelle activité RO1"" ou ""Nouvelle activité prioritaire RO1""

Remplir le formulaire jusqu'à l'étape 4

Cliquer sur ""Publier""

Cliquer sur le bouton ""Oui"" sans renseigner le bouton radio concernant le modèle.

*Résultat attendu* : 

Message d'erreur en rouge sous le(s) champ(s) concerné(s)  

*Résultat obtenu :* 

Message en noir affiché en contrôle de saisie :

!image-2025-02-21-13-43-53-236.png|width=570,height=387!";;
648958;"01/22/2026 12:26";;"Refresh Token se produit même en mode déconnecté et délais entre les refresh";;;"Corrigé en production";;"12/01/2025 16:42";;;;;;"DP ROC";;b_poiron_ext;ROC-1242;b_poiron_ext;;;;Connexion;V5.3;;Mineur;;;;;;;;"Refresh Token se produit même en mode déconnecté.

Ne réaliser la demande de rafraichissement du jeton que si l'utilisateur est connecté

et 

--> Une correction pour remettre en conformité le temps de rafraîchissement de 5 à 30 minutes sera aussi nécessaire (cf. PJ)

/!\ ce changement de durée ne concerne que MDC Intradef !";;
648959;"01/22/2026 12:26";;"[calendrier] erreur 500 sur le clique bouton"" disponibilité par période""";;;"Corrigé en production";;"12/01/2025 16:42";;;;;;"DP ROC";;b_poiron_ext;ROC-1238;b_poiron_ext;;;;Calendrier;V5.3;;Majeur;;;;;;;;"*Titre* : [calendrier] erreur 500 sur le clique bouton"" disponibilité par période""

*Configuration* : PIC 5.1

*URL* : [https://roc-pic-intradef.fr.capgemini.com/interne/gestion-engagement/modifier-poste/7758  |https://roc-pic-intradef.fr.capgemini.com/interne/calendrier/disponibilites-periode?unitesIds=]

*Descriptif* :

Prérequis : calendrier

Se connecter en tant que PIL (4707_utilisateur)

Dans le menu, cliquer sur ""Calendrier"" puis  cliquer sur le bouton ""disponibilité par période""

 

*Résultat attendu* : 

!image-2025-02-20-17-38-57-154.png!

 

*Résultat obtenu :* 

erreur 500 sur la page

 

!image-2025-02-20-17-36-05-810.png!";;
648963;"01/22/2026 12:26";;"Investigation communication ROC / Tacite";;;"Corrigé en production";;"12/01/2025 16:42";;;;;;"DP ROC";;b_poiron_ext;ROC-1222;b_poiron_ext;;;;E-billet;V4.20.0.6;;Mineur;;;;;;;;"Livraison d'un nouveau patch pour augmenter la verbosité des logs sur Tacite, pour investiguer les problèmes de communication ROC -> Tacite en pré-production";;
648964;"01/22/2026 12:26";;"[AO] Annuler des demandes de signatures";;;"Corrigé en production";;"12/01/2025 16:42";;;;;;"DP ROC";;b_poiron_ext;ROC-1220;b_poiron_ext;;;;Activités;V5.4;;Mineur;;;;;;;;"|   *Ticket JIRA N°*| |
|   *Environnement/ Version*|PPROD v4.20.0.5|
|   *Titre de l'anomalie*|Annuler des demandes de signatures|
|   *Url*|[https://roc-recette-internet.fr.capgemini.com/lister-postes|https://pprod-reservistes.intradef.gouv.fr/interne/activites/annuler-signature]|
|   *Acteur*|AO|
|   *Identifiant*|*admin.seo*|
|   *Mot de passe*|Azertyuiop44!!!|
|   *Anomalie*|mineur|
|   *Configuration*|INTRADEF FIREFOX|
|   *Bloc*|Activités|
|   *Description*|Lorsque l'AO souhaite annuler des demandes de signatures une erreur 403 s'affiche.|
|   *Résultat attendu*|*affichage du tableau contenant les demande de signature rappelable.* |
|   *Copies d'écran*|Reprises ci-après.|";;
648965;"01/22/2026 12:26";;"Mise à jour du référentiel CREDO correctif NP";;;"Corrigé en production";;"12/01/2025 16:42";;;;;;"DP ROC";;b_poiron_ext;ROC-1218;b_poiron_ext;;;;Unités;"LIVRAISON HORS VERSION";;Majeur;;;;;;;;"Dans le cadre de l'incident sur les code credo ROC-735
Un script de mise à jour de la base de données DR impactant ref_unite, utilisateur, poste a été implémenté. 

La base NP étant une copie des tables ref_* il est nécessaire après la mise à jour DR, de créer une copie pour l'importer dans la base internet et donc avoir la mise à jour des codes credo des deux côtés.

+*Action attendue :*+ 
Amender le document en rajoutant la copie des tables ref_* DR et l'import dans la base de données NP";;
648972;"01/22/2026 12:26";;"Evolution sur MDC pour mise en conformité CASID - PPROD";;;"Corrigé en production";;"12/01/2025 16:42";;;;;;"DP ROC";;b_poiron_ext;ROC-1140;b_poiron_ext;;;;Connexion;V4.20.0.6;;Majeur;;;;;;;;"'- Modifier les modalités de déconnexion pour utiliser une méthode HTTP POST au lieu de GET. --> requête POST à MDC pour le déconnecter et vider la session pour l'utilisateur courant dans le Front.

- Diminuer le nombre d'appels à l'API user-info ; idéalement uniquement à la connexion et aucun lors du rafraîchissement session.";;
648980;"01/22/2026 12:26";;"[Alertes] - Référent / Pilote - Erreur 500 accès détails pré-alerte";;;"Corrigé en production";;"12/01/2025 16:42";;;;;;"DP ROC";;b_poiron_ext;ROC-1061;b_poiron_ext;;;;Alertes;V5.2;;Bloquant;;;;;;;;"*Titre* : [Alertes] - Référent / Pilote - Erreur 500 accès détails pré-alerte

*Configuration* : PIC 5.1

*URL* : [https://roc-pic-intradef.fr.capgemini.com/interne/alertes/13]

*Identifiant :* 

REF 5570_utilisateur.roc@getnada.com
PIL 4707_utilisateur.roc@getnada.com

*Descriptif* :

Se connecter avec un REF ou PIL

Cliquer sur le bloc ""Alertes""

!image-2025-02-07-15-22-47-104.png|width=505,height=205!

Cliquer sur une pré-alerte

*Résultat attendu* :

Affichage du détail de l'alerte

*Résultat obtenu* :

Erreur 500

!image-2025-02-07-15-24-24-772.png|width=751,height=387!";;
648988;"01/22/2026 12:26";;"[Activités][Contrôler]  - Deux colonnes Pièces Jointes";;;"Corrigé en production";;"12/01/2025 16:42";;;;;;"DP ROC";;b_poiron_ext;ROC-945;b_poiron_ext;;;;Activités;V5.2;;Mineur;;;;;;;;"*Titre* : [Activités][Contrôler] - Deux colonnes Pièces Jointes

*Configuration* : PIC 4.20.0.5

*Identifiant :*  CR

*Descriptif* :

Se connecter sur Intradef avec un contrôleur

Cliquer sur le bloc ""Contrôler les activités""

*Résultat attendu* :

Affichage de la page ""Contrôle des activités passées dans ROC""

Tableau avec les colonnes :
 * Unité 
 * Libellé
 * Sous-titre
 * Date de début
 * Date de fin
 * Type
 * NID du réserviste
 * Créateur
 * Responsable clôture
 * Valideur
 * Descriptif de l’activité
 * Pièces jointes
 * ENARO 
 * Nom Prénom ATS
 * Signature ATS
 * N° d'ENARO

*Résultat obtenu :* 

Il y a deux colonnes PIèces jointes, il faut une colonne Pièces jointes et une colonne Enaro

!https://jira-ci.fr.capgemini.com/jira/plugins/servlet/raven/attachment/75005/screenshot-1.png|width=654,height=216!";;
648992;"01/22/2026 12:26";;"[CS] - Création d'un CS par le ref/pil - Mail sans le grade, prenom et nom du CS";;;"Corrigé en production";;"12/01/2025 16:42";;;;;;"DP ROC";;b_poiron_ext;ROC-926;b_poiron_ext;;;;Comptes;V5.2;;Mineur;;;;;;;;"*Titre* : [ATS] - Création d'un ATS - Mail sans le grade

*Configuration* : PIC 4.20.0.5

*Identifiant :* 215386_reserviste.roc@getnada.com

*Descriptif* :

Se connecter avec un ref / pil

Via le menu cliquer sur ""Gestion"" puis ""Correspondants de sécurité""

Cliquer sur le bouton ""Créer un correspondant de sécurité""

Renseigner le formulaire et cliquer sur ""Créer""

*Résultat attendu* :

Le CS reçoit un mail : 

Contenu de l'email

« Bonjour [grade] [Prénom] [Nom],
Vous avez été proposé par le [profil] [grade][Prénom] [Nom] (identité du demandeur) pour devenir correspondant de sécurité des unités [codes CREDO des unités].
En qualité de correspondant de sécurité, vous êtes habilité à valider numériquement un certain nombre de documents dans le système d’information «Réservistes opérationnel connectés » (ROC). Pour ce faire, il vous est demandé de bien vouloir vous connecter avec votre compte d’officier de sécurité dans ROC en cliquant sur le lien qui suit et
en vous connectant avec votre identifiant et votre mot de passe habituel.
[lien]
Cordialement,
Ministère des armées
Délégation interarmées aux réserves
Ce message vous a été envoyé automatiquement,merci de ne pas y répondre.

*Résultat obtenu :*

*{color:#4c9aff}Avec compte ROC:{color}*

Le mail reçu : 

Bonjour,

Vous avez été proposé par le CNE Mems Cahoon pour devenir correspondant de sécurité des unités 00BW000....

 

{*}{color:#4c9aff}Sans Compte ROC{color}{*}:

Bonjour Kxx KWW,

 

Vous avez été proposé par le CNE Mems Cahoon pour devenir correspondant de sécurité des unités 00BW000, 00BW9H0.....

 

 ";;
648993;"01/22/2026 12:26";;"[ATS] - Suppression d'un ATS par le ref/pil - Mail sans le grade";;;"Corrigé en production";;"12/01/2025 16:42";;;;;;"DP ROC";;b_poiron_ext;ROC-922;b_poiron_ext;;;;Comptes;V5.2;;Mineur;;;;;;;;"*Titre* : [ATS] - Création d'un ATS - Mail sans le grade

*Configuration* : PIC 4.20.0.5

*Identifiant :* 215386_reserviste.roc@getnada.com

*Descriptif* :

Se connecter avec un ref / pil

Cliquer sur le bloc fonctionnel ""ATS""

Cliquer sur le bouton ""Créer""

Renseigner le formulaire et cliquer sur ""Créer""

*Résultat attendu* :

L'ATS reçoit un mail : 

_Objet : Compte d’autorité signataire dans ROC_

_"" Bonjour [grade] [Prénom] [Nom],_

_Votre compte d’autorité signataire a été supprimé dans le SI ROC par le [profil] [grade] [Prénom] [Nom]._

_Cordialement,_

_Ministère des armées_

_Délégation interarmées aux réserves_

_Ce message vous a été envoyé automatiquement, merci de ne pas y répondre.""_

*Résultat obtenu :*

Le mail reçu sans grade";;
648997;"01/22/2026 12:26";;"[Affiliation] - Défaut d'affichage du message d'erreur dans le formulaire d'affiliation";;;"Corrigé en production";;"12/01/2025 16:42";;;;;;"DP ROC";;b_poiron_ext;ROC-862;b_poiron_ext;;;;Droits;V5.2;;Mineur;;;;;;;;"*Titre* : [Affiliation] - Défaut d'affichage du message d'erreur dans le formulaire d'affiliation

*Configuration* : PIC 20.0.5

*URL* : [https://roc-pic-intradef.fr.capgemini.com/interne/admin/utilisateurs/gestionnaires/12049/affiliation/ajouter]

*Descriptif* :

Se connecter en tant que gestionnaire

Dans le menu, cliquer sur ""Gestion"" puis ""Gestion des affiliés""

Cliquer sur le bouton ""Créer une affiliation""

Cliquer sur le bouton ""Rechercher""

Sélectionner un ""Rôle à affilier""

Cliquer sur le bouton ""Rechercher""

*Résultat attendu* : 

Message d'erreur en rouge sous le(s) champ(s) concerné(s) 

*Résultat obtenu :* 

Message en noir affiché en contrôle de saisie  : 

!image-2025-01-30-10-50-34-751.png!";;
648998;"01/22/2026 12:26";;"[ATS] - Création d'un ATS par le ref/pil - Mail sans le grade de l'ATS";;;"Corrigé en production";;"12/01/2025 16:42";;;;;;"DP ROC";;b_poiron_ext;ROC-824;b_poiron_ext;;;;Comptes;V5.1;;Mineur;;;;;;;;"*Titre* : [ATS] - Création d'un ATS - Mail sans le grade

*Configuration* : PIC 4.20.0.5

*Identifiant :* 215386_reserviste.roc@getnada.com

*Descriptif* :

Se connecter avec un ref / pil

Cliquer sur le bloc fonctionnel ""ATS""

Cliquer sur le bouton ""Créer""

Renseigner le formulaire et cliquer sur ""Créer""

*Résultat attendu* :

L'ATS reçoit un mail : 

_« Bonjour [grade] [Prénom] [Nom],_

_En qualité d'autorité, vous êtes habilité à valider numériquement un certain nombre de documents dans le système d'information « Réservistes opérationnel connectés » (ROC)._

_Pour ce faire, il vous est demandé de bien vouloir créer votre compte dans ROC en cliquant sur le lien qui suit et en vous connectant avec l'identifiant et le mot de passe provisoire communiqué dans ce message._

_[lien]_

_[identifiant]_

_[mot de passe provisoire]_

_Il vous est demandé de modifier votre mot de passe avant de vous déconnecter._

_Cordialement,_

_Ministère des armées_

_Délégation interarmées aux réserves_

_Ce message vous a été envoyé automatiquement, merci de ne pas y répondre. »_

*Résultat obtenu :*

Le mail reçu : ** 

Bonjour Fac FAB,

En qualité d'autorité, ....

 

Pas de mention du Grade de l'utilisateur";;
649000;"01/22/2026 12:26";;"[Activités] - ATS - Activités passées filtrage par sous-titre KO";;;"Corrigé en production";;"12/01/2025 16:42";;;;;;"DP ROC";;b_poiron_ext;ROC-821;b_poiron_ext;;;;Activités;V5.1;;Mineur;;;;;;;;"*Titre* : [Activités] - ATS - Activités passées filtre

*Configuration* : PIC 20.0.5

*Identifiant* :

ATS :5221_utilisateur

*URL* : [https://roc-pic-intradef.fr.capgemini.com/interne/activites/enaro/signature/passe]

*Descriptif* :

Se connecter avec un ATS

Cliquer sur le bloc fonctionnel ""Activités""

Cliquer sur l'onglet ""Passées""

Renseigner le filtre sous-titre activité avec 'le sous-titre d'une activité

*Résultat attendu* : 

Le filtre est appliqué.

Une seule activité est affichée.

*Résultat obtenu* :

Aucun changement au niveau de l'affichage

!image-2025-01-28-14-14-54-734.png|width=785,height=352!";;
649001;"01/22/2026 12:26";;"[Activités] - Refus de participation - Fermeture de la pop-up malgré une erreur";;;"Corrigé en production";;"12/01/2025 16:42";;;;;;"DP ROC";;b_poiron_ext;ROC-817;b_poiron_ext;;;;Activités;V5.1;;Mineur;;;;;;;;"*Titre* : [Activités] - Refus de participation - Fermeture de la pop-up malgré une erreur

*Configuration* : PIC Internet

*URL* : [https://roc-pic-internet.fr.capgemini.com/reserviste/mes-activites/1472031/inscription]

*Identifiant :* 215386_reserviste.roc@getnada.com

*Descriptif* :

Se connecter avec un RO2 qui a une activité proposée

Cliquer sur l'activité

Cliquer sur le bouton ""Je refuse la convocation""

Sélectionner une raison de refus, renseigner un caractère dans la justification et valider

*Résultat attendu* :

Affichage du message d'erreur sur la ""Justification"" dans la pop-up

!image-2025-01-28-10-04-54-476.png|width=289,height=377!

*Résultat obtenu* :

Fermeture de la pop-up

Il faut rouvrir la pop-up pour voir le message d'erreur

 

Correction: 

→ Ajout d'un message d'erreur après la fermeture de la pop-up

Une erreur est survenue lors de l'enregistrement des données 

!image-2025-01-30-15-26-00-075.png!";;
649003;"01/22/2026 12:26";;"[Calendrier] - Affichage disponibilité incohérent";;;"Corrigé en production";;"12/01/2025 16:42";;;;;;"DP ROC";;b_poiron_ext;ROC-812;b_poiron_ext;;;;Calendrier;V5.2;;Mineur;;;;;;;;"*Titre* : [Calendrier] - Affichage disponibilité incohérent

*Configuration* : PIC 20.0.5

*URL* : [https://roc-pic-intradef.fr.capgemini.com/interne/calendrier]

[https://roc-pic-intradef.fr.capgemini.com/interne/calendrier/disponibilites-periode]

*Descriptif* :

Se connecter en tant que Gestionnaire

Cliquer sur le bloc fonctionnel ""Calendrier""

*Résultat attendu* : 

Le nombre de réservistes disponibles affiché dans le calendrier doit être égale au nombre de réservistes disponible sur la page disponibilités par période.

*Résultat obtenu :* 

Le calendrier indique 9+8+19 réservistes RO1 disponibles

!image-2025-01-27-15-14-48-971.png!

Mais sur l'affichage des disponibilités par période, il y a que 15 réservistes :

!image-2025-01-27-15-18-18-608.png|width=878,height=450!

 ";;
649004;"01/22/2026 12:26";;"[Alertes] - Erreur 500 après la publication d'une alerte";;;"Corrigé en production";;"12/01/2025 16:42";;;;;;"DP ROC";;b_poiron_ext;ROC-781;b_poiron_ext;;;;Alertes;V5.1;;Mineur;;;;;;;;"*Titre* : [Alertes] - Erreur 500 après la publication d'une alerte

*Configuration* : PIC 20.0.5

*URL* : [https://roc-pic-intradef.fr.capgemini.com/interne/alertes/creation/20/edition/boucle-validation]

*Descriptif* :

Se connecter en tant qu'AF/AO

Cliquer sur le bloc fonctionnel ""Alertes""

Cliquer sur ""Créer une Pré-alerte"" /  ""Créer une alerte immédiate"" 

Renseigner les données obligatoires jusqu'à la publication

Lancer l'alerte

*Résultat attendu* : 

Affichage de la page Création des alertes

Message de succès 

*Résultat obtenu :* 

Erreur 500

!image-2025-01-23-13-15-16-709.png|width=849,height=440!";;
649006;"01/22/2026 12:26";;"[Calendrier] - Mois en anglais";;;"Corrigé en production";;"12/01/2025 16:42";;;;;;"DP ROC";;b_poiron_ext;ROC-777;b_poiron_ext;;;;Calendrier;V5.1;;Mineur;;;;;;;;"*Titre* :[Calendrier] - Mois en anglais

*Configuration* : PIC 20.0.5

*Description* :

Se connecter avec un gestionnaire

Cliquer sur le bloc fonctionnel ""Calendrier""

*Résultat attendu :* 

Le mois est en français

*Résultat obtenu :* 

Le mois est en anglais

!image-2025-01-22-16-09-44-089.png!";;
649008;"01/22/2026 12:26";;"[Calendrier] - Disparition de l'affichage du calendrier";;;"Corrigé en production";;"12/01/2025 16:42";;;;;;"DP ROC";;b_poiron_ext;ROC-751;b_poiron_ext;;;;Calendrier;V5.1;;Bloquant;;;;;;;;"*Titre* :[Calendrier] - Disparition de l'affichage du calendrier

*Configuration* : PIC 20.0.4

*Description* :

Se connecter avec un réserviste

Cliquer sur le bloc fonctionnel ""Calendrier""

Cliquer sur deux dates

Affichage d'une pop

Renseigner les dates

Cliquer sur le bouton ""Ajouter une disponibilité""

*Résultat attendu :* 

!image-2025-01-17-13-20-03-073.png!

*Résultat obtenu :* 

!image-2025-01-17-11-23-14-178.png|width=1222,height=585!

 ";;
649009;"01/22/2026 12:26";;"[Calendrier] - Bouton Gérer mes disponibilités";;;"Corrigé en production";;"12/01/2025 16:42";;;;;;"DP ROC";"bugs #478535";b_poiron_ext;ROC-750;b_poiron_ext;;;;Calendrier;V5.1;;Mineur;;;;;;;;"*Titre* : [Calendrier] - Bouton Gérer mes disponibilités

*Configuration* : PIC 20.0.4

*Description* :

Se connecter avec un réserviste

Cliquer sur le bloc fonctionnel ""Calendrier""

Cliquer sur le bouton ""Gérer mes disponibilités""

*Résultat attendu :* 

Affichage d'une pop

!image-2025-01-17-13-27-14-328.png!

*Résultat obtenu :* 

Aucun affichage

 ";;
649012;"01/22/2026 12:26";;"[Affilliés] - Tableaux mes affiliations vides";;;"Corrigé en production";;"12/01/2025 16:42";;;;;;"DP ROC";;b_poiron_ext;ROC-728;b_poiron_ext;;;;Droits;V5.1;;Mineur;;;;;;;;"*Titre* : [Affilliés] - Tableaux mes affiliations vides

*Configuration* : PIC Intradef 

*URL* : [https://roc-pic-intradef.fr.capgemini.com/interne/admin/utilisateurs/gestionnaires/14215/modifier]

[https://roc-pic-intradef.fr.capgemini.com/interne/mon-compte/affiliation/lister-recues]

*AFF* : 6042_utilisateur.

*Descriptif* :

1. Se connecter avec l'AF

   Cliquer sur le bloc fonctionnel ""Gérer les comptes""

   Filtrer par rôle Affilié

   Cliquer sur un Affilié

2. Se connecter avec l'Affilié

   Via le menu cliquer sur ""Gestion"" puis sur ""Mes affiliations""

*Résultat attendu* :

Affiche les rôles , grades , prénoms et noms des affiliations

*Résultat obtenu* :

1.

!image-2025-01-14-09-18-50-528.png|width=770,height=324!

 

2. 

!image-2025-01-14-09-27-54-643.png|width=793,height=379!";;
649016;"01/22/2026 12:26";;"[Affilliés] - Erreur création affilié avec un compte ROC";;;"Corrigé en production";;"12/01/2025 16:42";;;;;;"DP ROC";;b_poiron_ext;ROC-719;b_poiron_ext;;;;Droits;V5.1;;Bloquant;;;;;;;;"*Titre* : [Affilliés] - Erreur création affilié avec un compte ROC

*Configuration* : PIC intradef

*URL* : [https://roc-pic-intradef.fr.capgemini.com/interne/mon-compte/affiliation/ajouter]

*Identifiant :* 2208_utilisateur

*Descriptif* :

Se connecter avec un référent ou pilote

Aller dans Gestion puis Gestion des affiliés

Cliquer sur Créer une affiliation

Sélectionner un rôle

Renseigner le mail d'un compte ROC (7771_utilisateur.roc@getnada.com)

Cliquer sur le bouton Rechercher -> Les infos du compte sont récupérées

Cliquer sur le bouton Affilier

*Résultat attendu* :

Redirection sur la page gestion des affiliés

Message de succès.

L'affilié est présent dans le tableau

*Résultat obtenu* :

!image-2025-01-13-12-58-58-458.png|width=905,height=684!";;
649022;"01/22/2026 12:26";;"[Activités][Évaluation] - Problème d'affichage des critères d'évaluations";;;"Corrigé en production";;"12/01/2025 16:42";;;;;;"DP ROC";;b_poiron_ext;ROC-663;b_poiron_ext;;;;Activités;V5.1;;Mineur;;;;;;;;"*Titre* : [Activités][Évaluation] - Problème d'affichage des critères d'évaluations

*Configuration* : PIC 20.0.3

*URL* : [https://roc-pic-intradef.fr.capgemini.com/interne/activites/evaluer/detail/1377316]

*Descriptif* :

Se connecter en tant que gestionnaire

Via le menu, cliquer sur ""Activités/Contrats"" puis sur cliquer sur ""À évaluer""

Cliquer sur une activité à évaluer.

*Résultat attendu* : 

!image-2025-01-07-16-23-07-670.png!

*Résultat obtenu* :

Il faut cacher les champs qui affichent la note pour fixer l'alignement.

Il faut cacher les champs et rajouter les étoiles pour chaque critère sur les volets déroulant des réservistes

Les boutons ""enregistrer"" enregistrent toute la page.

 

!image-2025-01-07-16-26-48-828.png!

 ";;
649026;"01/22/2026 12:26";;"[E-billets] - R01 - Erreur 500 sur la page Mes demandes, mes e-billets, mon historique";;;"Corrigé en production";;"12/01/2025 16:42";;;;;;"DP ROC";;b_poiron_ext;ROC-653;b_poiron_ext;;;;E-billet;V4.20.0.4;;Bloquant;;;;;;;;"*Titre* : [E-billets] - R01 - Erreur demande e-billet

*Configuration* : PIC 20.0.3

*Identifiant* :

R01 : 44307_reserviste.roc@getnada.com

*URL* :  [https://roc-pic-intradef.fr.capgemini.com/interne/mes-deplacements/billets-archives]

*Descriptif* :

Se connecter avec un RO1

Via le menu, cliquer sur ""Déplacements"" puis sur ""Mes demandes""

Via le menu, cliquer sur ""Déplacements"" puis sur ""Mes e-billets""

Via le menu, cliquer sur ""Déplacements"" puis sur ""Mon historique""

*Résultat attendu* :

Affichage des différentes pages

*Résultat obtenu* :

!image-2024-12-20-18-03-54-206.png|width=719,height=432!

!image-2024-12-20-18-04-23-279.png|width=721,height=446!

!image-2024-12-20-18-04-59-968.png|width=721,height=460!

 

 ";;
649031;"01/22/2026 12:26";;"[AF] export  massif des activité vide";;;"Corrigé en production";;"12/01/2025 16:42";;;;;;"DP ROC";;b_poiron_ext;ROC-644;b_poiron_ext;;;;Extraction;V4.20.0.4;;Bloquant;;;;;;;;"|   *Ticket JIRA N°*| |
|   *Environnement/ Version*|recette Cap v4.20.0.3|
|   *Titre de l'anomalie*|[AF] export  massif des activités vide|
|   *Url*|[Extractions massives - Statistiques - Réservistes des armées|https://roc-recette-intradef.fr.capgemini.com/interne/admin/qualite]|
|   *Acteur*|AF|
|   *Identifiant*|*4512_utilisateur*|
|   *Mot de passe*|Azertyuiop44!!!|
|   *Anomalie*|BLOQUANTE|
|   *Configuration*|INTRADEF FIREFOX|
|   *Bloc*| # Espace qualité|
|   *Description*|Lorsqu'on est AF et qu'on souhaite faire une extraction massives des Activités le .csv téléchargé est vide que ce soit via l'export qualité ou par le bloc Activité le résultat est le meme
l'extraction via le bloc activité ne fonctionne pour aucun profil (AF/PIL/REF/...)|
|   *Résultat attendu*|*le .csv doit contenir les données demandé*|
|   *Copies d'écran*| |";;
649035;"01/22/2026 12:26";;"[Activités] - AF - Les activités cloturées ne sont pas visibles";;;"Corrigé en production";;"12/01/2025 16:42";;;;;;"DP ROC";;b_poiron_ext;ROC-617;b_poiron_ext;;;;Activités;V5.1;;Bloquant;;;;;;;;"*Titre* : [Activités] - AF - Les activités clôturées ne sont pas visibles

*Configuration* : PIC 20.0.2

*Identifiant :*

AF

*Descriptif :*

Se connecter avec l'AF

Via le menu, cliquer sur le ""Activités/Calendrier"" puis sur ""À clôturer""

*Résultat attendu* : 

Affichage des activités clôturées

*Résultat obtenu* :

Aucune donnée disponible dans le tableau

!image-2024-12-16-17-42-12-082.png|width=632,height=415!

!image-2024-12-16-17-42-25-935.png|width=634,height=387!";;
649037;"01/22/2026 12:26";;"[Activités] -  Évaluation - Gestionnaire - Incohérence au niveau de l'alignement";;;"Corrigé en production";;"12/01/2025 16:42";;;;;;"DP ROC";;b_poiron_ext;ROC-612;b_poiron_ext;;;;Activités;V5.1;;Mineur;;;;;;;;"*Titre* : [Activités]- Évaluation - Gestionnaire - Incohérence au niveau de l'alignement

*Configuration* : PIC internet

*URL* : 

*Descriptif* :

Se connecter en tant que gestionnaire

Via le menu, cliquer sur ""Activités/Contrats"" puis sur cliquer sur ""À évaluer""

Cliquer sur une activité à évaluer.

*Résultat attendu* : 

*Résultat obtenu* :

!https://jira-ci.fr.capgemini.com/jira/plugins/servlet/raven/attachment/72232/screenshot-1.png!";;
649040;"01/22/2026 12:26";;"[ACTIVITES] - Erreur sur la validation définitive d'engagement";;;"Corrigé en production";;"12/01/2025 16:42";;;;;;"DP ROC";;b_poiron_ext;ROC-607;b_poiron_ext;;;;Activités;V4.20.0.2;;Bloquant;;;;;;;;"vec le Référent , Cliquer sur la Tuile ""Validation définitive""
 
h3.  
Affichage de la page ""Création de l'ESR""

Contient les champs :
 * Bouton pour Téléverser ESR définitif
 * Résultat ESR (bouton radio) : Valider et Archiver, Abandon, Redirection, Non retenu.";;
649043;"01/22/2026 12:26";;"[Activités][Inscription] RO2 - Erreur sur le refus de participation à une convocation";;;"Corrigé en production";;"12/01/2025 16:42";;;;;;"DP ROC";;b_poiron_ext;ROC-604;b_poiron_ext;;;;Activités;V5.1;;Majeur;;;;;;;;"PIC : 4.20.0.2

*Description :* 

Se connecter avec un RO2 qui a une activité proposée

Cliquer sur l'activité

Cliquer sur le bouton ""Je refuse la convocation""

Sélectionner une raison de refus

Valider

*Résultat obtenu* : 

!https://jira-ci.fr.capgemini.com/jira/plugins/servlet/raven/attachment/72236/screenshot-2.png|width=633,height=379!!image-2024-12-16-14-57-42-006.png|width=723,height=417!

 

 ";;
649045;"01/22/2026 12:26";;"[Activités] - Erreur 500 consultation activité passée";;;"Corrigé en production";;"12/01/2025 16:42";;;;;;"DP ROC";;b_poiron_ext;ROC-601;b_poiron_ext;;;;Activités;V5.1;;Bloquant;;;;;;;;"*Titre* : [Activités – Erreur 500 consultation activité passée

*Configuration* : PIC 20.0.1

*Identifiant* :

Reserviste RO1 : 
238273_reserviste.roc@getnada.com
*URL* :[https://roc-pic-internet.fr.capgemini.com/reserviste/mes-activites/1328906/passee]

*Descriptif* :

Se connecter avec réserviste RO1

Via le menu cliquer sur Activités/Calendrier puis sur Mes demandes passées

Cliquer sur une activité

*Résultat attendu* : 

Affichage des informations de l'activité

*Résultat obtenu* :

!image-2024-12-13-12-03-12-680.png|width=676,height=485!

 

 

 ";;
649047;"01/22/2026 12:26";;"[Activités][Contrôler]- Erreur génération document Enaro";;;"Corrigé en production";;"12/01/2025 16:42";;;;;;"DP ROC";;b_poiron_ext;ROC-598;b_poiron_ext;;;;Activités;V4.20.0.2;;Majeur;;;;;;;;"*Titre* : [Activités][Contrôler]- Erreur génération document Enaro

*Configuration* : PIC 20.0.1

*Identifiant* :

Controleur:  8105_utilisateur

*URL* : [https://roc-pic-intradef.fr.capgemini.com/interne/activites/enaro-groupe/550008]

*Descriptif* :

Se connecter avec un Contrôleur

Cliquer sur le bloc ""Contrôler les activités""

Cliquer sur le lien ENARO

*Résultat attendu* : 

Affichage du PDF de l'ENARO

*Résultat obtenu* : 

!image-2024-12-12-12-27-46-355.png!";;
649057;"01/22/2026 12:26";;"Ecriture d'un script pour l'ajout de questions-réponses à la FAQ";;;"Corrigé en production";;"12/01/2025 16:42";;;;;;"DP ROC";;b_poiron_ext;ROC-528;b_poiron_ext;;;;Communication;V4.20.0.2;;Bloquant;;;;;;;;"*Contexte :* 

La migration des méthodes d'authentification de ROC vers MDC entraine une conduite du changement importante. Actuellement le paramétrage de la FAQ est KO en production (sa correction intervient en même temps que les changements pour MDC), il faut donc une solution de contournement à court terme.

*Action attendu :*

Rédaction d'un script pour l'ajout à la FAQ des questions-réponses suivantes sous la rubrique ""{*}Questions générales{*}"" et visible par les *RO1* et les *RO2* (si possible en tête de liste des questions):

Question 1 :

Je ne trouve pas la France dans la liste des pays de naissance :

Réponse 1 :

Solution : la France est dans le bas de la liste (13ème pays avant la fin - 91000FR – FRANCE)

Question 2 :

Il m’est impossible de renseigner le lieu de naissance, la page se fige à chaque tentative, je ne peux plus rien faire :

Réponse 2 :
 * solution 1 : l’activation de cette page est longue, attendre que la page réponde. Réessayer en cas de « time-out ».
 * solution 2 : choisir le 00000 (ville de naissance non renseignée) et poursuivre la création du compte
 * solution 3 : essayer de créer votre comte Mindef Connect avec le navigateur FIREFOX
 * Solution 4 : utiliser son smartphone

Question 3 :

Après le message « Verify email », je ne reçois pas de message de confirmation dans ma boite mail personnelle, il m’est donc impossible de cliquer sur le lien pour finaliser la création de mon compte MinDef Connect V2 :

Réponse 3 :
 * Solution 1 : vérifier si le message n’est pas dans la boite de spam ou autres ou indésirables.
 * Solution 2 : si vous avez une adresse de messagerie en @orange.fr ou en @wanadoo.fr, attendre qu’Orange corrige le bug concernant le renvoi du message de confirmation (1ère semaine de janvier)
 * Solution 3 : changer d’adresse de messagerie en excluant @orange.fr et @wanadoo.fr. Ne pas oublier de changer votre adresse de messagerie dans ROC également.

Question 4 :

Je suis dans l’impossibilité de créer un compte MINDEFCONNECT V2. J’ai bien vérifié mes adresses Mail et elles sont communes à ROC et Mindef Connect. C’est celle que j’utilise pour créer mon compte V2. Je ne peux pas poursuivre la création du compte. Il est stipulé que le courriel existe déjà.

Réponse 4 :

Solution : aller sur la page de connexion à Mindef Connect, cliquer sur « mot de passe oublié » dans Mindef Connect. Changer son mot de passe.

Question 5 :

 J’ai suivi toute la procédure, comment puis-je vérifier que mon compte est bien créé ?

Réponse 5 :

Il suffit de retourner sur l’adresse {+}[https://|https://auth.defense.gouv.fr/]{+}{+}[auth.defense.gouv.fr|https://auth.defense.gouv.fr/]{+}. Renseigner son identifiant (adresse email) et MdP, se connecter et si la page Keycloak s’affiche bien cela signifie que le compte est bien créé.

Question 6 :

J’ai suivi toute la procédure de création de compte, tout s’est bien déroulé et après avoir cliqué sur le lien apparaissant dans le message de confirmation de création de compte j’arrive sur un message de bienvenue dans la gestion de compte Keycloak. Que dois-je faire ?

Réponse 6 :

Réponse : si vous êtes candidat à la réserve ou bien réserviste, vous n’avez plus rien à faire, votre compte est Mindef Connect V2 est bien créé.

Question 7 :

Je n’ai pas eu le temps de cliquer sur le lien qui était dans le mail de confirmation. Que dois-je faire ?

Réponse 7 :

Réponse : si le délai de validité de 15 mn est dépassé, il faut se reconnecter sur Mindef Connect avec son @mail et mot de passe ce qui ramène à un écran permettant le renvoi du message de confirmation. Il suffit alors de demander un renvoi de l’email.

Question 8 :

Y a-t-il un lien entre Mindef Connect V2 et Mindef Connect V1 ?

Réponse 8 :

Réponse : non, il n’y a aucun lien. Vous pouvez disposer simultanément d’un compte Mindef Connect V2 et d’un compte Mindef Connect V1 qui vous permettent de vous connecter à différents SI.

Question 9 :

Puis-je changer mon adresse de messagerie dans ROC ou dans Mindef Connect V2 sans que cela m’empêche de me connecter à ROC ?

Réponse 9 :

Réponse : Oui, mais il est préférable que les deux adresses soient identiques. Il convient de changer d’abord l’adresse mail dans ROC puis dans Mindef Connect V2 via la page Keycloak.";;
649059;"01/22/2026 12:26";;"filtre dans les activités à signer ";;;"Corrigé en production";;"12/01/2025 16:42";;;;;;"DP ROC";;b_poiron_ext;ROC-521;b_poiron_ext;;;;Activités;V4.20.0.2;;Mineur;;;;;;;;"Role AF
/interne/activites/signer/liste
Faire une recherche dans le libellé

[500] Erreur serveur sur ""GET /v7/api/activites"" | {""type"":""https:\/\/tools.ietf.org\/html\/rfc2616#section-10"",""title"":""An error occurred"",""status"":500,""detail"":""[Semantical Error] line 0, col 880 near 'codeAct.refCodeActiviteLibelle': Error: 'codeAct' is not defined."",""class"":""Doctrine\\ORM\\Query
QueryException"",""trace"":[

{""namespace"":"""",""short_class"":"""",""class"":"""",""type"":"""",""function"":"""",""file"":""\/var\/www\/developpeurs\/sarah\/roc-back-intradef\/vendor\/doctrine\/orm\/src\/Query\/QueryException.php"",""line"":28,""args"":[]}

,{""namespace"":""Doctrine\\ORM\\Query"",""short_class"":""QueryException"",""class"":""Doctrine\\ORM\\Query\\QueryException"",""type"":""::"",""function"":""semanticalError"",""file"":""\/var\/www\/developpeurs\/sarah\/roc-back-intradef\/vendor\/doctrine\/orm\/src\/Query\/Parser.php"",""line"":429,""args"":[[""string"",""line 0, col 880 near 'codeAct.refCodeActiviteLibelle': Error: 'codeAct' is not defined.""],[""object"",""Doctrine\\ORM\\Query\\QueryException""]]},

Valable pour les autres filtres";;
649061;"01/22/2026 12:26";;"Référent - Transfert de compte REF/PIL  NOK";;;"Corrigé en production";;"12/01/2025 16:42";;;;;;"DP ROC";;b_poiron_ext;ROC-512;b_poiron_ext;;;;Droits;V4.20.0.2;;Majeur;;;;;;;;"|   *Ticket JIRA N°*| |
|   *Environnement/ Version*|PPROD v4.20.0.1|
|   *Titre de l'anomalie*|Transfert de compte REF/PIL  NOK|
|   *Url*|[https://roc-recette-intradef.fr.capgemini.com/interne/mon-compte/mes-droits|https://roc-recette-internet.fr.capgemini.com/interne/poste/creer/modele]|
|   *Acteur*|REF/ PIL|
|   *Identifiant*|*3767_utilisateur / 12150_utilisateur*|
|   *Mot de passe*|Azertyuiop44!!!|
|   *Anomalie*|MAJEURE|
|   *Configuration*|INTRADEF FIREFOX|
|   *Bloc*|Gestion|
|   *Description*|Lorsque le REF/PIL souhaite transférer son compte REF/PIL  le bouton ""valider"" ne réagit pas.|
|   *Résultat attendu*| |
|   *Copies d'écran*|en PJ|";;
649066;"01/22/2026 12:26";;"Impossibilité de valider le module ""Information obligatoire""";;;"Corrigé en production";;"12/01/2025 16:42";;;;;;"DP ROC";;b_poiron_ext;ROC-438;b_poiron_ext;;;;Candidature;V4.20.0.1;;Bloquant;;;;;;;;"|  *Ticket JIRA N°*| |
|   *Environnement/ Version*|RECETTE CAP v4.20|
|   *Titre de l'anomalie*|Impossibilité de valider le module ""Information obligatoire""|
|   *Url*|https://roc-recette-internet.fr.capgemini.com/candidat/processus-candidature/etape/informations-obligatoires|
|   *Acteur*|Candidat|
|   *Identifiants*|212065_candidat|
|   *Mot de passe*|Azertyuiop44!!!|
|   *Anomalie*|Bloquante|
|   *Configuration*|INTRADEF Chrome/Edge|
|   *Bloc*|Paramétrage fonctionnel|
|   *description*|Lorsque le candidat tente de valider le module ""Information obligatoire"", une requête ""AccueilController::accueilDeconnecte"" se lance mais rien ne se passe ([https://roc-recette-internet.fr.capgemini.com/_profiler/9503c2] pour la requête de la capture d'écran)|
|   *Résultat attendu*| |
|   *Copies d'écran*|image-2024-11-27-17-58-24-379.png|";;
649068;"01/22/2026 12:26";;"Paramétrage fonctionnel impossible pour l'AO";;;"Corrigé en production";;"12/01/2025 16:42";;;;;;"DP ROC";;b_poiron_ext;ROC-378;b_poiron_ext;;;;Paramétrage;V4.20.0.1;;Majeur;;;;;;;;"|  *Ticket JIRA N°*| |
|   *Environnement/ Version*|RECETTE CAP v4.20 / PROD v4.18.2|
|   *Titre de l'anomalie*|Impossibilité de créer des activités groupées |
|   *Url*|https://roc-recette-intradef.fr.capgemini.com/interne/ao/parametrage/code-imputation/modifier/1|
|   *Acteur*|AO|
|   *Identifiants*|admin.ter|
|   *Mot de passe*|Azertyuiop44!!!|
|   *Anomalie*|Majeur|
|   *Configuration*|INTRADEF Chrome|
|   *Bloc*|Paramétrage fonctionnel|
|   *description*|L'AO n'a accès à aucune possibilité de paramétrage sur son périmètre fonctionnel hormis la durée d'inactivité avant archivage de la candidature|
|   *Résultat attendu*|L'AO doit pouvoir mettre des bloquants sur son périmètre fonctionnel. Il doit donc pouvoir avoir accès aux options suivantes :
 * Rendre obligatoire un NPJR suffisant pour clôturer le service fait
 * Rendre obligatoire la boucle de validation pour la publication d'un poste mobilité interne
 * Rendre bloquant l'avis du référent pour la mobilité interne
 * Nombre limite de candidatures pour les postes de mobilité interne par réserviste
 * Rendre obligatoire le commentaire pour l'avis de l'autorité employeur d'un poste interne|
|   *Copies d'écran*|image-2024-11-27-10-10-20-282.png|";;
649069;"01/22/2026 12:26";;"Impossibilité de créer des activités groupées ";;;"Corrigé en production";;"12/01/2025 16:42";;;;;;"DP ROC";;b_poiron_ext;ROC-376;b_poiron_ext;;;;Activités;V4.20.0.2;;Majeur;;;;;;;;"|   *Ticket JIRA N°*| |
|   *Environnement/ Version*|RECETTE CAP v4.20 / PROD v4.18.2|
|   *Titre de l'anomalie*|Impossibilité de créer des activités groupées |
|   *Url*|https://roc-recette-intradef.fr.capgemini.com/interne/activites/designer/detail/1471973|
|   *Acteur*|REF|
|   *Identifiants*|13566_utilisateur|
|   *Mot de passe*|Azertyuiop44!!!|
|   *Anomalie*|Majeur|
|   *Configuration*|INTRADEF Chrome|
|   *Bloc*|Activité|
|   *description*|Au clic, sur le bouton ""Ajouter des réservistes"", un pop-up apparait comme si l'on quittait le site sans enregistrer, puis la page se recharge avec un bandeau d'erreur. Le groupe n'est pas ajouté à l'activité.|
|   *Résultat attendu*|Le pop-up n'est pas fondamentalement gênant (même si je ne vois pas en quoi l'on tenterai de quitter le site, néanmoins au clic sur le bouton, le groupe de réserviste doit être ajouter à l'activité|
|   *Copies d'écran*|image-2024-11-27-08-45-45-007.png|";;
649082;"01/22/2026 12:26";;"[Activités] - Détail activité - Labels avec deux doubles points";;;"Corrigé en production";;"12/01/2025 16:42";;;;;;"DP ROC";;b_poiron_ext;ROC-337;b_poiron_ext;;;;Activités;V5.1;;Mineur;;;;;;;;"*Titre* : [Engagement] - Affichage d'un message de succès vide

*Configuration* : PIC 20.0.0

*Identifiant* :

AF : admin_fonctionnel

*URL* : [https://roc-pic-intradef.fr.capgemini.com/interne/activites/cloturer/detail/42220]

*Descriptif* :

Se connecter avec un candidat / AF

Aller sur le détail d'une activité qui a une adresse postale

*Résultat attendu* : 
Adresse postale (numéro, type et nom de rue, avenue...): NLPSUVSCFW
*Résultat obtenu :* 

Adresse postale (numéro, type et nom de rue, avenue...): : NLPSUVSCFW

Présent aussi sur le bloc Contact de l'unité au niveau de l'Unité, Adresse postale

Affichage côté réserviste : 

!image-2024-11-26-09-05-23-746.png|width=613,height=392!

 

 ";;
649089;"01/22/2026 12:26";;"[ATS] - Email modifiable sur le paramétrage de la signature";;;"Corrigé en production";;"12/01/2025 16:42";;;;;;"DP ROC";;b_poiron_ext;ROC-324;b_poiron_ext;;;;Comptes;V5.1;;Mineur;;;;;;;;"*Titre* : [ATS] - Email modifiable sur le paramétrage de la signature

*Configuration* : PIC 20.0.0

*Identifiant* :

ATS : ut.a
MDP : #i015xKI2(!jL*fS

*URL* : [https://roc-pic-intradef.fr.capgemini.com/interne/autorite-signataire/parametrage-signature]

*Descriptif* :

Se connecter avec une nouvelle ATS

Accepter la charte

*Résultat attendu* : 

Affichage de la page ""Paramétrage de ma signature"".

Elle est composée des éléments suivants : 
 * *Titre de la page :* Paramétrage de ma signature électronique
 * *Introduction :* « Vous avez été choisi comme autorité signataire dans le SI ROC pour les ENARO relevant des unités dont le ou les codes CREDO sont les suivants : [CREDO]. Pour permettre la validation électronique des ENARO veuillez valider ou modifier les informations ci-dessous » et ajouter votre signature en suivant les indications
 * *Grade :* Grade autorité signataire renseigné lors de la création
 * *Nom :* Nom autorité signataire renseigné lors de la création
 * *Prénom :* Prénom autorité signataire renseigné lors de la création
 * *NID :* NID renseigné lors de la création
 * *Fonction :* Fonction autorité militaire renseigné lors de la création
 * *Code CREDO :* Code Crédo renseigné lors de la création
 * *Email :* Email renseigné lors de la création  ( non modifiable)

                      *Signature électronique*
 * *Introduction : ""*Vous avez la possibilité soit d’ajouter une signature au format JPG/PNG ou via le cadre de saisie manuelle de signature.""
 * *Bouton :* Importer sa signature JPG/PNG (optionnel)
 * *Dessiner ma signature :* Champ permettant la saisie grâce à la souris de la signature
 * *Bouton :* Valider

*Résultat obtenu* :

L'email est modifiable.

 

!https://jira-ci.fr.capgemini.com/jira/plugins/servlet/raven/attachment/70973/screenshot-2.png|width=346,height=232!";;
649090;"01/22/2026 12:26";;"Impossibilité de s'authentifier via MDC";;;"Corrigé en production";;"12/01/2025 16:42";;;;;;"DP ROC";;b_poiron_ext;ROC-322;b_poiron_ext;;;;Connexion;V4.20.0.1;;Bloquant;;;;;;;;"Il est actuellement impossible de s'authentifier à ROC sur les serveurs de recette CAP lorsqu'un utilisateur n'est pas connecté au VPN CAP (la requête d'authentification part du navigateur mais n'arrive pas sur serveur Apache [code http 302]).

Dans le cas d'un PC hors Min Arm, le statut 302 renvoie à un ""Object Move"" et y associe la Remote Adresse : 192.113.66.43:443

Les Headers sur un *PC hors MinArm* sont :

+Request Header :+

POST /auth/realms/HELISS/login-actions/authenticate?session_code=zktOYfD9JAl-mNPv66b5lQAg_aQtoVrH1ZyIM-MFsI8&execution=0b5e48fd-2b9b-44e3-bdee-eef3eaa38d00&client_id=ROC&tab_id=28MALj8Mv98 HTTP/1.1

Accept: text/html,application/xhtml+xml,application/xml;q=0.9,image/avif,image/webp,image/apng,{*}/{*};q=0.8

Accept-Encoding: gzip, deflate, br, zstd

Accept-Language: fr-FR,fr;q=0.8

Authorization: Basic cmVzZXJ2ZXMyMDE5OnpMNHpuM05l

Cache-Control: no-cache

Connection: keep-alive

Content-Length: 90

Content-Type: application/x-www-form-urlencoded

Cookie: AUTH_SESSION_ID=e2ca62c1-5c1d-4432-8463-725f30d03503.frparvm19290012;

AUTH_SESSION_ID_LEGACY=e2ca62c1-5c1d-4432-8463-725f30d03503.frparvm19290012;KC_RESTART=eyJhbGciOiJIUzI1NiIsInR5cCIgOiAiSldUIiwia2lkIiA6ICI4NjE4MWQ0NC0yNGNiLTQ4NWQtOGNjYi1lNDlkOTNlOTE0ZjQifQ.eyJjaWQiOiJST0MiLCJwdHkiOiJvcGVuaWQtY29ubmVjdCIsInJ1cmkiOiJodHRwczovL3JvYy1yZWNldHRlLWludGVybmV0LmZyLmNhcGdlbWluaS5jb20vcmVzZXJ2aXN0ZS9ybzEvb2F1dGgvbG9naW4tY2FsbGJhY2siLCJhY3QiOiJBVVRIRU5USUNBVEUiLCJub3RlcyI6eyJzY29wZSI6Im9wZW5pZCIsImlzcyI6Imh0dHBzOi8vcm9jLXJlY2V0dGUtaW50ZXJuZXQuZnIuY2FwZ2VtaW5pLmNvbS9hdXRoL3JlYWxtcy9IRUxJU1MiLCJyZXNwb25zZV90eXBlIjoiY29kZSIsInJlZGlyZWN0X3VyaSI6Imh0dHBzOi8vcm9jLXJlY2V0dGUtaW50ZXJuZXQuZnIuY2FwZ2VtaW5pLmNvbS9yZXNlcnZpc3RlL3JvMS9vYXV0aC9sb2dpbi1jYWxsYmFjayIsInN0YXRlIjoiNjczZTExZDBlMzRlMiJ9fQ.Q17A9NSjm3FOZKnwC-qVFeuXEWJytGgptiviPmWY3Jg; sf_redirect=%7B%22token%22%3A%224ea22f%22%2C%22route%22%3A%22oauth-login-redirect%22%2C%22method%22%3A%22GET%22%2C%22controller%22%3A%7B%22class%22%3A%22App%5C%5CController%5C%5CMinDefConnect%5C%5CMinDefConnectController%22%2C%22method%22%3A%22redirectToMinDefConnectAuth%22%2C%22file%22%3A%22%5C%2Fvar%5C%2Fwww%5C%2FReserves2019-recette%5C%2Froc-front%5C%2Fsrc%5C%2FController%5C%2FMinDefConnect%5C%2FMinDefConnectController.php%22%2C%22line%22%3A158%7D%2C%22status_code%22%3A302%2C%22status_text%22%3A%22Found%22%7D; PHPSESSID=hvl9dlt9bjmh0r4u27jm2mgv71

Host: roc-recette-internet.fr.capgemini.com

Origin: null

Pragma: no-cache

Sec-Fetch-Dest: document

Sec-Fetch-Mode: navigate

Sec-Fetch-Site: same-origin

Sec-Fetch-User: ?1

Sec-GPC: 1

Upgrade-Insecure-Requests: 1

User-Agent: Mozilla/5.0 (Windows NT 10.0; Win64; x64) AppleWebKit/537.36 (KHTML, like Gecko) Chrome/131.0.0.0 Safari/537.36

sec-ch-ua: ""Brave"";v=""131"", ""Chromium"";v=""131"", ""Not_A Brand"";v=""24""

+Response Header :+

HTTP/1.0 302 Object Moved

Pragma: no-cache

Location : /

Connection : close

sec-ch-ua-mobile: ?0

sec-ch-ua-platform: ""Windows""

 Les Headers sur un *PC MinArm* sont :

+Request Header :+

POST /auth/realms/HELISS/login-actions/authenticate?session_code=fxQlQvPmqE5OuSUSvAfxWyDSwJji7XApOtWzPRWAzY8&execution=0b5e48fd-2b9b-44e3-bdee-eef3eaa38d00&client_id=ROC&tab_id=t9ANqGzl-OM HTTP/2

Host: roc-recette-internet.fr.capgemini.com

User-Agent: Mozilla/5.0 (Windows NT 10.0; Win64; x64; rv:109.0) Gecko/20100101 Firefox/115.0

Accept: text/html,application/xhtml+xml,application/xml;q=0.9,image/avif,image/webp,{*}/{*};q=0.8

Accept-Language: fr,fr-FR;q=0.8,en-US;q=0.5,en;q=0.3

Accept-Encoding: gzip, deflate, br

Content-Type: application/x-www-form-urlencoded

Content-Length: 89

Origin: null

DNT: 1

Authorization: Basic cmVzZXJ2ZXMyMDE5OnpMNHpuM05l

Connection: keep-alive

Cookie: AUTH_SESSION_ID=f9f8d096-2ace-471f-ad31-2894d14e27c0.frparvm19290012; AUTH_SESSION_ID_LEGACY=f9f8d096-2ace-471f-ad31-2894d14e27c0.frparvm19290012; KC_RESTART=eyJhbGciOiJIUzI1NiIsInR5cCIgOiAiSldUIiwia2lkIiA6ICI4NjE4MWQ0NC0yNGNiLTQ4NWQtOGNjYi1lNDlkOTNlOTE0ZjQifQ.eyJjaWQiOiJST0MiLCJwdHkiOiJvcGVuaWQtY29ubmVjdCIsInJ1cmkiOiJodHRwczovL3JvYy1yZWNldHRlLWludGVybmV0LmZyLmNhcGdlbWluaS5jb20vcmVzZXJ2aXN0ZS9ybzEvb2F1dGgvbG9naW4tY2FsbGJhY2siLCJhY3QiOiJBVVRIRU5USUNBVEUiLCJub3RlcyI6eyJzY29wZSI6Im9wZW5pZCIsImlzcyI6Imh0dHBzOi8vcm9jLXJlY2V0dGUtaW50ZXJuZXQuZnIuY2FwZ2VtaW5pLmNvbS9hdXRoL3JlYWxtcy9IRUxJU1MiLCJyZXNwb25zZV90eXBlIjoiY29kZSIsInJlZGlyZWN0X3VyaSI6Imh0dHBzOi8vcm9jLXJlY2V0dGUtaW50ZXJuZXQuZnIuY2FwZ2VtaW5pLmNvbS9yZXNlcnZpc3RlL3JvMS9vYXV0aC9sb2dpbi1jYWxsYmFjayIsInN0YXRlIjoiNjczZTA0NWI0OGZiNSJ9fQ.lngnSt0xCS_61lPvCAmR3kHsJVbCkBxhWCtL6-k_Aew; BCSI-CS-b9c182257b327c93=1; PHPSESSID=i54cdfs3q15fvu4be0fkusk250; BCSI-CS-fe80b7236af3dfae=1; notified-Affichage_Charte=1; BCSI-CS-818e191925deac08=1; sf_redirect=%7B%22token%22%3A%228c6422%22%2C%22route%22%3A%22oauth-login-redirect%22%2C%22method%22%3A%22GET%22%2C%22controller%22%3A%7B%22class%22%3A%22App%5C%5CController%5C%5CMinDefConnect%5C%5CMinDefConnectController%22%2C%22method%22%3A%22redirectToMinDefConnectAuth%22%2C%22file%22%3A%22%5C%2Fvar%5C%2Fwww%5C%2FReserves2019-recette%5C%2Froc-front%5C%2Fsrc%5C%2FController%5C%2FMinDefConnect%5C%2FMinDefConnectController.php%22%2C%22line%22%3A158%7D%2C%22status_code%22%3A302%2C%22status_text%22%3A%22Found%22%7D

Upgrade-Insecure-Requests: 1

Sec-Fetch-Dest: document

Sec-Fetch-Mode: navigate

Sec-Fetch-Site: same-origin

Sec-Fetch-User: ?1

Sec-GPC: 1

Pragma: no-cache

Cache-Control: no-cache

TE: trailers

+Response Header :+

HTTP/2 302 Found

pragma: no-cache

location: /

cache-control: proxy-revalidate

date: Wed, 20 Nov 2024 15:32:59 GMT

X-Firefox-Spdy: h2";;
649092;"01/22/2026 12:26";;"[Activités][Annuler demande signature][Contrôle service fait] - Aucune information dans la colonne Nom Prénom ATS";;;"Corrigé en production";;"12/01/2025 16:42";;;;;;"DP ROC";;b_poiron_ext;ROC-320;b_poiron_ext;;;;Activités;V5.1;;Mineur;;;;;;;;"*Titre* : [Activités][Annuler demande signature][Contrôle service fait] - Aucune information dans la colonne Nom Prénom ATS

*Configuration* : PIC 20.0.0

*Identifiant* :

AF : admin_fonctionnel

Pilote, Ref : 2208_utilisateur

Contrôleur : 12370_utilisateur

*URL* :  [https://roc-pic-intradef.fr.capgemini.com/interne/activites/annuler-signature]

[https://roc-pic-intradef.fr.capgemini.com/interne/activites/controle]

*Descriptif* :

Se connecter

Via le menu, cliquer sur ""Activités/Calendrier"" puis sur ""À signer""

Cliquer sur le bouton Annuler des demandes de signatures

*Résultat attendu* : 

Le tableau contient la colonne Nom Prénom ATS. Pour chaque demande, les informations de l'ATS.

*Résultat obtenu* :

La colonne Nom Prénom ATS ne contient aucune valeur.

 

!image-2024-11-21-09-18-41-004.png|width=593,height=366!

!image-2024-11-21-09-21-09-417.png|width=609,height=411!";;
649093;"01/22/2026 12:26";;"[Activités][Demande de signature] - AO ne pas faire de demande, colonne Enaro non visible";;;"Corrigé en production";;"12/01/2025 16:42";;;;;;"DP ROC";;b_poiron_ext;ROC-319;b_poiron_ext;;;;Activités;V4.20.0.1;;Bloquant;;;;;;;;"*Titre* : [Activités][Demande de signature] - AO ne pas faire de demande, colonne Enaro non visible

*Configuration* : PIC 20.0.0

*Identifiant* :

AO : admin.ter

*URL* :  [https://roc-pic-intradef.fr.capgemini.com/interne/activites/signer/liste]

*Descriptif* :

Se connecter

Via le menu, cliquer sur ""Activités/Calendrier"" puis sur ""À signer""

*Résultat attendu* : 

Présence du bouton ""Demander la signature""

Le tableau contient la colonne Enaro

*Résultat obtenu* :

Le bouton ""Demander la signature"" n'est pas présent

La colonne Enaro n'est pas présente

 ";;
649094;"01/22/2026 12:26";;"[Activités][Demande de signature] - Erreur sur l'envoi d'une demande de signature quand une autorité n'est pas sélectionnée";;;"Corrigé en production";;"12/01/2025 16:42";;;;;;"DP ROC";;b_poiron_ext;ROC-318;b_poiron_ext;;;;Activités;V5.1;;Mineur;;;;;;;;"*Titre* : [Activités][Demande de signature] - Erreur sur l'envoi d'une demande de signature quand une autorité n'est pas sélectionnée

*Configuration* : PIC 20.0.0

*Identifiant* :

AF : admin_fonctionnel

Pilote, Ref  : 2208_utilisateur

*URL* :  [https://roc-pic-intradef.fr.capgemini.com/interne/activites/signer/liste]

*Descriptif* :

Se connecter

Via le menu, cliquer sur ""Activités/Calendrier"" puis sur ""À signer""

Cliquer sur le bouton ""Demander la signature""

Cliquer sur"" Envoyer""

*Résultat attendu* : 

Message d'erreur qui indique qu'il faut sélectionner une Autorité Signataire

*Résultat obtenu* :

!https://jira-ci.fr.capgemini.com/jira/plugins/servlet/raven/attachment/70709/screenshot-2.png|width=381,height=309!";;
649097;"01/22/2026 12:26";;"le bouton ""convocation"" n'est plus present";;;"Corrigé en production";;"12/01/2025 16:42";;;;;;"DP ROC";;b_poiron_ext;ROC-284;b_poiron_ext;;;;Activités;V4.20.0.1;;Majeur;;;;;;;;"|   *Ticket JIRA N°*| |
|   *Environnement/ Version*|recette CAP v4.19.0.1|
|   *Titre de l'anomalie*|le bouton ""convocation"" n'est plus présent dans le détail de l'Activité de l'onglet ""a cloturer""|
|   *Url*| |
|   *Acteur*|REF|
|   *Identifiant*|*12743_utilisateur*|
|   *Mot de passe*|Azertyuiop44!!!|
|   *Anomalie*|Majeur|
|   *Configuration*|SMOBI INTRADEF FIREFOX|
|   *Bloc*|Activité|
|   *Description*|lorsque j'accède a une activité a cloturer le bouton convocation n'est plus présent|
|   *Résultat attendu*|*le bouton convocation doit être présent sur la fiche de l'activité a cloturer*|
|   *Copies d'écran*|Reprises ci-après.|

 ";;
649099;"01/22/2026 12:26";;"passage ""informations obligatoire"" impossible";;;"Corrigé en production";;"12/01/2025 16:42";;;;;;"DP ROC";;b_poiron_ext;ROC-258;b_poiron_ext;;;;Candidature;V4.20.0.1;;Majeur;;;;;;;;"|*Titre de l’anomalie*
 __ 
_Un titre résumant l’anomalie, que l’on puisse clairement identifier._|passage ""informations obligatoire"" impossible|
|*Configuration*
 __ | * Firefox
 * PC bureau
 * INTERNET|
|*URL*
 __ 
_L’url permet de vérifier le type d’environnement._|https://roc-recette-internet.fr.capgemini.com/candidat/processus-candidature|
|*Identifiant :*
*Mot de passe :*
 
_Cela permet de revérifier dans les mêmes conditions de test._
_Indiquez si le Mot de passe est différent de Azertyuiop44!!!_|marie.madelaine|
|*Rôle*|Candidat|
|*Bloc*|Engagement|
|*Anomalie*
 __ 
 __ 
_Bloquante_ _:_ _qui ne peut pas fonctionner sans correction._
_Majeure_ _:_ _qui n’a pas abouti au résultat attendu, une correction est souhaitable._
_Mineure_ _ __ :_ _rencontre d’un fait technique sur un des composants, dont l’impact est sans grande conséquence._|_Majeur_|
|*Description* ** 
 __ 
_La bonne compréhension du résumé du ticket JIRA est l’« +élément clé+ » pour la résolution du problème._|lorsque le candidat souhaite valider les ""informations obligatoires"" 
-téléchargement des pièces ok
-cases coché ok
la page ne se valide pas|

 
|*Résultats attendus*
 __ 
_Expliquez ce que l’on doit obtenir en fonctionnement normal._|en cliquant sur le bouton validé le bloc doit ce valider|
|*Captures d’écrans*
 __ 
·   _« La +DATE+ et l’{+}HEURE{+} » permettent de retracer les logs, afin d’identifier la nature de l’anomalie plus complexe._
 __ 
·   _Entourez la zone d’anomalie, indiquez par des flèches ou autres avec Paint disponible sous Windows._
 __ 
·   _Les captures d’écrans claires et lisibles au format :_ 
_JPG, PNG, PDF, DOCX, XLS, CSV…_
_+Exemple+_ _: A1.Jpg_|+Fichiers+ :
 _  _* _A1. Doc_|

 |";;
649103;"01/22/2026 12:26";;"[ATS] - Contenu du mail de demande de signature";;;"Corrigé en production";;"12/01/2025 16:42";;;;;;"DP ROC";;b_poiron_ext;ROC-214;b_poiron_ext;;;;Activités;V5.1;;Mineur;;;;;;;;"*TITRE :* Objet dans le contenu du mail de demande de signature d'une activité par l'ATS

*Configuration :* PIC

*Identifiant :* 

AF

ATS :  9885_utilisateur

*Description* *:* 

Pour reproduire voir le cas de test en lien avec ce ticket

Faire une demande de signature sur une activité à signer

Consulter le mail reçu par l'autorité signataire

*Résultat attendu :* 

Bonjour Aderholdt BOULANGER,
Le Référent ADC Devins Hueckman vous demande de bien vouloir valider et signer l’état nominatif des activités dans la réserve opérationnelle (ENARO) visible en cliquant sur le lien suivant :
lien vers la page de signature de l’ENARO

_Cordialement,_

_Ministère des armées_

_Délégation interarmées aux réserves_

_Ce message vous a été envoyé automatiquement, merci de ne pas y répondre._ »

*Résultat obtenu :* 

Bonjour Aderholdt BOULANGER,

{color:#de350b}Objet : Validation/signature de service fait d’une activité de réserve :{color}
Le Référent ADC Devins Hueckman vous demande de bien vouloir valider et signer l’état nominatif des activités dans la réserve opérationnelle (ENARO) visible en cliquant sur le lien suivant :
lien vers la page de signature de l’ENARO

_Cordialement,_

_Ministère des armées_

_Délégation interarmées aux réserves_

_Ce message vous a été envoyé automatiquement, merci de ne pas y répondre._ »

 

*Supprimer l'objet dans le contenu du mail*";;
649104;"01/22/2026 12:26";;"Erreur sur le code ESR 9999";;;"Corrigé en production";;"12/01/2025 16:42";;;;;;"DP ROC";;b_poiron_ext;ROC-209;b_poiron_ext;;;;Emploi;V4.20;;Bloquant;;;;;;;;"Anomalie remontée par le CDT Bota (MER)

Pour rappel le code ESR 9999 permet de créer un poste non existant dans le REM

 
|*Titre de l’anomalie*|Erreur sur le code ESR 9999|
|*Configuration*|·          Firefox/INTRADEF/PPROD|
|{*}URL{*}{*}{{*}}
 
_._|[https://int-reservistes.cnmosis.dirisi.defense.gouv.fr/interne/poste/creer/poste/37]|
|{*}Identifiant :{*}{*}{{*}}
{*}Mot de passe :{*}{*}{{*}}
 
 |8728_utilisateur|
|{*}Rôle{*}{*}{{*}}|REF|
|{*}Bloc{*}{*}{{*}}|Gestion des emplois|
|*Anomalie*|Bloquante|
|{*}Description{*}{*}{{*}}
 
 |Pour un poste non référencé au SI ORG le numéro ETR du poste est donc inconnu. En tapant un chiffre (999999) on obtient une erreur est survenue et on ne peut pas passer à l’étape 3.|
|{*}Résultats attendus{*}{*}{{*}}
 __ |Normalement, on doit pouvoir taper un chiffre n’appartenant pas au SI ORG lorsque le poste n’est pas décrit|
|{*}Captures d’écrans{*}{*}{{*}}
 __ |+Fichiers+ :
 __ ·        Capture ecran etape poste.png      |";;
649105;"01/22/2026 12:26";;"Gestion Utilisateurs - Performances";;;"Corrigé en production";;"12/01/2025 16:42";;;;;;"DP ROC";;b_poiron_ext;ROC-187;b_poiron_ext;;;;Comptes;V4.20.0.1;;Majeur;;;;;;;;"Depuis la 4.19 les performances de la page Gestion des utilisateurs semble dégradée (40 secondes environ). ";;
649106;"01/22/2026 12:26";;"[Engagement] - Candidat - L'enregistrement du Contôle du dossier, du résultat de l'entretien et du CER valide la tuile non sauvegardé";;;"Corrigé en production";;"12/01/2025 16:42";;;;;;"DP ROC";;b_poiron_ext;ROC-119;b_poiron_ext;;;;Candidature;V4.20;;Majeur;;;;;;;;"|TITRE|L'enregistrement du Contrôle du dossier valide la tuile et le résultat de l'entretien n'est pas enregistré|
|*Configuration*| PIC|
|*URL*|[https://roc-pic-intradef.fr.capgemini.com/interne/engager/engagement/processus-candidature/219991]|
|*Identifiant :*
*Mot de passe :*
 
_mdp : Azertyuiop44!!!_|220101_candidat
REF : 5570_utilisateur|
|*Rôle*|REF|
|*Bloc*|Activité|
|*Anomalie* |mineur|
|*Description* |Se connecter avec le référent, aller sur une candidature qui n'a pas fait la tuile contrôle du dossier.
Cliquer sur la tuile avec le référent/candidat.
Renseigner un champ.
Cliquer sur le Sauvegarder
 
Cliquer de nouveau sur la tuile.|
|*Résultats attendus* |La tuile ""Contrôle du dossier"" passe en bleue avec la date du jour ""MAJ: XX/XX/XXXX""|
|*Résultats obtenus*|Il faut renseigner tous les champs obligatoires pour enregistrer 
La tuile est validée avec la date du jour.
 
 
|

 ";;
649107;"01/22/2026 12:26";;"Engagement – module échanges";;;"Corrigé en production";;"12/01/2025 16:42";;;;;;"DP ROC";;b_poiron_ext;ROC-118;b_poiron_ext;;;;Candidature;V5.1;;Mineur;;;;;;;;"ticket d'origine sur ""l'ancien""Jira G000147-4620

--------

Ajouter un module « Echange » côté candidat et côté gestionnaire avec le candidat. Ce module doit s'appeler ""Echanges avec mon employeur"" côté candidat et ""Echanges avec le candidat"" côté employeur (ou gestionnaire). En terme d’affichage ce module doit être placé après tous autres, (en bas et à droite). Il doit être cliquable en permanence et doit fonctionner comme un chat entre le gestionnaire et le candidat. Le module est en orange (#FEECC2) quand il contient un message non lu et en vert quand les messages sont lus (à l’ouverture du module). Voir capture d'écran. 

---------

 
----
|TITRE|Engagement – module échanges|
|*Configuration*| Recette CAP et PPROD v4.19.0.0   INTERNET|
|*URL*|[https://roc-recette-intradef.fr.capgemini.com/interne/engager/engagement/processus-candidature/213062]|
|*Identifiant :*
*Mot de passe :*
 
_mdp : Azertyuiop44!!!_|12743_utilisateur
213172_candidat|
|*Rôle*|REF /candidat|
|*Bloc*|engagement|
|*Anomalie* |mineur|
|*Description* |lorsque par exemple le référent envoi un message au candidat le message envoyé reste orange comme si un nouveau message été présent|
|*Résultats attendus* |le bloc devrait passer vert car aucun message n'est présent|
|*Captures d’écrans*  |+Fichiers+ :
 cf. PJ|
h4. Pièces jointes";;
649111;"01/22/2026 12:26";;"[Activités] - Création d'une activité - Erreurs de champs obligatoires en anglais";;;"Corrigé en production";;"12/01/2025 16:42";;;;;;"DP ROC";;b_poiron_ext;ROC-112;b_poiron_ext;;;;Activités;V5.1;;Mineur;;;;;;;;"|TITRE|Certaines tuiles passent en bleu avec la date du jour sans actions du candidat ou référent|
|*Configuration*| PIC|
|*URL*| |
|*Identifiant :*
*Mot de passe :*
 
_mdp : Azertyuiop44!!!_|5570_utilisateur|
|*Rôle*|REF|
|*Bloc*|Activité|
|*Anomalie* |mineur|
|*Description* |Créer une activité
Cliquer sur Valider sans remplir de champ dans le formulaire de
 
|
|*Résultats attendus* |Message d'erreurs sous les champs obligatoires|
|*Résultats obtenus*|Sélection automatique du champ Sous-titre
Message d'erreur en anglais dans une infobulle
 
!image-2024-10-21-11-54-06-329.png|width=526,height=377!
 
|";;
649112;"01/22/2026 12:26";;"[Activités] - Validation de l'activité - Pop-up non présente et erreur 403 sur le lien reçu par email ";;;"Corrigé en production";;"12/01/2025 16:42";;;;;;"DP ROC";;b_poiron_ext;ROC-110;b_poiron_ext;;;;Activités;V4.20;;Bloquant;;;;;;;;"|*Configuration*| PIC|
|*URL*|[https://roc-pic-intradef.fr.capgemini.com/afficher-validation/193982/activite/1468605/token/98a18ce17d3906c721412eee7534a22b]|
|*Identifiant :*
*Mot de passe :*
 
_mdp : Azertyuiop44!!!_|5570_utilisateur|
|*Rôle*|REF|
|*Bloc*|Activité - Cloture|
|*Anomalie* |mineur|
|*Description* |1/ Aller sur activité à clôturer
Renseigner l'email du valideur et un commentaire
Cliquer sur Envoyer
 |
|*Résultats attendus* |1/ Affichage d’une pop-in avec le contenu suivant : « Informations importantes Si votre 
demande de validation n'a pas reçu de réponse dans les 5 jours, vous pouvez clôturer 
l'activité à votre niveau. Attention : la demande de validation est obligatoire pour l'armée 
de terre.
Bouton ""{*}Je poursuis""{*}|
|*Résultats obtenus*|1/ Pas de pop-up 
 
2 / Erreur 403 sur le lien reçu par mail 
!image-2024-10-21-17-49-09-980.png|width=568,height=248!
 
 
 |";;
649113;"01/22/2026 12:26";;"[Activités] - Impossible de consulter une nouvelle activité avec des réservistes inscrits";;;"Corrigé en production";;"12/01/2025 16:42";;;;;;"DP ROC";;b_poiron_ext;ROC-109;b_poiron_ext;;;;Activités;V4.20;;Bloquant;;;;;;;;"|TITRE|Certaines tuiles passent en bleu avec la date du jour sans actions du candidat ou référent|
|*Configuration*| PIC|
|*URL*|[https://roc-integration-intradef.fr.capgemini.com/interne/activites/designer/detail/1471947|https://roc-integration-intradef.fr.capgemini.com/interne/activites/designer/liste]|
|*Identifiant :*
*Mot de passe :*
 
_mdp : Azertyuiop44!!!_|5570_utilisateur
 
|
|*Rôle*|REF, AF|
|*Bloc*|Activité|
|*Anomalie* |BLOQUANT|
|*Description* |Créer une activité par profil utilisé le cas de test ROC-98
Et faire les étapes du cas de test pour s'inscrire ROC-99
Consulter l'activité dans l'onglet à convoquer avec le référent ou l'AF|
|*Résultats attendus* |La page du détail de l'activité à convoquer s'affiche, notamment la liste des réservistes inscrits/pas inscrits et le bouton pour convoquer.|
|*Résultats obtenus*|Erreur 500.
!image-2024-10-21-10-55-42-245.png|width=392,height=284!
!image-2024-10-21-10-52-45-572.png|width=315,height=182!|";;
649116;"01/22/2026 12:26";;"FO - BO - Engagement - Fil d'ariane";;;"Corrigé en production";;"12/01/2025 16:42";;;;;;"DP ROC";;b_poiron_ext;ROC-102;b_poiron_ext;;;;Candidature;V5.1;;Mineur;;;;;;;;"Copie du G000136-8203



*Environnement* : PIC

*URL* : [https://roc-pic-internet.fr.capgemini.com/candidat/processus-candidature]

[https://roc-pic-intradef.fr.capgemini.com/interne/engager/engagement/processus-candidature/233689]

*Identifiant :* AF , luke.sky (candidat)

Aller sur l'engagement, cliquer sur les différents modules

*Résultat attendu :*

Le fil d'Ariane est mis à jour, le dernier élément du fil est le titre de la page actuelle.

*Résultat obtenu :* 

Le fil d'ariane est toujours le même sur chaque module de l'engagement.

!image-2024-09-27-09-57-52-040.png!";;
649117;"01/22/2026 12:26";;"[Activités] - Erreur sur l'export des activités";;;"Corrigé en production";;"12/01/2025 16:42";;;;;;"DP ROC";;b_poiron_ext;ROC-83;b_poiron_ext;;;;Activités;V4.20;;Majeur;;;;;;;;" 
|*Titre de l’anomalie*|Erreur sur l'export des activités|
|*Configuration*| PIC|
|*URL*|https://roc-pic-intradef.fr.capgemini.com/interne/activites/designer/liste
 |
|*Identifiant :*
*Mot de passe :*|admin_fonctionnel (AF)|
|*Rôle*|AF|
|*Bloc*|Gestion des profils et rôles|
|*Anomalie* |Majeur |
|*Description* |Aller sur un des onglets de la gestion des activités
Cliquer sur export les activités, puis dans la modale cliquer sur export les activités
!image-2024-10-15-13-50-18-129.png|width=264,height=261!|
|*Résultats attendus* |Téléchargement d'un fichier CSV|
|*Résultats obtenus* |Erreur, capture d'écran :
[https://roc-pic-intradef.fr.capgemini.com/interne/extractions-massives/activites?dateDebut=2024-07-15&dateFin=2024-10-15&etapes=]
!image-2024-10-15-13-46-00-841.png|width=437,height=252!|

 

 

 

 ";;
649118;"01/22/2026 12:26";;"Liste interminable de notifications sur le compte ADR";;;"Corrigé en production";;"12/01/2025 16:42";;;;;;"DP ROC";;b_poiron_ext;ROC-58;b_poiron_ext;;;;Contrat;V4.20;;Majeur;;;;;;;;"Anomalie remontée par CNE GAY (SSA)
|TITRE|EListe interminable de notifications sur le compte ADR :|
|*Configuration*| Recette CAP v4.19.0.0|
|*URL*|[https://roc-recette-internet.fr.capgemini.com/lister-postes|https://pprod-reservistes.intradef.gouv.fr/interne/accueil-choix-bloc]|
|*Identifiant :*
*Mot de passe :*
 
_mdp : Azertyuiop44!!!_|10446_utilisateur|
|*Rôle*|ADR|
|*Bloc*|Contrats|
|*Anomalie* |MAJEURE|
|*Description* |Lorsque l’ADR se connecte une liste interminable de notifications apparait. Cette liste s’incrémente lors de chaque action du candidat ou de la FE, mais les notifications ne disparaissent pas.|
|*Résultats attendus* |L’affichage des notifications des actions réalisées par le réserviste et la FE dans « contrats » est utile, mais il devrait y avoir une mise à jour (quotidienne, hebdomadaire ??) afin que les anciennes notifications disparaissent. |
|*Captures d’écrans*  |+Fichiers+ :
 cf. PJ|";;
649120;"01/22/2026 12:26";;"Emploi publié non visible par le référent";;;"Corrigé en production";;"12/01/2025 16:42";;;;;;"DP ROC";;b_poiron_ext;ROC-54;b_poiron_ext;;;;Emploi;V4.20;;Bloquant;;;;;;;;"Anomalie remontée par CNE GAY (SSA)
|TITRE|Emploi publié non visible par le référent créateur de l’emploi.|
|*Configuration*| Recette CAP v4.19.0.0|
|*URL*|https://roc-recette-internet.fr.capgemini.com/lister-postes|
|*Identifiant :*
*Mot de passe :*
 
_mdp : Azertyuiop44!!!_|4965_utilisateur|
|*Rôle*|Référent|
|*Bloc*|Gestion des emplois|
|*Anomalie* |Bloquant|
|*Description* |Lorsque le REF crée et publie un emploi, il n’est visible que par l’AF. Il n’est pas visible ni par le créateur de l’emploi, ni par la FE. Il reste visible pour un candidat.|
|*Résultats attendus* |Le référent créateur de l’emploi, ainsi que la FE concernée devraient le visualiser dans « emplois publiés ».|
|*Captures d’écrans*  |+Fichiers+ :
 cf. PJ|";;
649121;"01/22/2026 12:26";;"FAQ - Erreur 500 sur l'accès au paramétrage fonctionnel FAQ";;;"Corrigé en production";;"12/01/2025 16:42";;;;;;"DP ROC";;b_poiron_ext;ROC-53;b_poiron_ext;;;;Communication;V4.20;;Bloquant;;;;;;;;"|*Titre de l’anomalie*|Erreur 500 sur l'accès au paramètrage fonctionnel FAQ|
|*Configuration*| PIC|
|*URL*|[https://roc-pic-intradef.fr.capgemini.com/interne/admin/parametrage/faq]|
|*Identifiant* 
*MDP*|admin_fonctionnel|
|*Rôle*|AF|
|*Anomalie* |Majeur|
|*Description* |Se connecter avec l'AF
Aller dans le menu Gestion > Paramétrage Fonctionnel
Cliquer sur Autres paramétrages
Cliquer sur FAQ|
|*Résultats attendus* |Affichage de la page paramétrer FAQ|
|*Résultats obtenus*|Erreur 500|
|*Captures d’écrans*  |!image-2024-10-08-16-20-48-508.png|width=318,height=161!|";;
649125;"01/22/2026 12:26";;"E-billets non présents dans le tableau des demandes validés";;;"Corrigé en production";;"12/01/2025 16:42";;;;;;"DP ROC";;b_poiron_ext;ROC-48;b_poiron_ext;;;;E-billet;V4.20;;Majeur;;;;;;;;"|*Titre de l’anomalie*|E-billets non présents dans le tableau des demandes validés|
|*Configuration*| PIC|
|*URL*|[https://reservistes.intradef.gouv.fr/interne/utilisateurs/gestionnaires/7602/modifier|https://roc-pic-internet.fr.capgemini.com/reserviste/mes-deplacements/demandes-validees]|
|*Identifiant :*
*Mot de passe :*
 
_mdp : Azertyuiop44!!!_|226093_reserviste|
|*Rôle*|Réserviste|
|*Bloc*|E-billets|
|*Anomalie* |Majeur|
|*Description* |Le e-billet validé n'apparait pas dans les demandes validées|
|*Résultats attendus* |Affichage des e-billets validés|
|*Captures d’écrans*  |+Fichiers+ :
 cf. PJ|


 ";;
649127;"01/22/2026 12:26";;"Engagement - Erreur 403 sur la modification des données personnelles d'un candidat";;;"Corrigé en production";;"12/01/2025 16:42";;;;;;"DP ROC";;b_poiron_ext;ROC-46;b_poiron_ext;;;;Candidature;V4.20;;Majeur;;;;;;;;"|*Titre de l’anomalie*|Erreur 403 sur la modification des données personnelles d'un candidat|
|*Configuration*| PIC|
|*URL*|[https://roc-pic-internet.fr.capgemini.com/candidat/modifier-donnees]|
|*Identifiant* 
*MDP*|205073_candidat
_Azertyuiop44!!!_|
|*Rôle*|Candidat|
|*Anomalie* |Majeur|
|*Description* |Se connecter avec un candidat
Cliquer sur ""Données personnelles""
ou
Cliquer sur ""Engagement""
Et cliquer sur l'icône pour éditer Mes informations / Compétences / Documents
!image-2024-10-07-17-39-43-929.png!|
|*Résultats attendus* |Formulaire de modification des données personnelles.|
|*Résultats obtenus*|Erreur 403 : Accès non autorisé|
|*Captures d’écrans*  |!image-2024-10-07-17-38-15-439.png|width=359,height=195!|";;
649128;"01/22/2026 12:26";;"Liste déroulante de désignation d'un signataire incomplète";;;"Corrigé en production";;"12/01/2025 16:42";;;;;;"DP ROC";;b_poiron_ext;ROC-45;b_poiron_ext;;;;Activités;V4.20;;Bloquant;;;;;;;;"|*Titre de l’anomalie*|Liste déroulante de désignation d'un signataire incomplète|
|*Configuration*| Recette CAP  PPROD/PROD intradef/internet|
|*URL*|https://roc-recette-intradef.fr.capgemini.com/interne/activites/signer/liste|
|*Identifiant :*
*Mot de passe :*
 
_mdp : Azertyuiop44!!!_|4512_utilisateur (AF)|
|*Rôle*|AO et AF|
|*Bloc*|Activités|
|*Anomalie* |Majeur|
|*Description* |Lorsqu'un AF veut mettre une activité à la signature la liste des autorités signataires il n'a accès qu'aux ""premiers"" par ordre alphabétique|
|*Résultats attendus* |Les AF doivent pouvoir mettre n'importe quelle activité à signer par n'importe quel signataire|
|*Captures d’écrans*  |+Fichiers+ :
image-2024-10-04-14-28-28-037.png (groupe date/heure présent sur la capture)|

 ";;
650159;"01/22/2026 12:26";;"Absence de flux candidats recrutés";;;"Corrigé en production";;"12/02/2025 15:42";;;;;;"DP ROC";;b_poiron_ext;ROC-2814;b_poiron_ext;;;;Env.;"LIVRAISON HORS VERSION";;Bloquant;;;v7.4.3;;;;;"Bonjour

 

Il n'y a pas eu de message de flux candidats recrutés hier matin ni hier soir.

Hier matin avait lieu la mise en PROD donc c'est normal mais hier soir la PROD était opérationnelle.

dans les logs il y a bien un flux ROX recruté mais pas candidats

Après analyse ce bug pourra être requalifié en majeur si besoin";;
650162;"01/22/2026 12:26";;"Datatable ""Activités passées"" vide";;;"Corrigé en production";;"12/02/2025 15:42";;;;;;"DP ROC";;b_poiron_ext;ROC-2529;b_poiron_ext;;;;Env.;V7.4;;Majeur;;;V6.3.2;;;;;"Bonjour

 

En me connectant avec le compte d'AF 4512_utilisateur la liste des activités passées est vide sur PICSEL intégration (en v6.3.3 avec le dump de PROD du 09/10/25).

Rem :
 * Même constat en pré-prod (v6.3.2) avec le compte 4512.
 * L'export des activités est OK.

L'erreur dans la prod.error du back DR :

[2025-10-10 14:10:42] request.CRITICAL: Uncaught PHP Exception Doctrine\DBAL\Exception\DriverException: ""An exception occurred while executing a query: SQLSTATE[HY000]: General error: 1356 View 'reserves2019.vue_activites_passees' references invalid table(s) or column(s) or function(s) or definer/invoker of view lack rights to use them"" at ExceptionConverter.php line 91 \{""exception"":""[object] (Doctrine\\DBAL\\Exception\\DriverException(code: 1356): An exception occurred while executing a query: SQLSTATE[HY000]: General error: 1356 View 'reserves2019.vue_activites_passees' references invalid table(s) or column(s) or function(s) or definer/invoker of view lack rights to use them at /var/www/html/roc-back/vendor/doctrine/dbal/src/Driver/API/MySQL/ExceptionConverter.php:91)\n[previous exception] [object] (Doctrine\\DBAL\\Driver\\PDO\\Exception(code: 1356): SQLSTATE[HY000]: General error: 1356 View 'reserves2019.vue_activites_passees' references invalid table(s) or column(s) or function(s) or definer/invoker of view lack rights to use them at /var/www/html/roc-back/vendor/doctrine/dbal/src/Driver/PDO/Exception.php:24)\n[previous exception] [object] (PDOException(code: HY000): SQLSTATE[HY000]: General error: 1356 View 'reserves2019.vue_activites_passees' references invalid table(s) or column(s) or function(s) or definer/invoker of view lack rights to use them at /var/www/html/roc-back/vendor/doctrine/dbal/src/Driver/PDO/Connection.php:57)""}

 

 ";;
650163;"01/22/2026 12:26";;"Rejet de l'OPEN API 8.0.0 livrée";;;"Corrigé en production";;"12/02/2025 15:42";;;;;;"DP ROC";;b_poiron_ext;ROC-2347;b_poiron_ext;;;;Env.;"LIVRAISON HORS VERSION";;Bloquant;;;V7.3.0;;;;;"Le SAND a rejeté la validation de l'OpenAPI  8.0.0.

Les raisons sont les suivantes :

il y a quelques erreurs (ou questions) trouvées dans cette nouvelle version:
 * /api/referentiels/gestionnaire/\{id} => /api/referentiels/gestionnaires/\{id} _gestionnaires_ au pluriel pour respecter règles CTMO *ET* etre cohérent avec /api/referentiels/gestionnaires
 * /api/referentiels/gestionnaires : url paginée (paramètres page/taile) mais pas de meta données de pagination dans réponse (nb de pages etc..)
 * PATCH /api/validation-poste : devrait etre sur un poste ie PATCH /api/validation-poste/\{id}
 * /api/volontariat/nombre-candidats-volontaires renvoie un tableau d'entier  normal ? ne doit pas renvoyer juste un entier? sinon à quoi correspondent les valeurs de retour ? (ordre?)

/api/volontariat/suivis-candidats-volontaires : paginé mais pas de métadonnées de pagination en retour et retourne 200 au lieu de 206

Ce point est bloquant car cette OpenAPI est nécessaire au bon fonctionnement de la version 7.3.";;
650164;"01/22/2026 12:26";;"tous les Comptes RO1 marins désactivé";;;"Corrigé en production";;"12/02/2025 15:42";;;;;;"DP ROC";;b_poiron_ext;ROC-2319;b_poiron_ext;;;;Env.;"LIVRAISON HORS VERSION";;Bloquant;;;V6.3.2;;;;;"Dans l'environnement PPROD

 dans l'IHM nous constatons que tous les comptes RO1 marins sont désactivé depuis la monté de version 6.3.2.

 

Dans l'IHM  les comptes marins désactivé se retrouvent dans l'onglet Anciens RO1.";;
650165;"01/22/2026 12:26";;"Pb de purge automatique des logs sur le front PROD";;;"Corrigé en production";;"12/02/2025 15:42";;;;;;"DP ROC";;b_poiron_ext;ROC-2315;b_poiron_ext;;;;Env.;V7.3;;Majeur;;;V5.4.5;;;;;"Sur le *front* de prod les Log applicatives dans /var/www/html/var/log ne sont pas nettoyées et se cumulent. Ce qui a comme conséquence de saturer l'espace disque.

Demande de mise en place d'un mécanisme de purge automatique pour ne conserver que l'historique des 7 derniers jours.

Actions :
 * revenir à un handler standard {{rotating_file}} et supprimer le code personnalisé qui n’a plus lieu depuis la fin de HelissNG
 * configuration Monolog : s’assurer que les logs Symfony {{request}} et {{depreciation}} n’existent plus
 * configuration Monolog : s’assurer que les logs Symfony sont quotidiens et supprimés au bout de 7 jours
 * amender le manuel d’installation de ROC v6 avec une opération manuelle exceptionnelle :
{{rm /var/www/html/var/log/* request* /var/www/html/var/log/* deprecation*}} (attention à supprimer les espaces Jira est casse-pied…)

Pas d’action sur les logs des crons dans ce ticket";;
650166;"01/22/2026 12:26";;"PB accès à l'application NP sur l'environnement qualification";;;"Corrigé en production";;"12/02/2025 15:42";;;;;;"DP ROC";;b_poiron_ext;ROC-2304;b_poiron_ext;;;;Env.;"LIVRAISON HORS VERSION";;Bloquant;;;V6.3.1;;;;;"Bonjour

Page de site en maintenance CND lorsqu'on essaie d'atteindre l'URL NP de l'environnement qualification.

Les logs ont été déposés sur le sft.";;
650167;"01/22/2026 12:26";;"OpenAPI - Erreur lors du test de transfert des logs";;;"Corrigé en production";;"12/02/2025 15:42";;;;;;"DP ROC";;b_poiron_ext;ROC-2269;b_poiron_ext;;;;Env.;"LIVRAISON HORS VERSION";;Bloquant;;;V6.3.1;;;;;"Erreur lors du test de transfert des logs

L'erreur retournée par la requête est en pièce jointe.

En complément dans la log du back :

[2025-08-29 13:53:18] request.ERROR: {""exception"":""[object] (Symfony\\Component\\HttpKernel\\Exception\\NotFoundHttpException(code: 0):
No route found for \"GET* *[https://roc-back-dr-pre.picsel.defense.gouv.fr/api/v7/files/log/list\|https://roc-back-dr-pre.picsel.defense.gouv.fr/api/v7/files/log/list/]"""" at /var/www/html/roc-back/vendor/symfony/http-kernel/EventListener/RouterListener.php:127)\n [previous exception] [object] (Symfony\\Component\\Routing\\Exception\\ResourceNotFoundException(code: 0): *No routes found for \"""/api/v7/files/log/list/\""".at /var/www/html/roc-back/vendor/symfony/routing/Matcher/Dumper/CompiledUrlMatcherTrait.php:70)""""}""";;
650168;"01/22/2026 12:26";;"Rejet de l'OPEN API 7.2.2 livrée";;;"Corrigé en production";;"12/02/2025 15:42";;;;;;"DP ROC";;b_poiron_ext;ROC-2246;b_poiron_ext;;;;Env.;V6.3.1;;Bloquant;;;V6.3.1;;;;;"WSO2 rejette l'API en raison de 3 incohérences sur les valeurs de ""default"" sur 3 champs :

erreurs côté DR et côté NP

    # pdfdata    parametres_twig:      description: Paramètres pour affichage twig      type: string      default: []

    # candidature    relance_archivage:      description: Indicateur de relance d'archivage      type: string      format: date-time      default: false

    # evenement      infos:         description: Informations liées à l'évènement         type: object         default: []

{color:#505050}Il faut donc corriger l'API à priori il suffit de modifier le default (sauf si l'erreur est sur le type....){color}";;
650169;"01/22/2026 12:26";;"Augmentation anormale du cache /var";;;"Corrigé en production";;"12/02/2025 15:42";;;;;;"DP ROC";;b_poiron_ext;ROC-2203;b_poiron_ext;;;;Env.;"LIVRAISON HORS VERSION";;Bloquant;;;V5.4.4;;;;;"Anomalie constatée :
 * Le cache du /var du BACK DR augmente de manière incontrôlée
 * Une fois le /var saturée la RAM augmente elle aussi de manière incontrôlée.

L'augmentation du cache en PROD a été constaté le 5 Août à partir vers 7h (entre 7h20 et 8h) pour atteindre 1 Go vers 19h.

La même problématique a été constaté en PPROD le 7 Août vers 16h55 pour atteindre 9 Go.

Le contenu du cache de PROD présent est disponible sur le SFT.";;
650173;"01/22/2026 12:26";;"Open API 7.2 - nommage des fichiers incorrect";;;"Corrigé en production";;"12/02/2025 15:42";;;;;;"DP ROC";;b_poiron_ext;ROC-1790;b_poiron_ext;;;;Env.;"LIVRAISON HORS VERSION";;Mineur;;;V5.4.0;;;;;"*De :* MEDJO Johann <johann.medjo@capgemini.com>
*Envoyé :* vendredi 23 mai 2025 17:35
*À :* NOISETTE Didier INGE CIVI DEFE <didier.noisette@intradef.gouv.fr>
*Cc :* CAFFIERY Geoffroi LCL <geoffroi.caffiery@intradef.gouv.fr> CAZADIS Thierry CDT <thierry.cazadis@intradef.gouv.fr> DL FR ROC_PR35 <roc_pr35.fr@capgemini.com>
*Objet :* Open API 7.2
*Importance :* Haute

 

Bonsoir Didier

 

Nous nous sommes rendus compte que le nommage de nos Open API n’était pas correct.

 

Le fichier *20250408_openapi_roc_v7.2_DR_vers_NP.json* devrait être nommé *20250408_openapi_roc_v7.2_NP_vers_DR.json* et le fichier *20250408_openapi_roc_v7.2_NP_vers_DR.json* devrait être nommé *20250408_openapi_roc_v7.2_DR_vers_NP.json.*

 ** 

Pouvez-vous supprimer l’archive dans le dossier [RESANA|https://resana.numerique.gouv.fr/public/perimetre/consulter/749413?information=31878747] où nous avons déposé le [fichier|https://resana.numerique.gouv.fr/public/perimetre/consulter/749413?information=34381001] avec les bons nommages.

 

+Nous attirons votre vigilance sur le fait de prendre les bons fichiers d’Open API pour la mise en PPROD puis en PROD de la v5.4.+

 

Veuillez nous excuser pour ce désagrément.

 

Merci et bonne fin de journée";;
650174;"01/22/2026 12:26";;" [PICSEL] Connexion candidat / RO1 / RO2 sous NP impossible : une erreur 404 est retournée";;;"Corrigé en production";;"12/02/2025 15:42";;;;;;"DP ROC";;b_poiron_ext;ROC-1684;b_poiron_ext;;;;Env.;"LIVRAISON HORS VERSION";;Bloquant;;;V5.4.0;;;;;"|*Ticket JIRA N°*| |
|   *Environnement/ Version*|PICSEL NP et DR v5.4
 |
|   *Titre de l'anomalie*|[PICSEL] Connexion candidat / RO1 / RO2 sous NP impossible : une erreur 404 est retournée|
|   *Url*| [https://alias-front-np.picsel.defense.gouv.fr/reserviste/ro1/oauth/login-callback?state=6819b09f0eb4f&session_state=08325521-5035-47e3-ac54-f019b02f633d&code=0e38e8f0-357f-4e39-8e00-b703f5e901fa.08325521-5035-47e3-ac54-f019b02f633d.ba634723-a3d9-4341-8f67-12f8fa11d64e]|
|   *Acteur*|RO1|
|   *Identifiants*|Erreur 404 IHM non accessible |
|   *Mot de passe*|Erreur 404 IHM non accessible |
|   *Anomalie*|Bloquant|
|   *Configuration*|Firefox|
|   *Bloc*|Connexion|
|   D{*}escription{*}|En v5.4 la plateforme PICSEL DR et NP n'est pas utilisable
 
Des tentatives de connexion du candidat du RO1 ou du RO2 retourne directement une erreur 404 sans avoir l'IHM de saisi de l'authentification
 
 
Tentative de connexion RO1 : [https://alias-front-np.picsel.defense.gouv.fr/choix-profil-connexion] en cliquant sur RO1 : {color:#de350b}Erreur 404{color}
[https://alias-front-np.picsel.defense.gouv.fr/reserviste/ro1/oauth/login-callback?state=6819b09f0eb4f&session_state=08325521-5035-47e3-ac54-f019b02f633d&code=0e38e8f0-357f-4e39-8e00-b703f5e901fa.08325521-5035-47e3-ac54-f019b02f633d.ba634723-a3d9-4341-8f67-12f8fa11d64e]
 

Tentative d'accès au compte candidat : [https://alias-front-np.picsel.defense.gouv.fr/choix-profil-connexion] en cliquant sur Espace Candidat {color:#de350b}Erreur 404{color}
[https://alias-front-np.picsel.defense.gouv.fr/candidat/oauth/login-callback?state=6819b1a9a3306&session_state=08325521-5035-47e3-ac54-f019b02f633d&code=c5bf50dc-f5a2-40d6-b0c0-fbdfb03d2059.08325521-5035-47e3-ac54-f019b02f633d.ba634723-a3d9-4341-8f67-12f8fa11d64e]


Tentative de connexion au compte RO2 :[https://alias-front-np.picsel.defense.gouv.fr/choix-profil-connexion] {color:#de350b}Erreur 404{color}
[https://alias-front-np.picsel.defense.gouv.fr/reserviste/ro2/oauth/login-callback?state=6819b27918e35&session_state=08325521-5035-47e3-ac54-f019b02f633d&code=c74f0141-b8df-48ba-96c6-a6813a6d6934.08325521-5035-47e3-ac54-f019b02f633d.ba634723-a3d9-4341-8f67-12f8fa11d64e] 
 
 
Phénomènes reproduit chez [~authayak] 
 
 
 |
|   *Résultat attendu*|Le candidat le RO1 et le RO2 doivent pouvoir se connecter normalement sur une plateforme NP|";;
650175;"01/22/2026 12:26";;"[MOE] -[réserviste] -Téléversement impossible dans les données personnelles";;;"Corrigé en production";;"12/02/2025 15:42";;;;;;"DP ROC";;b_poiron_ext;ROC-1676;b_poiron_ext;;;;Env.;"LIVRAISON HORS VERSION";;Majeur;;;V4.20.0.7;;;;;"*Titre* : [MOE] -[réserviste] -Téléversement impossible dans les données personnelles

*Configuration* : v4.20.0.7

*URL* : [https://roc-pic-intradef.fr.capgemini.com/interne/roc/login |https://roc-recette-internet.fr.capgemini.com/candidat/modifier-donnees?idCandidat=233847]

Utilisateur : testmdc18@getnada.com

*Descriptif* :

Se rendre sur le profil du candidat.

Dans données personnelles.

Dans le profil remplir les données du candidat.

Ensuite faire le téléversement d'un fichier.

Cliquer sur Valider.

*Résultat attendu* : 

Le document a été téléversé.

*Résultat obtenu :* 

Message d'erreur :

!image-2025-05-06-15-25-51-661.png!";;
650179;"01/22/2026 12:26";;"TECH - Suppression du controle sur le format du token pour la pAPI - BACK";;;"Corrigé en production";;"12/02/2025 15:42";;;;;;"DP ROC";;b_poiron_ext;ROC-761;b_poiron_ext;;;;Env.;V4.20.0.5;;Bloquant;;;V4.20.0.3;;;;;"Bonjour

Ce ticket a pour but de tracer la demande de suppression du test sur le format du token (avec une regex) dans :

back/src/Service/PAPI/V2_1/Authenticator/OAuth2PasserelleAuthenticator.php ligne 186

Bien cordialement";;
650180;"01/22/2026 12:26";;"Création de la deuxième instance PICSEL";;;"Corrigé en production";;"12/02/2025 15:42";;;;;;"DP ROC";;b_poiron_ext;ROC-610;b_poiron_ext;;;;Env.;V5.1;;Majeur;;;V4.20.0.2;;;;;"VM et infra créés. 

Prise en main d'un message d'erreur";;
650181;"01/22/2026 12:26";;"[PICSEL] erreur 500 sur le footer";;;"Corrigé en production";;"12/02/2025 15:42";;;;;;"DP ROC";;b_poiron_ext;ROC-494;b_poiron_ext;;;;Env.;V4.20.0.2;;Majeur;;;V4.20;;;;;Vide;;
650182;"01/22/2026 12:26";;"[MindefConnect] Booléan sur date d'anniversaire";;;"Corrigé en production";;"12/02/2025 15:42";;;;;;"DP ROC";;b_poiron_ext;ROC-271;b_poiron_ext;;;;Env.;V4.20;;Bloquant;;;V4.20;;;;;"Lors des tests du  déploiment PISCEL une erreur survient : 
[2024-11-06 13:52:24] request.CRITICAL: Uncaught PHP Exception TypeError: ""App\Entity\MinDefConnect\MinDefConnectUserInfo::__construct(): Argument #5 ($dateNaissance) must be of type ?DateTime bool given called in /var/www/html/roc-front/src/Entity/MinDefConnect/MinDefConnectUserInfo.php on line 149"" at MinDefConnectUserInfo.php line 10 \{""exception"":""[object] (TypeError(code: 0): App\\Entity\\MinDefConnect\\MinDefConnectUserInfo::__construct(): Argument #5 ($dateNaissance) must be of type ?DateTime bool given called in /var/www/html/roc-front/src/Entity/MinDefConnect/MinDefConnectUserInfo.php on line 149 at /var/www/html/roc-front/src/Entity/MinDefConnect/MinDefConnectUserInfo.php:10)""}";;
534679;"01/22/2026 12:26";;"[AAE] Offre emploi : code ETR";;;"Corrigé en production";"Anomalie fonctionnelle parcours Engagement";"07/30/2025 08:23";;;;;;AAE;"bugs #534679";s_caumond;;b_poiron_ext;;;;Emploi;V7.4.3;;Mineur;"Poste Intradef";https://reservistes.intradef.gouv.fr/interne/poste/creer/publication/122;V5.4.4;"AF + REF";;"Création d'une offre d'emploi :
1/ étape ""formation d'emploi"" : ok
2/ étape ""Poste""  :  2 scénarios :
      a/  saisie de l'ETR fictif ""9999 ""--> complétion manuelle des champs et passage étape 4 ""publication""
      b/ saisie d'un ETR existant 100154 --> modification des champs autocomplétés et passage étape 4 ""publication""";"584 + 16301";"Passage à la publication = Erreur 500 dans les 2 cas

Au point A/ saisie ""9999"" = pas dans la liste des ETR, saisie manuelle à faire non limité en nb de caractère minimum ou maximum
Essai avec 9999 = erreur 500 
Essai avec 999999 = erreur 500

Action faite le 29/07/2025 _ 15h30";Bloquant;"erreur 500 publication de poste.docx"
649975;"01/22/2026 12:26";;"[Retry strategy] Jeton expiré ne se rafraîchit pas";;;"Corrigé en production";;"12/02/2025 14:48";;;;;;"DP ROC";;b_poiron_ext;ROC-1568;b_poiron_ext;;;;;V5.4;;Majeur;;;V5.3.0;;;;;"*Titre* : [MOE][Retry] - Jeton expiré ne se rafraîchit pas

*Configuration* : PIC v5.4

*URL* :  

*Identifiant :*  

*Descriptif* :

Quand le jeton est expiré, il n'est pas rafraîchit. 
Cela est dû à la gestion des erreurs faite avec le nouveau client qui est asynchrone. 

*Résultat attendu* : 

Accès aux candidatures avec documents.

*Résultat obtenu :* 
Erreur 401 dans les logs. ";;
649974;"01/22/2026 12:26";;"[Volontariat] Information ""Type de diplôme"" non persistée";;;"Corrigé en production";;"12/02/2025 14:48";;;;;;"DP ROC";;b_poiron_ext;ROC-2538;b_poiron_ext;;;;Volontariat;V7.4.1;;Majeur;;;V7.4.0;;;;;"*Configuration :* PICSEL NP V7.4

*Identifiant :* Compte volontariat, créé pour le test (Martin Matin, touslesmatins@getnada.com)

*Description :* 
 - Création du compte volontaire (MDC + informations liées au diplôme, etc..), je choisis le type de diplôme ""Maîtrise"",

 - Après validation des informations, je clique sur ""Accueil"" dans le fil d'ariane pour atteindre la page des deux blocs Données personnelles / Engagement, 

 - Clic sur Engagement

 - Je choisis un emploi ""Combattant Concept Commun du combat terrestre""

 - Je valide ma candidature

 - Je retourne sur la page Données personnelles / Engagement 

 - Clic sur Données personnelles,

*Résultat attendu :* le type de diplôme Maitrise est présent 

*Résultat obtenu :* ""Faites votre choix""

 

+*J'ai poursuivi le test :*+ 
 - Je choisis le type de diplôme ""Maitrise"", je clique sur valider,

*Resultat attendu :* message vert ""informations bien enregistrées"" + persistance du type de diplôme

*Résultat obtenu :* message vert, mais type de diplôme non persisté (voir PJ)

J'ai fait des tests sur le bloc suivi des volontaires, et quand je cherche sur Maitrise, le candidat n'apparait pas. Il semblerait donc bien qu'il y ait un problème d'enregistrement de l'info dans la base. 

 ";;
649973;"01/22/2026 12:26";;"[Volontariat] Filtre descendant sur la date de création de volontariat non fonctionnel";;;"Corrigé en production";;"12/02/2025 14:48";;;;;;"DP ROC";;b_poiron_ext;ROC-2539;b_poiron_ext;;;;Volontariat;V7.4.1;;Mineur;;;V7.4.0;;;;;"*Environnement :* PICSEL V7.4 DR

*Identifiant :* 15086_utilisateur

*Description :* 

En tant qu'AF : 
 * je clique sur le bloc suivi des volontaires et candidats
 * je clique sur les flèches noires à droite du champ ""Date de déclaration du volontariat"" afin de mettre en place le filtre décroissant (du plus récent au plus ancien)

*Résultat attendu :* les volontaires les plus récemment créés apparaissent

*Résultat obtenu :* La date s'arrête au 31/12/2024. Or, il y a de nombreux volontaires créés en 2025 (j'en ai créé 1 avant le test d'ailleurs)";;
649956;"01/22/2026 12:26";;" [Emploi]non persistance des données a la publication ";;;"Corrigé en production";;"12/02/2025 14:48";;;;;;"DP ROC";;b_poiron_ext;ROC-2864;b_poiron_ext;;;;Emploi;V7.5.1;;Majeur;;;v7.4.3;;;;;"'+*Titre :*+ [Emploi]non persistance des données a la publication 

*+Configuration:+*

PPROD v7.4.3

 

 

*+Descriptif :+*

je suis Référent du code credo 06SA000 je crée un emploi pour le code credo 05US006.

a l’étape 1 de la création de l'emploi dans la case ""nom de la formation d'emploi (CREDO)"" je sélectionne le code CREDO 05US006.

a l’étape 4 je supprime le pré-remplissage , je le remplace le Grade/Prénom/Nom par les information du référent du credo 05US006, je met le CREDO 05US006, je met en point de contacte l'adresse mail du référent

j’envoie la fiche pour validation

le validateur reçoit la fiche, les donnés Grade/Prénom/Nom et le code credo de l’unité de gestion (05us006) sont conforme.je valide la fiche

 

+*Résultat obtenue:*+

lorsque je consulte l'offre via la bourse aux emploi les données Grade/Prénom/Nom et le code credo de l’unité de gestion (05us006) ne sont plus conforme.ils ont été remplacé par les données du référent qui a créé l'offre ( 06SA000)

je candidate pour le poste

dans mes données personnel mon *unité  est bien:* VIGIE CEPET mais le point de contacte ne sont pas conforme 

en tant que référent dans le suivi des candidatures le poste est bien noté sur le bon credo

 

 

 

*+Résultat attendu:+*

lorsque je consulte l'offre via la bourse aux emploi les données Grade/Prénom/Nom et le code doivent être conforme aux données de l'étape 4 de la publication";;
649957;"01/22/2026 12:26";;"[Emploi] Mauvais affichage des éléments d'une offre d'emploi";;;"Corrigé en production";;"12/02/2025 14:48";;;;;;"DP ROC";;b_poiron_ext;ROC-2860;b_poiron_ext;;;;Emploi;V7.5.1;;Majeur;;;V7.5.0;;;;;"*Environnement :* PICSEL V7.5

*Identifiant :* 4512_utilisateur 

*Description :* 

En tant qu'AF, 

Clic sur gestion des emplois, 

Clic sur un emploi publié 

*Résultat attendu :* Visualiser les nouvelles informations des offres d'emploi, écran présent et validé en V7.4 

*Résultat obtenu :* Ancien affichage des offres d'emploi, non conforme ";;
649958;"01/22/2026 12:26";;"[Emploi] Erreur 500 à la modification d'une offre d'emploi";;;"Corrigé en production";;"12/02/2025 14:48";;;;;;"DP ROC";;b_poiron_ext;ROC-2859;b_poiron_ext;;;;Emploi;V7.5.1;;Bloquant;;;V7.5.0;;;;;"*Environnement :* PICSEL DR, V7.5

*Identifiant :* 4512_utilisateur

*Description :* 

Connexion en tant qu'AF

Clic gestion des emplois 

Clic sur un emploi publié

Clic sur modifier 

*Résultat attendu :* Pouvoir modifier l'offre d'emploi 

*Résultat obtenu :* Erreur 500";;
649959;"01/22/2026 12:26";;"[volontariat] la brique ""correspondant de sécurité"" ne se valide pas après action du référent, empêchant la génération de l'ESR";;;"Corrigé en production";;"12/02/2025 14:48";;;;;;"DP ROC";;b_poiron_ext;ROC-2775;b_poiron_ext;;;;Candidature;V7.4.3;;Bloquant;;;V7.4.2;;;;;"*Environnement* : PPDROD v7.4.2

*Comportement observé :* 

Lors du test ""volontariat bout en bout"" :
 * j'ai sélectionné un correspondant de sécurité
 * le CS a validé que le CER était conforme
 * Etape où le référent met que le contrôle élémentaire est ""sans objection"" et que la décision est ""acceptée""
 * lorsque le référent valide cette étape, le référent est renvoyé vers la page ""Processus d'engagement"", une notification apparait ""étape validée"" mais la tuile ""Correspondant de sécurité"" reste en bleu avec écrit ""Désignation d'un correspondant de sécurité""
 * les autres étapes se débloquent (visite médicale civile, FPM...) mais il est impossible à la fin du processus de générer l'ESR 

*Comportement attendu :* 

Lors du test ""volontariat bout en bout"" :
 * j'ai sélectionné un correspondant de sécurité
 * le CS a validé que le CER était conforme
 * Etape où le référent met que le contrôle élémentaire est ""sans objection"" et que la décision est ""acceptée""
 * lorsque le référent valide cette étape, le référent est renvoyé vers la page ""Processus d'engagement"" et la tuile ""Correspondant de sécurité"" passe en vert avec la date
 * toutes les autres étapes se déroulent et je peux générer un ESR";;
649960;"01/22/2026 12:26";;"[Candidature] Le référent et le contact ne s'affiche dans la tuile ""Entretien en unité""";;;"Corrigé en production";;"12/02/2025 14:48";;;;;;"DP ROC";;b_poiron_ext;ROC-2679;b_poiron_ext;;;;Candidature;V7.4.2;;Mineur;;;V7.4.1;;;;;"Environnement : QUALIF V7.4.1

Comportement observé : 
 - Dans le parcours Candidature, le référent et le contact ne s'affichent pas dans la tuile ""Entretien en unité"" tant du côté du candidat que du référent alors que l'information est bien affichée dans la parties Données personnelles du candidat

Comportement attendu : 
 - Que les informations s'affichent";;
649961;"01/22/2026 12:26";;"[Création d'emploi] une création d'emploi est possible avec un code ETR du poste invalide";;;"Corrigé en production";;"12/02/2025 14:48";;;;;;"DP ROC";;b_poiron_ext;ROC-2674;b_poiron_ext;;;;Emploi;V7.4.2;;Mineur;;;V7.4.1;;;;;"*Environnement* : PICSEL v7.4.1

{*}Comportement observé{*}: lors de l'étape 2 de la création d'un emploi, si l'on remplit un code ETR valide qui préremplit alors tous les autres champs, puis qu'on le modifie en un code ne correspondant à aucun code ETR alors on peut passer à la page suivante et le poste peut être créé

{*}Comportement attendu{*}: même si les champs sont préremplis selon un code ETR valide, si le champ ""Code ETR du poste"" est erroné alors il est impossible de passer à la page suivante et de créer un emploi. ";;
649962;"01/22/2026 12:26";;"[Droits] Erreur lors de la création d'un délégataire de pilote";;;"Corrigé en production";;"12/02/2025 14:48";;;;;;"DP ROC";;b_poiron_ext;ROC-2628;b_poiron_ext;;;;Droits;V7.4.2;;Mineur;;;V7.4.0;;;;;"*Environnement :* PICSEL V7.4

*Utilisateur :* Utilisateur qui créée son compte ROC, délégation réalisée par le pilote 2693_utilisateur

*Description :* 

En tant que pilote,

Je clique sur gérer mes délégations, 

Je crée une délégation en sélectionnant Pilote,

Je rentre une adresse mail d'un utilisateur n'étant pas dans ROC,

Je clique sur valider, 

-->message alertant que le compte n'existe pas

Je clique sur poursuivre la délégation,

L'utilisateur reçoit un mail, incitant à créer son compte de délégataire,

Je clique sur le lien,

Je renseigne mes informations, 

Je clique sur valider

*Résultat attendu :* Délégation créé + mail reçu pour se connecter à ROC 

*Résultat obtenu :* Premier clic, rien ne se passe, pas de chargement de la page lors du clic, pas de redirection, pas de mail reçu. Deuxième clic : message d'erreur (voir PJ)";;
649963;"01/22/2026 12:26";;"[Volontariat] Une erreur survient lorsqu'un volontaire choisit une offre d'emploi ""nouveau format""";;;"Corrigé en production";;"12/02/2025 14:48";;;;;;"DP ROC";;b_poiron_ext;ROC-2624;b_poiron_ext;;;;Volontariat;V7.4.1;;Bloquant;;;V7.4.0;;;;;"*Environnement :* PICSEL V7.4

*Identifiant :* Volontaire créé pour le test

*Description :* 

En tant qu'AF, 

Je crée un emploi nouveau format,

Je le valide côté emploi + gestion, 

Je vais sur la gestion des emplois,

Je modifie l'emploi en y mettant : 1) Un nombre de place > 0 ; 2) en cochant la mise en avant sur la page d'accueil + la publication,

==> l'offre devient visible pour un volontaire

En tant que volontaire (compte fraichement créé),

Je clique sur choix d'un emploi,

Je retrouve l'emploi créé plus haut, 

Je clique sur l'emploi, 

Je clique sur candidater, 

Je remplis les onglets sur les compétences + infos personnelles, 

Je clique sur valider, 

*Résultat attendu :* Etre redirigé vers la page d'accueil, avec les blocs qui sont apparus, et le choix d'unité qui est en vert + avoir toutes les informations sur l'unité

*Résultat obtenu :* Redirection vers la page, le choix d'unité est en bleu et on obtient un message d'erreur ""Une erreur est survenue"" 

+Note :+ j'ai essayé sur diverses offres d'emploi et avec plusieurs nouveaux volontaires, je ne parviens jamais à choisir l'unité. ";;
649964;"01/22/2026 12:26";;"[Emploi] Boutons ""ajout à la page d'accueil"" + ""mise en avant"" ne fonctionnent pas sur la nouvelle page de création d'emploi";;;"Corrigé en production";;"12/02/2025 14:48";;;;;;"DP ROC";;b_poiron_ext;ROC-2619;b_poiron_ext;;;;Emploi;V7.4.1;;Majeur;;;V7.4.0;;;;;"*Environnement :* PICSEL V7.4

*Identifiant :* 4512_utilisateur

*Description :* 

En tant qu'AF, 

Je créée un emploi,

A l'issue, je coche les deux boutons d'ajout + mise en avant (voir PJ),

Le valideur valide l'emploi

*Résultat attendu :* Boutons persistés et emploi apparaissant sur la page d'accueil 

*Résultat obtenu :* Boutons non persistés  (voir PJ) et comportement attendu incorrect

+Note : quand je modifie l'emploi, et que je coche les 2 cases, le comportement attendu fonctionne et les boutons persistent.+ ";;
649965;"01/22/2026 12:26";;"[Volontariat] mauvais intitulé dans un champ";;;"Corrigé en production";;"12/02/2025 14:48";;;;;;"DP ROC";;b_poiron_ext;ROC-2618;b_poiron_ext;;;;Volontariat;V7.4.2;;Mineur;;;V7.4.0;;;;;"'+*Titre :*+  [Volontariat] mauvais intitulé dans un champ

*+Configuration:+*

PICSEL  v7.4

 

{*}Identifiants / rôle :{*}volontaire

                              

*+Descriptif :+*

en tant que volontaire , lorsque je complète le formulaire d'inscription, dans l’onglet ""Informations Complémentaires""  l'intitulé dans les champs :
 * Département dans lequel vous souhaitez servir
 * Votre ou vos secteur(s) d'activité (en cours ou passé(s))
 * Domaine(s) d'emploi souhaité(s)

n'est pas bon

+*Résultat obtenue:*+

il est indiqué ""tous""

 

*+Résultat attendu:+*

il devrait y avoir "" Faites votre choix""";;
649966;"01/22/2026 12:26";;"[Volontariat] Impossible, côté volontaire, de retrouver une offre d'emploi créée ";;;"Corrigé en production";;"12/02/2025 14:48";;;;;;"DP ROC";;b_poiron_ext;ROC-2583;b_poiron_ext;;;;Emploi;V7.4.1;;Bloquant;;;V7.4.0;;;;;"*Environnement :* PICSEL V7.4

*Identifiant :* Volontaire créé pour le test 

*Description :* 

En tant qu'AF, 

Je créée une offre d'emploi pour candidat ab initio RO1 (j'ai répertorié les différentes étapes de création dans les screenshots notés 1 à 4, le bilan des infos qui nous intéressent se trouve dans le screen 4),

--> Je confirme avoir validé l'offre d'emploi par un valideur. Je reçois le mail précisant que l'offre d'emploi a été publiée. 

En tant que volontaire,

Je choisis une unité, 

Je cherche les différentes caractéristiques de l'offre d'emploi par le biais des filtres (j'ai tout essayé, même le nombre de jours souhaités)

*Résultat attendu :* Trouver l'offre d'emploi que l'AF vient de créer

*Résultat obtenu :* L'offre d'emploi n'apparait pas 

 ";;
649967;"01/22/2026 12:26";;"[Emploi] Absence de bloquant sur le numéro de téléphone";;;"Corrigé en production";;"12/02/2025 14:48";;;;;;"DP ROC";;b_poiron_ext;ROC-2577;b_poiron_ext;;;;Emploi;V7.4.1;;Mineur;;;V7.4.0;;;;;"Description : voir PJ, il est possible de mettre un numéro de téléphone à X chiffres";;
649968;"01/22/2026 12:26";;"[Volontaire] Le filtre sur les départements de service ne fonctionne pas";;;"Corrigé en production";;"12/02/2025 14:48";;;;;;"DP ROC";;b_poiron_ext;ROC-2561;b_poiron_ext;;;;Volontariat;V7.4.1;;Majeur;;;V7.4.0;;;;;"*Environnement :* PICSEL V7.4

*Identifiant :* 4512_utilisateur

*Description :* 

J'ai créé un volontaire habitant dans le 75 et souhaitant exercer dans le 75. Il a choisi une unité, qui est dans le 55, 

En tant qu'AF, je cherche le volontaire en mettant ""75"" dans le département de service et j'ai de nouveau essayé en mettant 55 dans le département de service. 

*Résultat attendu :* 

Le volontaire/candidat apparait dans le tableau 

*Résultat obtenu :* 

Le volontaire n'apparait pas. ";;
649969;"01/22/2026 12:26";;"[Volontariat] Mauvais affichage du nombre de volontaires et de candidats";;;"Corrigé en production";;"12/02/2025 14:48";;;;;;"DP ROC";;b_poiron_ext;ROC-2556;b_poiron_ext;;;;Volontariat;V7.4.1;;Mineur;;;V7.4.0;;;;;"*Environnement :* PICSEL V7.4

*Identifiants :* 4512_utilisateurs

*Description :* 

Dans le suivi des volontaires, 

Je sélectionne des départements où il n'y a pas de volontaires, 

Je clique sur rechercher

*Résultat attendu :* 

L'information affichée au dessus du tableau ""Nombre de volontaires : XX / Nombre de Candidats : XX"" affiche 0 quand le tableau est vide 

*Résultat obtenu :* 

L'information affichée au dessus du tableau ""Nombre de volontaires : XX / Nombre de Candidats : XX"" affiche le nombre total de volontaires et candidats (voir PJ) quand le tableau est vide ";;
649970;"01/22/2026 12:26";;"[Volontariat] La sélection multiple de certains filtres ne fonctionne pas";;;"Corrigé en production";;"12/02/2025 14:48";;;;;;"DP ROC";;b_poiron_ext;ROC-2555;b_poiron_ext;;;;Volontariat;V7.4.1;;Majeur;;;V7.4.0;;;;;"*Environnement :* PICSEL V7.4

*Identifiants :* 4512_utilisateur

*Description :* 

En tant qu'AF,

Je clique sur le bloc suivi des volontaires et candidats, 

Je sélectionne le niveau d'étude, en sélectionnant *deux niveaux d'études souhaités* (""CAP,BEP"" + ""Baccalauréat,BP"")

*Résultat attendu :* Les candidats disposant du niveau d'étude CAP,BEP {+}**{+}+ les candidats disposant du niveau d'étude Baccalauréat,BP s'affichent

*Résultat obtenu :* Seul le candidat ayant le premier niveau de diplôme sélectionné (ici, CAP BEP) s'affiche. 

*Note :* je reproduis le comportement pour le filtre ""Domaines d'emplois exercés"" et ""Période de disponibilité"" a minima. Je pousse les tests et verrai si je trouve d'autres anomalies. ";;
649971;"01/22/2026 12:26";;"[Activité] clôture d'une activité avec un NPJR -0 impossible ";;;"Corrigé en production";;"12/02/2025 14:48";;;;;;"DP ROC";;b_poiron_ext;ROC-2550;b_poiron_ext;;;;Activités;V7.4.1;;Bloquant;;;V7.4.0;;;;;"'+*Titre :*+ [Activité] clôture d'une activité avec un NPJR -0 impossible 

*+Configuration:+*

PICSEL  v7.4

 

{+}*URL :*{+}[https://roc-front-dr-pre.picsel.defense.gouv.fr/interne/activites/cloturer/detail/2248774|https://pprod-reservistes.intradef.gouv.fr/interne/activites/cloturer/detail/2147587]

 

{*}Identifiants / rôle :{*}REF 7685_utilisateur (AAE)

                               REF 12743_utilisateur (OIA)

 

 

*+Descriptif :+*

en tant que REF de l'AAE je sélectionne un RO1 a qui il ne reste par exemple seulement 5 jours.

je créé une activité de régularisation sur 7 jours.

a la clôture j'ajoute le RO1 a qui il ne reste plus que 5 jours ( il restera -2 jourS au RO1)

je clique sur validé

pop up  "" validation du service fait"" cocher la case puis confirmer

 

+*Résultat obtenue:*+ 
message d'erreur :

 

 

*+Résultat attendu:+*

*AAE avec bloquant : message encadré en rouge en haut de la page*

Il y a dépassement du NPJR pour les réservistes suivants : SLT Armenteros Christoper. Vous ne pouvez donc pas valider le service fait de cette activité. Pour valider le service fait de l'activité il est nécessaire de diminuer le nombre de jour réalisé ou de refuser le service fait du ou des réservistes concernés de cette activité. Vous pourrez ultérieurement créer une activité de régularisation lorsque le NPJR de ce ou ces réservistes aura été révisé. 

*OIA sans bloquant : POP UP* 

*Avertissement de dépassement du NPJR*
Attention, le NPJR du ou des réservistes suivants est insuffisant : LTN Adachi Mui. Le paiement de la solde de ce ou ces réservistes risque d'être rejeté.

ce message me semble inappropriée car il parle de dépassement de NPJR

 

 

 ";;
649972;"01/22/2026 12:26";;"[Volontariat] Filtre sur les jours de disponibilité non fonctionnel";;;"Corrigé en production";;"12/02/2025 14:48";;;;;;"DP ROC";;b_poiron_ext;ROC-2540;b_poiron_ext;;;;Volontariat;V7.4.1;;Mineur;;;V7.4.0;;;;;"*Environnement :* PICSEL V7.4 

*Identifiant :* 15086_utilisateur 

*Description :* 
 * Je créée un volontaire, et, au moment du choix des informations complémentaires, je choisis mon nombre de jours de disponibilités par an à ""Plus de 50 jours"" (voir PJ)
 * En tant qu'AF, je clique sur le bloc Suivi des volontaires
 * Je filtre en sélectionnant les volontaires par ""Plus de 50 jours de disponibilités""

*Résultat attendu :* le volontaire créé dans le cas de test apparait 

*Résultat obtenu :* le volontaire n'apparait pas";;
527278;"01/22/2026 12:26";;"Affichage de la date lde dernière modification du MDP";;;"Corrigé en production";"Non classé";"07/16/2025 19:08";;;;;;MN;;g_bota;;b_poiron_ext;;;;;V7.4.3;;Mineur;"Poste Intradef";;V5.4;"AF via intradef et candidat (internet)";;;;"J'ai procédé avec le candidat à la finalisation de son compte RO1, il a créé son compte mindef connect V2, et s'est connecté à son compte RO1. Coté AF (voir copie écran jointe) la date de mise à jour de son mdp ne s'affiche pas.";Mineur;"Capture date validation mdp.PNG,Création compte RO1.docx,Affichage date création compte RO1.docx"
648878;"01/22/2026 12:26";;"[Activité] - CTL - Erreur 500 lors du téléchargement de l'ENARO et pièces jointe";;;"Corrigé en production";;"12/01/2025 16:42";;;;;;"DP ROC";;b_poiron_ext;ROC-1806;b_poiron_ext;;;;Activités;V7.5;;Majeur;;;;;;;;"*Titre* : [Activité] - CTL - Erreur 500 lors du téléchargement de l'ENARO et pièces jointe

*Configuration* : PICSEL v5.4 DR

*Identifiant* :

role CTL 10299_utilisateur

Mdp Azertyuiop44!!!

 
 *URL* :[Contrôle des activités passées dans ROC - Réservistes des armées (defense.gouv.fr)|https://roc-front-dr-pre.picsel.defense.gouv.fr/interne/activites/controle]

 

*Descriptif* :

le contrôleur souhaite télécharger les pièces jointe et l'ENARO

 
*Résultat obtenu* :

Erreur 500 

 

*Résultat attendu* :

téléchargement des pièceS";;
485313;"01/22/2026 12:35";;"Compte AF - impossibilité d'accés à ""Activités""";;;"Corrigé en production";"Anomalie fonctionnelle Activités";"05/23/2025 10:14";;;;;;ADT;;j_saint_julien;ROC-1270;b_poiron_ext;;;;Activités;V4.20.0.6;;Bloquant;;https://reservistes.intradef.gouv.fr/interne/accueil-choix-bloc;V4.20.0.7;"AF / AO";;;;"Lorsque l'AF ou l'AO clique sur la tuile ""Activités"" un message d'erreur apparaît ""504 Gateway TimeOut"". ";Bloquant;"Anomalies compte AF gestion des activités.docx"
469658;"01/22/2026 12:35";;"Choix du poste candidat";;l_lodigiani_dechamp;"Corrigé en production";;"05/05/2025 14:36";;;;;;AF;;j_pelletier6;ROC-1614;b_poiron_ext;;;;Candidature;V6.3;;Bloquant;"Poste Internet";"https://www.reservistes.defense.gouv.fr/candidat/processus-candidature/etape/choix-affectation
https://www.reservistes.defense.gouv.fr/candidat/choix-unite/validation/53/7677";V4.20.0.7;"Compte candidat
Identifiant : marcelsurcouf@getnada.com
mdp : Versailles78000!";;"Choix d'un poste ab-initio sur la carte par le candidat et validation du choix.";;"Lorsque le candidat fait le choix du poste, à la validation un message d'erreur apparait ""une erreur est survenue"".";Bloquant;"20250505-ENG-erreur inattendu chx affectation.JPG,20250505-ENG-Choix poste av validation.JPG"
470094;"01/22/2026 12:35";;"[AAE] Données personnelles et DEL ref : mise à jours de données perso passe le del ref en ref";;l_lodigiani_dechamp;"Corrigé en production";;"05/06/2025 09:07";;;;;;AAE;;b_poiron_ext;ROC-1571;b_poiron_ext;;;;Droits;V5.4;;Bloquant;;;V4.20.0.7;;;;;"Cas multiples de DEL REF ayant mis à jour leur adresse mail et/ou grade dans leur données personnelles et ont de fait été promu REFERENT en shootant le référent en titre";Majeur;
528051;"01/22/2026 12:36";;"Analyse log ano historique Tacite";;;"En attente de prise en compte dans l'usine logicielle";;"07/17/2025 15:21";;;;;;"DP ROC";;b_poiron_ext;ROC-1657;b_poiron_ext;;;;E-billet;;;Majeur;;;V4.20.0.7;;;;;"Access log back intradef 

 

221.11.72.232 - - [30/Apr/2025:00:55:20 +0200] ""PATCH /v7/api/commandes-billets HTTP/1.1"" 500 196 ""-"" ""Synapse-PT-HttpComponents-NIO"" 

[!dt dt.trace_id=c73c4e84aa44cb4a4e44874a3cdb9243,dt.span_id=4798738aa4a8287b,dt.trace_sampled=true]

 

prod.critical-2025-04-30.log

 

[2025-04-30 00:55:20] app.CRITICAL:                                                          \{""dt.trace_sampled"":""true"",""dt.trace_id"":""c73c4e84aa44cb4a4e44874a3cdb9243"",""dt.span_id"":""6cea3d14ea09a08a""}
[2025-04-30 00:55:20] app.CRITICAL: ========== UNE ERREUR TECHNIQUE EST SURVENUE ==========  \{""dt.trace_sampled"":""true"",""dt.trace_id"":""c73c4e84aa44cb4a4e44874a3cdb9243"",""dt.span_id"":""6cea3d14ea09a08a""}
[2025-04-30 00:55:20] app.CRITICAL: Message : Call to a member function getUtilisateurEmailIntradefInitial() on null  \{""dt.trace_sampled"":""true"",""dt.trace_id"":""c73c4e84aa44cb4a4e44874a3cdb9243"",""dt.span_id"":""6cea3d14ea09a08a""}
[2025-04-30 00:55:20] app.CRITICAL: Fichier : /var/www/html/src/Service/ServicesMesDeplacements/DemandeBilletService.php :: ligne 904  \{""dt.trace_sampled"":""true"",""dt.trace_id"":""c73c4e84aa44cb4a4e44874a3cdb9243"",""dt.span_id"":""6cea3d14ea09a08a""}
[2025-04-30 00:55:20] app.CRITICAL: Fichier : /var/www/html/src/Exception/WSException.php :: ligne 139  \{""dt.trace_sampled"":""true"",""dt.trace_id"":""c73c4e84aa44cb4a4e44874a3cdb9243"",""dt.span_id"":""6cea3d14ea09a08a""}
[2025-04-30 00:55:20] app.CRITICAL: StackTrace : App\Service\ServicesMesDeplacements\DemandeBilletService::gestionErreurTacite() [L.693] <- App\Controller\MesDeplacements\WSDemandeBilletController::actionPatchCommandeBillet() [L.630] <- App\Controller\MesDeplacements\WSDemandeBilletController::wsPatchCommandesBillets() [L.181] <- Symfony\Component\HttpKernel\HttpKernel::handleRaw() [L.76] <- Symfony\Component\HttpKernel\HttpKernel::handle() [L.197] <- Symfony\Component\HttpKernel\Kernel::handle() [L.38]  \{""dt.trace_sampled"":""true"",""dt.trace_id"":""c73c4e84aa44cb4a4e44874a3cdb9243"",""dt.span_id"":""6cea3d14ea09a08a""}
[2025-04-30 00:55:20] app.CRITICAL: =======================================================  \{""dt.trace_sampled"":""true"",""dt.trace_id"":""c73c4e84aa44cb4a4e44874a3cdb9243"",""dt.span_id"":""6cea3d14ea09a08a""}

 

En complément :

Dans la fonction suivante : 
{code:java}
// code public function gestionErreurTacite(CommandeBillet $commande): void  {code}
le valideur passe à null 

Et dans l'erreur qui est 
{code:java}
// code destinataire: $commande->getCommandeValideur()->getUtilisateurEmailIntradefInitial(), {code}
On ne vérifie pas si getCommandeValideur est null et donc on ne traite pas et on arrive à la 500.

 

Ce code est présent depuis 2021 et n'a jamais été modifié depuis, il est à reprendre cependant.

 ";;
527895;"01/22/2026 12:37";;"[Infocentre] Réservistes RO1 et RO2 manquants tableau Données personnelles";;;"Corrigé en production";;"07/17/2025 15:21";;;;;;"DP ROC";;b_poiron_ext;ROC-2070;b_poiron_ext;;;7.1;Infocentre;"LIVRAISON HORS VERSION";;Majeur;;;V5.4.4;;;;;"Dans l'application ""bloc données personnelles"", analyser le script et corriger les cas suivants :
 - une liste de réservistes Actifs RO1 (environ 8800) présents dans ROC mais pas dans l'infocentre. Date entrée dans la réserve < date du jour < date de fin ESR. Ces réservistes devraient être visibles dans l'infocentre en tant que RO1

 - une liste de réservistes Actifs RO2 (environ 6700) présents dans ROC mais pas dans l'infocentre. Date de fin service actif < date du jour < date de fin de lien à la RO2. Ces réservistes devraient être visibles dans l'infocentre  en tant que RO2.

Action attendue : 
sur l'application ""bloc données personnelles"", partie chargement de données :
regarder ce qui conditionne l'affichage des réservistes. Corréler les réservistes dans la liste fournie avec ce qu'il y a sur la base de production. 



S'inspirer des recherches effectuées pour l'affichage des candidats dans l'infocentre (ticket 1939). 

 ";;
598622;"01/22/2026 12:37";;"[MOE] - un espace entre deux intitulés dans l'onglet ""Gestion""";;;"Corrigé en production";;"10/07/2025 16:06";;;;;;"DP ROC";;b_poiron_ext;ROC-2462;b_poiron_ext;;;8.1;;V7.4;;Mineur;;;;;;;;"Titre : [MOE] - un espace entre deux intitulés dans l'onglet ""Gestion"" 

Configuration : V7.3

Identifiant :

Descriptif :

un espace s'est glissé entre deux intitulés dans l'onglet ""Gestion"" 

entre paramétrage fonctionnel et Suivi des volontaires et des candidats

 

Résultat attendu :

pas d'espace entre 2 intitulés

Résultat obtenu :

espace entre 2 intitulés";;
598624;"01/22/2026 12:38";;"Affichage fenêtre modal sur Extraction candidature avec mention de dates à saisir";;;"Corrigé en production";;"10/07/2025 16:06";;;;;;"DP ROC";;b_poiron_ext;ROC-2429;b_poiron_ext;;;7.4;Candidature;V7.4;;Mineur;;;;;;;;"Quand je clique sur le bouton Extraction sur le nouveau bloc ""Suivi des volontaires et des candidats"", une pop-up s'ouvre demandant de saisir la période souhaitée or il n'y a pas de demande dans ce sens sur l'US. L'export se fait sur la requête générée par la saisie des filtres de recherche";;
669558;"01/22/2026 12:38";;"[SSA] Prise e-billet impossible";;;"Corrigé en production";;"01/07/2026 16:14";;;;;;SSA;;g_gay3;ROC-3041;b_poiron_ext;;;9.2;E-billet;"LIVRAISON HORS VERSION";P0;Bloquant;"Poste Internet";https://reservistes.intradef.gouv.fr/interne/mes-deplacements/demandes-a-traiter;V7.5.1;"Pilote du CMA 04 : LEROUX Stéphane
RO1 : AMACE PIGEON Philippe";;"Le pilote donne un N° de transport dérogatoire au RO1 pour la prise de e-billet.
Lorsque le RO1 a fait sa demande de e-billet, le pilote valide cette demande.";1452;"La demande de e-billet reste à l'état ""en attente"" dans l'onglet ""e-billets demandés"" sur le compte du RO1.
Le RO1 avait auparavant essayer de commander un e-billet en utilisant les N° de transport présents dans sa convocation, le résultat était le même : la demande reste ""en attente"".
De plus, le pilote reçoit à de nombreuses reprises un mail du SI ROC l'informant d'une erreur lors du traitement de la demande de e-billet.";Majeur;"Commande e-billet impossible.docx"
652504;"01/22/2026 12:39";;"[SSA] Activités non prises en compte";;g.caffiery;"Corrigé en production";;"12/04/2025 09:47";;;;;;SSA;"bugs #656836";c_dulaurans;ROC-2906;b_poiron_ext;ADT,MN,AAE,SSA;;8.3;;"LIVRAISON HORS VERSION";P0;Bloquant;"Poste Intradef";;v7.4.3;;;;;"Du vendredi 28 novembre jusqu'au mardi 02 décembre aucun flux activités émis par ROC. Mardi, un flux activités de rattrapage a été déposé intégrant toutes les activités de cette période (flux 1715 pour le SSA). Mercredi 03 décembre, il est téléversé dans Arhmonie avec le flux 1716. 
Dans le cadre des vérifications, 339 activités en état 2 (ENARO signé) sont identifiées comme non présentes dans le flux 1715, ni 1716.
";Majeur;
656836;"01/22/2026 12:39";;"[ADT] Flux activité - anomalies";;;"Corrigé en production";;"12/09/2025 10:55";652504;652504;;;;ADT;"bugs #652504";j_saint_julien;ROC-2906;b_poiron_ext;;;8.3;Activités;"LIVRAISON HORS VERSION";;;"Poste Intradef";"https://reservistes.intradef.gouv.fr/interne/admin/activites/gestion-rejet/2676827
https://reservistes.intradef.gouv.fr/interne/admin/activites/gestion-rejet/2856573
";v7.4.3;AF;;;"2856573 ; 2676827";"Pour une activité d'un réserviste (ID 8359014855)

- Activité ID 8359014855_CTO_00019 du 01/12 au 01/12 
* Etat 0 envoyé le 26/09 flux N°1849 intégré dans CONCERTO
* Etat 3 envoyé le 04/12 ABSENT DES FLUX ; pas d'explications
 
- Une nouvelle activité est créée pour les mêmes dates
Activité ID 8359014855_CTO_00036 

Etat 0 envoyé le 01/12/2025 absent des flux (ceci pourrait s'expliquer par le bug des flux activité du 27/11) 
Etat 2 envoyé le 04/12/2025 flux n°1914  bien envoyé mais en rejet en raison d'un chevauchement de dates. 
";Majeur;"Anomalie-flux-activityyé.docx,extraction ROC activité du 09-12-2025.xlsx"
678016;"01/22/2026 12:40";;"[Emploi]- Filtre sur intitulé de poste avec un gestionnaire ";;;"Corrigé en production";;"01/20/2026 15:48";;;;;;"DP ROC";;b_poiron_ext;ROC-2891;b_poiron_ext;;;8.3;Emploi;V7.5.1;;Mineur;;;V7.5.0;;;;;"PICSEL: [Engager - Réservistes des armées (defense.gouv.fr)|https://roc-front-dr-rel.picsel.defense.gouv.fr/interne/processus-engagement]

AF 4512_utilisateur ; REF 1309_utilisateur MDP : Asertyuiop44!!!
 # Se connecter avec le REF
 # Aller dans gestion des emplois
 # Choisir le poste ROC DOUBLE BOUCLE DE VALIDATION ( copier ce titre)
 # Aller dans contrats /Mobilité
 # Cliquer sur suivi de candidat
 # Coller le titre dans intitulé du poste
 # Résultat attendu le poste est visible
 # Résultat obtenu le poste n'est pas visible, c'est plus tôt le descriptif du poste
 # se déconnecter
 # Se connecter avec l'AF
 # Aller dans suivi des volontaires
 # dans intitule de poste coller le titre de l'étape 3
 # Même résultat que l'étape 7 et l'étape 8";;
678017;"01/22/2026 12:40";;"[Volontariat]remise a zéro de la FPM";;;"Corrigé en production";;"01/20/2026 15:48";;;;;;"DP ROC";;b_poiron_ext;ROC-2890;b_poiron_ext;;;8.3;Volontariat;V7.5.1;;Majeur;;;V7.5.0;;;;;"'+*Titre :*+ [Volontariat]remise a zéro de la FPM

*+Configuration:+*

PICSEL v7.5

 

 

*+Descriptif :+*

en tant que REF et candidat j'ai passer tout les bloque en vert , hormis création de l'ESR coté REF et souhait de contrat coté Candidat.

{color:#de350b}Pour le bloque FPM le REF a sélectionné une formation il ne l'a *pas* exempté. {color}

{color:#172b4d}le candidat fait son choix de contrat (ex 5 ans)
{color}

{color:#172b4d}le REF clique sur le bloque création de l'ESR il remplit tous les champs obligatoire, il valide a la fin.{color}

{color:#172b4d}cliquer sur oui a Envoi de l'ESR pour signature puis générer l'ESR{color}

le candidat clique sur le bloque contrat puis sur oui a Confirmez-vous votre engagement dans la réserve ? puis valider

+*Résultat obtenue:*+

le bloque formation prémilitaire qui était validé repasse en gris avec le bandeau a compléter

*+Résultat attendu:+*

le bloque formation prémilitaire reste vert

 

{+}*Informations complémentaire:*{+}{*}{*}

pour l'instant le seul moyen que j'ai trouvé pour contourner est d'exempter le candidat de la FPM

 ";;
678018;"01/22/2026 12:41";;"[Volontariat]validation tuile ""entretien en Unité""";;;"Corrigé en production";;"01/20/2026 15:48";;;;;;"DP ROC";;b_poiron_ext;ROC-2885;b_poiron_ext;;;8.3;Volontariat;V7.5.1;;Majeur;;;V7.5.0;;;;;"'+*Titre :*+ [Volontariat]validation tuile ""entretien en Unité""

*+Configuration:+*

PICSEL v7.4.3

 

 

*+Descriptif :+*

en tant que référent je sélectionne un candidat qui a un rendez-vous mais ou le référent n'a pas encore validé l'entretien en unité.

je clique sur la tuile ""Entretien en unité""

sans faire de modification je clique sur ""valider""

 

+*Résultat obtenue:*+

message de validation et la tuile passe vert

*+Résultat attendu:+*

message d'erreur qui stipule que les champs doivent être rempli";;
677965;"01/22/2026 14:00";;"Pb erreur 500 lors de la modification d'informations personnelles";;;"En cours de résolution et de qualification";;"01/20/2026 15:48";;;;;;"DP ROC";;b_poiron_ext;ROC-3100;b_poiron_ext;;;9.2;Environnement;;;Majeur;;;V8.3.0;;;;;"Erreur 500 lorsqu'un RO1 essaie de modifier ses informations personnelles.

Bug vu avec les équipes de développement et reproduit par MOE";;
677968;"01/22/2026 14:00";;"[Volontariat]non validation visite médicale civile";;;"En cours de résolution et de qualification";;"01/20/2026 15:48";;;;;;"DP ROC";;b_poiron_ext;ROC-3094;b_poiron_ext;;;9.2;Volontariat;;;Bloquant;;;V8.3.0;;;;;"{+}*Titre :*{+}[Volontariat]non validation visite médicale civile

*+Configuration:+*

PICSEL v8.3

+*Rôle:*+ candidat

 
{+}*URL :*{+}[https://roc-front-np-rel.picsel.defense.gouv.fr/candidat/processus-candidature/etape/visite-medicale-civile|https://roc-front-dr-rel.picsel.defense.gouv.fr/interne/mon-compte/mes-droits]

 

*+Descriptif :+*

en tant que candidat je me suis connecté et j’ai sélectionné un poste puis

je clique dur le bloc ""visite médicale civile""

je mets la date du jours

je sélectionne un PDF je sélectionne "" sans contre indication""

je clique sur "" valider""

 

+*Résultat obtenue:*+

la page se ""grise"" avec le message ""veuillez patienter"" apparait

après quelques instant la page reprend sa forme ""initiale"" on reste sur la page Visite médicale de non contre-indication

je clique sur retour

le bloque ""visite médicale civile"" est toujours au statut "" a compléter""

je clique sur le bloque "" visite médicale civile"" le certificat est pourtant bien présent

 

*+Résultat attendu:+*

retour sur la fiche du volontaire avec un message de succès et le bloque "" visite médicale civile passe vert

mais je dirais :

déconnexion automatique

reconnexion par l'utilisateur

le rôle de REF n'est plus présent";;
677971;"01/22/2026 14:00";;"[MOE] 2 fois le mot ""Décision"" dans le bloc ""Ma visite Médicale militaire""";;;"En cours de résolution et de qualification";;"01/20/2026 15:48";;;;;;"DP ROC";;b_poiron_ext;ROC-3084;b_poiron_ext;;;9.2;Candidature;;;Mineur;;;V8.3.0;;;;;"Titre : [MOE] 2 fois le mot ""Décision"" dans le bloc ""Ma visite Médicale militaire""

 

Configuration : Intégration V9.1

 

URL :   [https://front-dr.integration.roc.fr.capgemini.com/interne/processus-candidature/candidature/277316/etape/visite-medicale-militaire]

 

Descriptif :

Lorsque l'AF se rend dans le Processus d'engagement, cliquer sur le bloc ""ma visite médicale militaire"", en bas de la page dans le bloc ""Décision"", on constate. 

 

+Résultat attendu+ :

1 fois le mot ""Décision"" (dans le Bloc Décision)

+Résultat obtenu+ :

2 fois le mot ""Décision"" (dans le Bloc Décision)

 

 

!image-2026-01-15-16-24-32-178.png!";;
677972;"01/22/2026 14:00";;"[emploi] le REF ne visualise pas les offres de son périmètre rédigées par le PIL";;;"En cours de résolution et de qualification";;"01/20/2026 15:48";;;;;;"DP ROC";;b_poiron_ext;ROC-3083;b_poiron_ext;;;9.2;;;;Majeur;;;V8.3.0;;;;;"*Identifiant* : REF/PIL LTN LIEBEL BEAUVAIS

{*}Environnement{*}: PICSEL 8.3.0

*Comportement* *observé* : Lorsqu'un pilote ou del pilote crée une offre d'emploi dans le périmètre d'un référent, le référent ne la visualise pas dans son tableau de gestion des emplois 

*Comportement* *attendu* : Lorsqu'un pilote ou un délégataire pilote crée une offre d'emploi dans le périmètre d'un référent alors ce dernier visualise l'offre dans son tableau de gestion des emplois **

cf captures d'écran : 
Périmètre du référent : 8 RT
Détail d'une offre écrite par le pilote dans le périmètre du référent 
Tableau du référent où aucune offre publiée ne s'affiche";;
677973;"01/22/2026 14:00";;"[emploi] le PIL/DEL PIL ne visualise pas l'offre ""en cours de validation"" dans le tableau ""Gestion des emplois""";;;"En cours de résolution et de qualification";;"01/20/2026 15:48";;;;;;"DP ROC";;b_poiron_ext;ROC-3082;b_poiron_ext;;;9.2;;;;Mineur;;;V8.3.0;;;;;"*Identifiant* : REF/PIL LTN LIEBEL BEAUVAIS

{*}Environnement{*}: PICSEL 8.3.0

*Comportement* *observé* : Lorsqu'un pilote ou del pilote crée une offre d'emploi et demande une validation, l'offre n'apparait pas dans la colonne ""En cours de création/validation"" du tableau ""Gestion des emplois"". 

*Comportement* *attendu* : Lorsqu'un pilote ou un délégataire pilote crée une offre d'emploi et demande une validation, l'offre apparait dans la colonne ""En cours de création/validation"" du tableau ""Gestion des emplois"" sous le statut ""En cours de validation"". **

cf captures d'écran : 
Mail attestant que l'offre d'emploi est partie pour validation
Tableau ""Gestion des emplois"" où l'offre n'apparait pas";;
677984;"01/22/2026 14:00";;"[Unite] Commandant d'unité";;;"En cours de résolution et de qualification";;"01/20/2026 15:48";;;;;;"DP ROC";;b_poiron_ext;ROC-3059;b_poiron_ext;;;9.2;Unités;;;Majeur;;;V7.5.1;;;;;"Lors de l'attribution du commandant d'unité, le code génère une erreur liée à une contrainte sur le grade. 

Par exemple, si le grade Lieutenant est déjà attribué, alors on ne peut pas le réattribuer pour une autre unité. 

+*Résultat attendu*+ : pouvoir attribuer le même grade sur plusieurs unités. 

Erreur pour le dev : Integrity constraint violation: 1062 Duplicate entry '33' for key 'UNIQ_6EAFA4DAA955E309'

#[ORM\OneToOne(targetEntity: RefGrade::class)]
#[ORM\JoinColumn(name: 'grade_commandant_unite', referencedColumnName: 'ref_grade_id')]
#[OA\Property(description: 'Grade du commandant de l\'unité', type: 'object')]
private ?RefGrade $gradeCommandantUnite = null;";;
677985;"01/22/2026 14:00";;"[Activités] Accès activité extérieure";;;"En cours de résolution et de qualification";;"01/20/2026 15:48";;;;;;"DP ROC";;b_poiron_ext;ROC-3058;b_poiron_ext;;;9.2;Activités;;;Majeur;;;V7.5.3;;;;;"Avec un AO ou Del ao (par exemple le 10446 sur isoprod)

dans l'onglet activité, cliquer sur ""activité extérieur ""

La page s'affiche mais la requete permettant d'afficher des données dans le tableau est KO

*Resultat obtenu :* 
erreru sur la requete sql

*Resultat attendu :* 
voir les activités ";;
677991;"01/22/2026 14:00";;"Suppresion log pour la papi fantome";;;"En cours de résolution et de qualification";;"01/20/2026 15:48";;;;;;"DP ROC";;b_poiron_ext;ROC-3034;b_poiron_ext;;;9.2;;;;Mineur;;;V7.5.1;;;;;"Lors des investigations de la papi fantôme, nous avions mit en place un evenement écrivant les logs 
ForwardedHeaderLoggerListener

Il faut soit descendre le niveau de log, soit supprimer cet évènement qui provoque des logs d'erreur qui n'en sont pas .";;
677995;"01/22/2026 14:00";;"AO-Clic sur une activité A convoquer en erreur";;;"En cours de résolution et de qualification";;"01/20/2026 15:48";;;;;;"DP ROC";;b_poiron_ext;ROC-3028;b_poiron_ext;;;9.2;Activités;;;Bloquant;;;V9.1.0;;;;;"Env. : INTégration, jdd : AO : admin.ter@getnada.com, 34653_reserviste.roc@getnada.com, AO, Activité créée : TEST activité V9.1

En tant qu'AO j'ai créé une activité RO2 . Quand je vais sur Activités/Calendrier, A convoquer, et que je clique sur l'activité qui vient d'être créée, j'ai un message d'erreur :

!image-2025-12-29-11-37-54-800.png!

[Call to a member function compareCodeImputationPerimetre() on null (500 Internal Server Error)|https://front-dr.integration.roc.fr.capgemini.com/interne/activites/designer/detail/1970041]

!image-2025-12-29-11-38-44-168.png!

!image-2025-12-29-11-39-31-774.png!";;
677998;"01/22/2026 14:00";;"Les flux rox ne fonctionne plus en v8 à cause de la nouvelle version de PHPSpreadSheet";;;"En cours de résolution et de qualification";;"01/20/2026 15:48";;;;;;"DP ROC";;b_poiron_ext;ROC-3013;b_poiron_ext;;;9.2;Flux;;;Majeur;;;V8.3.0;;;;;"Quand on lance les flux en v8, nous avons l'erreur Call to undefined method PhpOffice\PhpSpreadsheet\Worksheet\Worksheet::getCellByColumnAndRow()

Il faudrait vérifier tous les appels à PhpSpreadSheet car beaucoup de fonctions ont été supprimées entre les versions 1.29 et la 5.2";;
678006;"01/22/2026 14:00";;"Accès impossible Données personnelles ROx Vue A-ADS ";;;"En cours de résolution et de qualification";;"01/20/2026 15:48";;;;;;"DP ROC";;b_poiron_ext;ROC-2965;b_poiron_ext;;;8.3;Candidature;;;Bloquant;;;V8.3.0;;;;;"env int,  Je suis connectée en tant que A-ADS [admin_ads.sca@getnada.com|mailto:admin_ads.sca@getnada.com] , dans getsion des RO1

 

!image-2025-12-12-15-33-35-714.png!

quand je clique sur un RO1

!image-2025-12-12-15-33-47-595.png!

[https://front-dr.integration.roc.fr.capgemini.com/_profiler/686d62?panel=logger]

Uncaught PHP Exception Symfony\Component\HttpKernel\Exception\AccessDeniedHttpException: ""{*}Access Denied.{*}""";;
678007;"01/22/2026 14:00";;"Format des dates ESR / VMA erronées dans les données personnelles d'un réserviste";;;"En cours de résolution et de qualification";;"01/20/2026 15:48";;;;;;"DP ROC";;b_poiron_ext;ROC-2961;b_poiron_ext;;;8.3;Perso;;;Mineur;;;V8.3.0;;;;;"Les dates étaient au format 15/12/25 alors qu'elles doivent être au format 15/12/2025

Sur la page des données du réserviste";;
678008;"01/22/2026 14:00";;"[CONTRAT]code CREDO affecté a l'ADR lors de la création ne persiste pas";;;"En cours de résolution et de qualification";;"01/20/2026 15:48";;;;;;"DP ROC";;b_poiron_ext;ROC-2960;b_poiron_ext;;;9.1;Comptes;;;Majeur;;;V7.5.1;;;;;"*Titre* : [CONTRAT]code CREDO affecté a l'ADR lors de la création ne persiste pas

*Configuration* : PPROD V7.5.1 - DR

*Identifiant* : 604_utilisateur  AADS SEO

*URL* : [https://pprod-reservistes.intradef.gouv.fr/interne/utilisateurs/autorite/813/modifier|https://pprod-reservistes.intradef.gouv.fr/interne/utilisateurs/autorite/gestionnaires]

 

*Descriptif :*

En tant qu'AADS, je clique sur ""Gestion"", puis sur ""Gestion des utilisateurs"".

Je sélectionne un utilisateur sans rôle.

Dans mon cas, je sélectionne l'ADS d’affectation SEO.

Je sélectionne le rôle d'ADR.

J'ajoute l'unité 06XB000.

Je clique sur ""Valider"".

 

*Résultat obtenu :* Les codes CREDO n'ont pas été pris en compte et doivent être ressaisis.

*Résultat attendu :* Les codes CREDO sélectionnés sont bien pris en compte.
h3.";;
678010;"01/22/2026 14:00";;"[Calendrier]- Affichage de disponibilité incohérent avec le tableau de filtre";;;"En cours de résolution et de qualification";;"01/20/2026 15:48";;;;;;"DP ROC";;b_poiron_ext;ROC-2958;b_poiron_ext;;;9.1;Calendrier;;;Majeur;;;V7.5.1;;;;;"# Se connecter avec L'AO
 # cliquer sur le bloc calendrier
 # Vérifier sur la date du 12/12/2025 les personnes disponibles (il y a 29 personnes)
 # cliquer sur disponibilité par période
 # Renseigner la date début et la date de fin au 12/12/2025
 # Dans le tableau filtrer sur ""Disponible""
 # Résultat attendu Le tableau des réservistes disponibles doit indiquer 29 personnes 
 # Résultat obtenu l'onglet réservistes contient 25 réservistes incohérence entre le calendrier et le tableau d'affichage";;
678011;"01/22/2026 14:00";;"[Calendrier]- Filtre non persistant Lors d'une création d'activité à pour réserviste";;;"En cours de résolution et de qualification";;"01/20/2026 15:48";;;;;;"DP ROC";;b_poiron_ext;ROC-2957;b_poiron_ext;;;9.1;Calendrier;;;Majeur;;;V7.5.1;;;;;"PPROD DR [https://pprod-reservistes.intradef.gouv.fr/interne/accueil-choix-bloc]

AO : 9407_utilisateur: Mdp Azertyuiop44!!!
 # Se connecter avec L'AO
 # cliquer sur le bloc calendrier
 # cliquer sur disponibilité par période
 # Renseigner la date début et la date de fin au 12/12/2025
 # cliquer sur bouton recherche
 # Dans le tableau filtrer sur ""Disponible""
 # Renseigner l'unité  en sélectionnant ""ALFAN EMTOULON 05yg000"", puis cliquer sur ""recherche""
 # Résultat 1 réserviste de disponible
 # Cliquer sur ""créer une activité avec les réservistes disponibles""
 # renseigner les différents sur la  page ""je crée une activité"" ( crédo + code postal+ sous titre)  puis cliquer sur suivant
 # Renseigner les champs sur la durée de l'activité puis cliquer sur suivant
 # Résultat  attendu  l'onglet réserviste doit contenir un réserviste
 # Résultat obtenu l'onglet réservistes contient 25 réservistes , le filtre par rapport à l'unité des le départ n'est pas pris en compte";;
678014;"01/22/2026 14:00";;"[Emploi]boucle de validation erreur 500";;;"En cours de résolution et de qualification";;"01/20/2026 15:48";;;;;;"DP ROC";;b_poiron_ext;ROC-2925;b_poiron_ext;;;8.3;Emploi;;;Bloquant;;;V7.5.1;;;;;"'+*Titre :*+ [Emploi]boucle de validation


*+Configuration:+*

PICSEL v7.5.1

 

 

*+Descriptif :+*

en tant que REF je créé un emploi. je met une adresse mail pour le validateur

le validateur reçoit le mail pour valider l'offre

 

+*Résultat obtenue:*+

je clique sur le lien j'obtiens une erreur 500

*+Résultat attendu:+*

accès a la fiches de poste pour la valider";;
678015;"01/22/2026 14:00";;" [Calendrier]affichage activité prioritaire non existante";;;"En cours de résolution et de qualification";;"01/20/2026 15:48";;;;;;"DP ROC";;b_poiron_ext;ROC-2924;b_poiron_ext;;;9.1;Calendrier;;;Majeur;;;V7.5.1;;;;;"*Titre* : [Calendrier]affichage activité prioritaire non existante

*Configuration* : PPROD 7.4.1

*URL* : [Calendrier - Réservistes des armées (defense.gouv.fr)|https://alias-front-np.picsel.defense.gouv.fr/reserviste/calendrier]

*Identifiant :* 314863_reserviste.roc@getnada.com

*Descriptif* :

le Référent crée une activité classique pour un RO1

se connecter avec le RO1 en question

afficher le calendrier

 

*Résultat attendu* :

 

affichage de l’activité proposée (bleu ciel) dans la calendrier

 

*Résultat obtenu*

affichage de l’activité proposée (bleu ciel) dans la calendrier

et la même activité en activité prioritaire (orange)";;
678019;"01/22/2026 14:00";;"[RO1] Décalage dans les colonnes des exports";;;"En cours de résolution et de qualification";;"01/20/2026 15:48";;;;;;"DP ROC";;b_poiron_ext;ROC-2828;b_poiron_ext;;;9.1;Extraction;;;Majeur;;;V8.2.0;;;;;"Le développement du raccordement à l'API DGFIP a mis en évidence que lors des exports des réservistes, il y avait un décalage entre les colonnes et les données qui y sont indiqués.

Il est demandé de réaligner les colonnes avec les bonnes données.

Taille du chantier : M";;
678020;"01/22/2026 14:00";;"Bouton ""Fiche d'activité"" en erreur WS (Serveur Webservice)";;;"En cours de résolution et de qualification";;"01/20/2026 15:48";;;;;;"DP ROC";;b_poiron_ext;ROC-2798;b_poiron_ext;;;8.2;Activités;;;Bloquant;;;V8.2.0;;;;;"BUG Circuit Breacker Quand je reviens sur une activité via ""{*}Activités/Calendrier{*}"" puis sur *""À convoquer"" et que je clique sur le bouton* ""Fiche d'activité"" 

!image-2025-11-19-14-18-31-500.png!

 

!image-2025-11-19-14-17-37-961.png!";;
678021;"01/22/2026 14:00";;"Retour au bloc Suivi des volontaires et candidats depuis la page Processus Engagement d'un candidat";;;"En cours de résolution et de qualification";;"01/20/2026 15:48";;;;;;"DP ROC";;b_poiron_ext;ROC-2795;b_poiron_ext;;;8.2;Candidature;;;Mineur;;;V8.2.0;;;;;"user : [adr1.aae@getnada.com env : Intégration|mailto:adr1.aae@getnada.com]

Depuis le bloc ""Suivi des volontaires et des candidats"" quand je clique sur un candidat j'arrive sur  sa page ""Processus d'engagement"".

Si je clique sur Retour j'ai un problème de redirection : au lieu d'arriver sur la page : https://front-dr.integration.roc.fr.capgemini.com/interne/{*}suivi-volontaires-candidats{*} , j'arrive sur la page : 
https://front-dr.integration.roc.fr.capgemini.com/interne/{*}processus-engagement{*}

*Peut-être revoir aussi le fil d'Ariane*";;
678023;"01/22/2026 14:00";;"Filtres ko sur page sur l'onglet Emplois publiés page Gestion des offres";;;"En cours de résolution et de qualification";;"01/20/2026 15:48";;;;;;"DP ROC";;b_poiron_ext;ROC-2696;b_poiron_ext;;;8.2;Emploi;;;Majeur;;;V8.1.0;;;;;"Les filtres ne fonctionnent pas correctement sur la page des offres publiés ça ressemble à un soucis qu'on a déjà eu";;
678024;"01/22/2026 14:00";;"[MOE] impossible de publier une activité";;;"En cours de résolution et de qualification";;"01/20/2026 15:48";;;;;;"DP ROC";;b_poiron_ext;ROC-2686;b_poiron_ext;;;8.1;Activités;;;Bloquant;;;V8.1.0;;;;;"Titre : [MOE] impossible de publier une activité

Configuration : V4.20.0.7

Identifiant :

AF et REF

URL :  Integration

Descriptif :

Sur la création d'une activité, quand on valide l'activité

 

!image-2025-10-30-15-47-06-667.png!

!image-2025-10-30-15-47-21-500.png!

 

 

 

!image-2025-10-30-15-47-33-392.png!

[https://front-dr.integration.roc.fr.capgemini.com/_profiler/973561?panel=logger]

 

Résultat attendu :

L'activité est publié

Résultat obtenu :

Erreur 500";;
678025;"01/22/2026 14:00";;"Problème de validation du RDV";;;"En cours de résolution et de qualification";;"01/20/2026 15:48";;;;;;"DP ROC";;b_poiron_ext;ROC-2681;b_poiron_ext;;;8.2;Candidature;;;Bloquant;;;V8.1.0;;;;;"Problème de redirection qui ne se fait pas après validation du rendez-vous.
Le REF reste sur la page [https://front-dr.integration.roc.fr.capgemini.com/interne/processus-candidature/candidature/291637/etape/prise-rdv]

au lieu de revenir sur la page [Processus d'engagement - Réservistes des armées|https://front-dr.integration.roc.fr.capgemini.com/interne/engager/engagement/processus-candidature/291637]";;
678022;"01/22/2026 14:00";;"[Engagement] - Création de l'ESR - Enregistrement non fonctionnel";;;"En cours de résolution et de qualification";;"01/20/2026 15:48";;;;;;"DP ROC";;b_poiron_ext;ROC-2790;b_poiron_ext;;;9.2;Candidature;;;Majeur;;;V7.5.0;;;;;"*Titre* : [Engagement] - Création de l'ESR - Enregistrement non fonctionnel

*Configuration* : VALIDATION V7.5

*Identifiant :*  AF (Admin fonctionnelle)

*Candidat :* 
 
223618_candidat.roc@getnada.com
*Descriptif* :

-Se connecter avec un AF

-Via le menu, cliquer sur ""Contrats/Mobilité"" puis sur ""Suivi des candidatures""

-Cliquer sur un candidat qui doit faire la tuile ""Validation définitive""

-Importer un document et cliquer sur ""Accepté"" Résultat ESR

-Cliquer sur Valider

{color:#de350b}Un message d'erreur apparait{color} ( Veuillez modifier l'ESR afin de renseigner l'Armée/service du candidat. Veuillez modifier l'ESR afin de renseigner l'Unité d'affectation du candidat Veuillez modifier l'ESR afin de renseigner l'armée/service et/ou l'ancrage SIRH du candidat Veuillez modifier l'ESR afin de renseigner la date d'effet du contrat Veuillez modifier l'ESR afin de renseigner la durée du contrat

-Cliquer sur Retour

-Cliquer sur le Bloc fonctionnel ""Création de l'ESR""

-Remplir les champs

-Décision ""Accepté""

 

*Résultat attendu* :

Le bouton ""Valider"" est grisé

*Résultat obtenu :* 

Le bouton Valider n'est pas grisé et valide la création de l'ESR

 

!image-2025-11-17-16-23-15-768.png!

 

!image-2025-11-17-16-23-34-470.png!

 

!image-2025-11-17-16-23-47-334.png!

 

!image-2025-11-17-16-24-09-990.png!

 

 

 

 

 

 

 

 

 

 ";;
677962;"01/22/2026 14:00";;"Erreur 500 lors de l'export du tableau des volontaires en utilisant les filtres";;;"En cours de résolution et de qualification";;"01/20/2026 15:48";;;;;;"DP ROC";;b_poiron_ext;ROC-3108;b_poiron_ext;;;9.2;Volontariat;;;Bloquant;;;V8.3.0;;;;;"Avec le compte 13815_utilisateur (AF + DEL REF), sur PICSEL Release, l'export du tableau de suivi des volontaires après utilisation des filtres dans la page, génère une erreur 500.
Voici l'erreur :
[2026-01-19 14:36:22] request.CRITICAL: Uncaught PHP Exception RuntimeException: ""Failed to start the session because headers have already been sent by """" at line 0."" at NativeSessionStorage.php line 132 \{""exception"":""[object] (RuntimeException(code: 0): Failed to start the session because headers have already been sent by \"\""" at line 0. at /var/www/html/roc-back/vendor/symfony/http-foundation/Session/Storage/NativeSessionStorage.php:132)""""} [2026-01-19 15:33:34] request.CRITICAL: Uncaught PHP Exception RuntimeException: """"Failed to start the session because headers have already been sent by """""""" at line 0."""" at NativeSessionStorage.php line 132 \{""""exception"""":""""[object] (RuntimeException(code: 0): Failed to start the session because headers have already been sent by \"""\""" at line 0. at /var/www/html/roc-back/vendor/symfony/http-foundation/Session/Storage/NativeSessionStorage.php:132)""""}""";;
677964;"01/22/2026 14:00";;"[Erreur 415] Front NP envoie des requêtes API au back dr avec content-type non supporté par PAPI";;;"En cours de résolution et de qualification";;"01/20/2026 15:48";;;;;;"DP ROC";;b_poiron_ext;ROC-3106;b_poiron_ext;;;9.2;;;;Bloquant;;;V8.3.0;;;;;" 

 

Au moment de la création de compte candidat, depuis front np (v8.3.0) on envoie une requête api /v8/api/candidatures en passant par PAPI.

nous recevons une erreur papi 415. content-type=application/x-www-form-urlencoded is not allowed

 

nous avons joué ce curl pour débugger, ce curl a été prit depuis le profiler symfony : 

 

curl \

  -k -vvv \

  --compressed \

  --request POST \

  --url 'https://<url_papi>/in/ressources-humaines/roc-synchro-qualif/v8/api/candidatures' \

  --header 'ROC-Utilisateur-Uid: 02308977' \

  --header 'ROC-Utilisateur-Role-Id: 2' \

  --header 'ROC-Env: helissng' \

  --header 'X-ROC-Referer: NP' \

  --header 'Accept: application/json' \

  --header 'Content-Type: application/x-www-form-urlencoded' \

  --header 'MinArm-PEM-Authorization: Bearer <token>' \

  {-}{{-}}data-raw 'format=ressource'\{-} -data-raw 'candidatId=308977'

 

on envoie une requête depuis front np au PAPI np avec Content-Type: application/x-www-form-urlencoded. cette requete est rejeté par PAPI NP.

 

la même curl exécuté depuis back dr et ça fonctionne car il n'y a pas de check côté back dr.

 

la liste des content type autorisé par PAPI
""application/json"" := ""useless ..."",
""application/json; charset=utf-8"" := ""useless ..."",
""application/json; charset=UTF-8"" := ""useless ..."",
""application/json;charset=utf-8"" := ""useless ..."",
""application/json;charset=UTF-8"" := ""useless ..."",
""application/problem+json"" := ""useless ..."",
""application/problem+json;charset=utf-8"" := ""useless ..."",
""application/problem+json;charset=UTF-8"" := ""useless ..."",
""application/problem+json; charset=utf-8"" := ""useless ..."",
""application/problem+json; charset=UTF-8"" := ""useless ..."", 

 

la spec papi dit clairement l'erreur papi avec erreur http 415. [~X-SMARIO] vous a mit à disposition la dernière spec PAPI.

 

Vérifiez également le code front pour s'assurer que tous les appels faites depuis front np avec le bon content type";;
677974;"01/22/2026 14:00";;"[emploi] problème d'affichage du tableau ""gestion des emplois"" pour les référents et pilotes ";;;"En cours de résolution et de qualification";;"01/20/2026 15:48";;;;;;"DP ROC";;b_poiron_ext;ROC-3080;b_poiron_ext;;;9.2;;;;Majeur;;;V8.3.0;;;;;"*Identifiant* : DEL PIL Alexandre DAVID ou REF Arthur LAURENT

{*}Environnement{*}: PICSEL 8.3.0

*Comportement* *observé* : Lorsqu'un référent/pilote et leurs délégataires accèdent à la page gestion des emplois, il visualise le tableau de gestion des emplois avec les colonnes suivantes : 
 * Employeur 
 * ADS 
 * Grade(s)
 * Emploi
 * Type d'engagement
 * Nombre de postes
 * Nombre de places restantes

*Comportement* *attendu* : Lorsqu'un référent/pilote et leurs délégataires accèdent à la page gestion des emplois, il visualise le tableau de gestion des emplois avec les colonnes suivantes : 
 * Employeur 
 * ADS 
 * Grade(s)
 * Emploi
 * Type d'engagement
 * Nombre de postes
 * Nombre de places restantes
 * *Date limite de Candidature*
 * *Type d'emploi*

Lié au test bout en bout [emploi] rédiger une offre d'emploi par un gestionnaire 
https://jira-ci.fr.capgemini.com/jira/browse/ROC-2143";;
677987;"01/22/2026 14:00";;"[Emploi]fiche de poste présent dans ""emplois publiées"" et ""en cours de création/validation""";;;"En cours de résolution et de qualification";;"01/20/2026 15:48";;;;;;"DP ROC";;b_poiron_ext;ROC-3049;b_poiron_ext;;;9.2;Emploi;;;Majeur;;;V7.5.3;;;;;"h2.  
{+}*Titre :*{+}[Emploi]fiche de poste présent dans ""emplois publiées"" et ""en cours de création/validation""

*+Configuration:+*

PPROD v7.5.3

+*Rôle:*+ DEL REF 13518_utilisateur{*}{*}{+}
{+}

 
+*URL :*+ [https://pprod-reservistes.intradef.gouv.fr/interne/gestion-engagement/liste-postes/en-cours-creation-validation]

https://pprod-reservistes.intradef.gouv.fr/interne/gestion-engagement/liste-postes/actifs

 

*+Descriptif :+*

en tant que DEL REF j'ai crée une fiche de poste avec la première boucle de validation active

cliquer sur""Gestion"" puis ""gestion des emplois""

 

+*Résultat obtenue:*+

la fiche de poste est présente dans ""emplois publiées"" et ""en cours de création/validation""

 

 

*+Résultat attendu:+*

la fiche de poste est uniquement présente dans ""emplois publies""";;
677989;"01/22/2026 14:00";;"Pb saturation mémoire par PHP-FPM";;;"En cours de résolution et de qualification";;"01/20/2026 15:48";;;;;;"DP ROC";;b_poiron_ext;ROC-3036;b_poiron_ext;;;9.2;Environnement;;;Majeur;;;V7.5.1;;;;;"Saturation de la mémoire physique à 98% et virtuelle à 97 %.

Après investigations, le processus PHP-FMP consomme + de 90 % de la mémoire soit un peu plus de 14 Go.

Le cache dans var/cache était à 750 Mo.

Le cache a été archivé puis vidé.

Les services ont été arrêtés puis redémarrés.

Ce ticket est à titre de régularisation.";;
677997;"01/22/2026 14:00";;"Impossible de créer une activité en tant que Délégataire d'AF";;;"En cours de résolution et de qualification";;"01/20/2026 15:48";;;;;;"DP ROC";;b_poiron_ext;ROC-3025;b_poiron_ext;;;9.2;Activités;;;Majeur;;;V7.5.1;;;;;"En tant que délégataire d'AF, quand j'arrive sur la 3ème étape d'une création d'activité, la page tombe en erreur.

D'après les logs, l'erreur se situe dans le Controller FRONT CreerActiviteController.php à la ligne 863.

 ";;
650177;"01/22/2026 14:00";;"Cron suppression fichiers côte NP anomalie";;;"En cours de résolution et de qualification";;"12/02/2025 15:42";;;;;;"DP ROC";;b_poiron_ext;ROC-1366;b_poiron_ext;;;9.2;Env.;;;Majeur;;;V4.18.2;;;;;"Côté PROD HNG un cron quotidien permettant de supprimer des fichiers temporaires ne fonctionne pas.

Les logs ont été communiqués sur RESANA le 13 mars 2025.

Objectif : faire fonctionner la suppression des fichiers côté HNG (donc NP à venir) + permettre une installation de la future PROD plus rapide lors de l'étape de transfert des fichiers.";;
648691;"01/22/2026 14:00";;"Erreur dans les logs prod.critical";;;"En cours de résolution et de qualification";;"12/01/2025 16:42";;;;;;"DP ROC";;b_poiron_ext;ROC-2858;b_poiron_ext;;;9.2;;;;Majeur;;;;;;;;"Présence du message ""une erreur technique est survenue"" dans le fichier de log prod.critical.";;
648723;"01/22/2026 14:00";;"Erreur lors de la récupération des logs NP depuis le DR";;;"En cours de résolution et de qualification";;"12/01/2025 16:42";;;;;;"DP ROC";;b_poiron_ext;ROC-2694;b_poiron_ext;;;9.2;;;;Majeur;;;;;;;;"Depuis le back DR de Qualif, je n'arrive pas à récupérer les logs NP de ce jour (31/10), cause erreur suivante :

 

[root@drrssmbdxla200v crons]# cat remote_log_crawler_2025_1030.log
Logs précédemment récupérés : 0
Logs NP récupérés : 642
Une erreur est survenue : [LogExchange] Erreur lors de la récupération du log distant: fragment 1 d'un fichier temporaire a51a723a-229e-43ce-be09-7b97d608ce0f";;
648882;"01/22/2026 14:00";;"Jours de convocation dans l'état du service fait erronés";;;"En cours de résolution et de qualification";;"12/01/2025 16:42";;;;;;"DP ROC";;b_poiron_ext;ROC-1795;b_poiron_ext;;;9.2;Activités;;;Mineur;;;;;;;;"*Titre* : Jours de convocation dans l'état du service fait erronés

*Configuration* : PROD V4.20.0.7 NP

*Descriptif* :

La date présente dans le mail de confirmation du service fait diffère de celle de la pièce qui y est jointe. Les dates correctes sont celles présente dans le mail.

*Résultat attendu :*

Le pdf récapitulatif du service fait contient les bonnes dates";;
648939;"01/22/2026 14:00";;"[ACTIVITES] Absence d'affichage du nombre de réservistes RO2 concernés";;;"En cours de résolution et de qualification";;"12/01/2025 16:42";;;;;;"DP ROC";;b_poiron_ext;ROC-1280;b_poiron_ext;;;9.2;Activités;;;Mineur;;;;;;;;"|*Ticket JIRA N°*| |
|   *Environnement/ Version*|PPROD v4.20.0.5|
|   *Titre de l'anomalie*|Absence d'affichage du nombre de réservistes RO2 concernés|
|   *Url*| |
|   *Acteur*|REF|
|   *Identifiants*|16442_utilisateur|
|   *Mot de passe*|Azertyuiop44!!!|
|   *Anomalie*|Mineur|
|   *Configuration*|Chrome internet|
|   *Bloc*|Activité|
|   D{*}escription{*}|Lorsque le REF créé une activité RO2, le nombre de réservistes RO2 concernés reste à 0, alors même qu'une fois l'activité créé, il y a bien des RO2 qui correspondent aux critères (4 dans l'exemple)
 |
|   *Résultat attendu*|*Le nombre de réservistes RO2 concernés doit évoluer en fonction des critères sélectionnés à la création de l'activité*|";;
648767;"01/22/2026 14:00";;"[Activités] Clôture activités";;;"En cours de résolution et de qualification";;"12/01/2025 16:42";;;;;;"DP ROC";;b_poiron_ext;ROC-2467;b_poiron_ext;;;9.2;Activités;;;Majeur;;;;;;;;"*URL : [https://reservistes.intradef.gouv.fr/interne/activites/cloturer/liste]*

*Identifiants / rôle :* 2672 / référent; 269710 / Id technique réserviste

*Descriptif :*

Création de l'activité 2235092 ou 2235093 jusqu'à la clôture de l'activité. Sélection de l'activité dans l'onglet ""A clôturer"", champ code autorité AIA00003 puis validation, coche du service fait puis clique sur ""confirmer"".

*Résultat obtenu:*
En cliquant sur le bouton ""confirmer"" un message erreur 500 apparait sur intradef et sur internet une page de maintenance (cf pièce-jointe ""Test clôture activités.docx"")

*Résultat attendu:*

Création de d'une activité jusqu'à la clôture de l'activité validé.";;
527915;"01/22/2026 14:00";;"[connexion] - REF DR - le bouton ""Se connecter"" reste grisé en cas d'erreur précédente";;;"En cours de résolution et de qualification";;"07/17/2025 15:21";;;;;;"DP ROC";;b_poiron_ext;ROC-2024;b_poiron_ext;;;9.2;Connexion;;;Majeur;;;V5.4.3;;;;;"'+*Titre :*+ [connexion] - REF DR - le bouton ""Se connecter"" reste grisé en cas d'erreur précédente

*+Configuration:+*

PICSEL v5.4.3 DR interne/login pour le REF

+*URL :*+  [https://roc-front-dr-pre.picsel.defense.gouv.fr/interne/login] 

 

+*Identifiants / rôle :*+

REF DR 2111_utilisateur Azertyuiop44!!!

 

*+Descriptif :+*

Tentative de connexion sans mot de passe

OK un message d'erreur signale le problème
NOK le bouton ""Se connecter"" reste grisé

=> il faut fermer le navigateur et redémarrer pour avoir le droit a une seconde tentative de connexion

[~X-CDJIAL] [~mguitton] 
=> le developpement sur le bouton grisé avait été acté a ne pas livrer dans un daily me semble t'il (car il y a toute une série de cas de figure a prévoir, l'utilisateur ferme son onglet avant la reponse... ect ect) : mais je crois que le développement avait déjà été comité

 

+*Résultat attendu:*+
L'utilisateur doit pouvoir continuer a faire des tentatives de connexion sans a avoir a fermer et réouvrir son navigateur

 

+*Résultat obtenu:*+
Après tentative infructueuse de connexion sans mot de passe le bouton ""Se connecter"" reste grisé";;
598013;"01/22/2026 14:00";;"[E-billets] impossible d'annuler un e-billet";;;"En cours de résolution et de qualification";;"10/07/2025 12:13";;;;;;"DP ROC";;b_poiron_ext;ROC-2306;b_poiron_ext;;;9.2;E-billet;;;Majeur;;;;;;;;"Titre : [E-billets] impossible d'annuler un e-billet

Configuration : PPROD V6.3.1 intradef

Identifiant :
AF : 12743_utilisateur
Mdp: Azertyuiop44!!!

URL : [https://pprod-reservistes.intradef.gouv.fr/interne/mes-deplacements/billets-commandes|https://pprod-reservistes.cloud.defense.gouv.fr/candidat/processus-candidature/etape/informations-obligatoires]

Descriptif :
je me connecte en tant qu'AF

je clique sur le menu ""déplacement"" puis sur "" E-billets commandés""

en bout de ligne je clique sur le bouton ""Annuler""

 

 
Résultat attendu :

au bout de 5 min le e-billet doit passer dans l'onglet ""Archives"" avec le statut ""Annulé""

 

Résultat obtenu :

même après plus de 5 min le e-billet est toujours présent , et le bouton ""Annuler"" n'est plus grisé et redevient cliquable

 

Information supplémentaire:

l'erreur ne peut pas être reproduite sur PICSEL car il n'est pas encore possible de tester les e-billets";;
527917;"01/22/2026 14:00";;"[engagement] - Erreur 500 le navigateur du CS tente d'accéder au dossier candidat du navigateur du REF";;;"En cours de résolution et de qualification";;"07/17/2025 15:21";;;;;;"DP ROC";;b_poiron_ext;ROC-2022;b_poiron_ext;;;9.2;Candidature;;;Majeur;;;V5.4.3;;;;;"'+*Titre :*+ [engagement] - Erreur 500 le navigateur du CS tente d'accéder au dossier candidat du navigateur du REF

*+Configuration:+*

PICSEL v5.4.3 DR interne/login pour le REF et le CS

PICSEL v5.4.3 NP pour le candidat

+*URL :*+  

 

+*Identifiants / rôle :*+ 
- navigateur n°1 : 1 REF DR 2111_utilisateur Azertyuiop44!!!
- navigateur n°2 : 1 CS DR manitas.securitas Azertyuiop44!!!
- navigateur n°3 : candidat NP 

 

*+Descriptif :+*
 # FireFox: Candidat NP : création du compte et réalisation du process
 # Edge n°1 REF / DR interne/login : connexion
 # Edge n°2 CS / DR interne/login : connexion
 # REF / Candidat / CS : Faire le process engagement : Erreur 403 - ROC-2021
 # REF / Candidat / CS : continuer le process engagement : Erreur 500

*+
Résultat attendu:+*
A voir avec le PO si le produit est compatible avec plusieurs rôles dans des navigateurs différents sur une même machine, sinon l'interdire pour ne pas laisser les utilisateurs dans ce cas

 

+*Résultat obtenu:*+
Erreur 500 en utilisant plusieurs navigateurs différents sur un même machine";;
648786;"01/22/2026 14:00";;"Erreur sur le cron MesActivitesOrdresConvocationCron";;;"En cours de résolution et de qualification";;"12/01/2025 16:42";;;;;;"DP ROC";;b_poiron_ext;ROC-2336;b_poiron_ext;;;7.4;Activités;;;Bloquant;;;;;;;;"'+/!\ L’impact est important car il s’agit du cron pour notifier les réservistes de leurs convocations à des activités.+

Voici l'erreur qui se produit ce jour toutes les 5 minutes à l'exécution du cron :

 

*[2025-09-11 01:25:03] app.CRITICAL: Impossible to invoke a method (""getUtilisateurGradeLibelleLong"") on a null variable.*  

[2025-09-11 01:25:03] app.CRITICAL: #0 /var/www/html/var/cache/prod/twig/6e/6e0de6fb8ab054050877b9befe9ffd15.php(278): Twig\Extension\CoreExtension::getAttribute() #1 /var/www/html/vendor/twig/twig/src/Template.php(388): __TwigTemplate_dfef91b2be191a87afc8659d99989203->doDisplay() #2 /var/www/html/vendor/twig/twig/src/Template.php(344): Twig\Template->yield() #3 /var/www/html/vendor/twig/twig/src/Template.php(359): Twig\Template->display() #4 /var/www/html/vendor/twig/twig/src/TemplateWrapper.php(51): Twig\Template->render() #5 /var/www/html/vendor/twig/twig/src/Environment.php(334): Twig\TemplateWrapper->render() #6 /var/www/html/src/Service/PDF/PDFService.php(382): Twig\Environment->render() #7 /var/www/html/src/Command/Activites/MesActivitesOrdresConvocationCronCommand.php(145): App\Service\PDF\PDFService->ordreConvocationRecupererDonnees() #8 /var/www/html/src/Command/Activites/MesActivitesOrdresConvocationCronCommand.php(117): App\Command\Activites\MesActivitesOrdresConvocationCronCommand->envoyerMailOrdresConvocation() #9 [internal function]: App\Command\Activites\MesActivitesOrdresConvocationCronCommand->envoyerOrdresConvocation() #10 /var/www/html/src/Command/Activites/MesActivitesOrdresConvocationCronCommand.php(82): call_user_func() #11 /var/www/html/vendor/symfony/console/Command/Command.php(326): App\Command\Activites\MesActivitesOrdresConvocationCronCommand->execute() #12 /var/www/html/vendor/symfony/console/Application.php(1096): Symfony\Component\Console\Command\Command->run() #13 /var/www/html/vendor/symfony/framework-bundle/Console/Application.php(126): Symfony\Component\Console\Application->doRunCommand() #14 /var/www/html/vendor/symfony/console/Application.php(324): Symfony\Bundle\FrameworkBundle\Console\Application->doRunCommand() #15 /var/www/html/vendor/symfony/framework-bundle/Console/Application.php(80): Symfony\Component\Console\Application->doRun() #16 /var/www/html/vendor/symfony/console/Application.php(175): Symfony\Bundle\FrameworkBundle\Console\Application->doRun() #17 /var/www/html/bin/console(42): Symfony\Component\Console\Application->run() #18 \{main} 

 

 

 ";;
648886;"01/22/2026 14:00";;"[Activité] Création activité prioritaire RO2, nombre de réserviste du corps incohérent";;;"En cours de résolution et de qualification";;"12/01/2025 16:42";;;;;;"DP ROC";;b_poiron_ext;ROC-1721;b_poiron_ext;;;6.2;Activités;;;Majeur;;;;;;;;"*Titre* : [Activité] Nombre de réserviste du corps incohérent

*Configuration* : PICSEL V5.4

*Identifiant* :

AF : 4512_utilisateur

*URL* :  Je complète l'URL DQP

*Descriptif* :

En tant qu'AF,

Je créée une activité prioritaire RO2, 

Sur le code CREDO : 01949EA,

Je sélectionne par corps, je choisis le corps ""9997"", 

Je rentre un nombre de réserviste (on ne le voit pas sur le screenshot, désolé),

J'obtiens 0 au ""nombre de réservistes concernés""

(Note : j'ai bien vérifié par le biais d'un export RO2 de l'espace qualité, le réserviste 166503 est disponible sur ce code CREDO, sur les dates d'activité que j'ai entrées. J'ai également vérifié son corps, il appartient au corps 9997. Ainsi, quand on sélectionne le corps 9997, on est sensés le voir apparaître)

 

*Résultat attendu* :

Obtenir 1, car le réserviste 166503 répond au critère et est disponible sur la date choisie pour l'activité

*Résultat obtenu* :

J'obtiens 0";;
648742;"01/22/2026 14:00";;"[volontariat] le candidat reçoit 4 fois le mail de confirmation qu'il a été retenu suite à l'entretien avec le responsable d'unité";;;"En cours de résolution et de qualification";;"12/01/2025 16:42";;;;;;"DP ROC";;b_poiron_ext;ROC-2611;b_poiron_ext;;;8.1;;;;Mineur;;;;;;;;"Identifiant : Marie Joseph [marie.joseph@getnada.com|mailto:marie.joseph@getnada.com]

Environnement: PICSEL 7.4

Comportement observé : le candidat reçoit 4 fois le mail de confirmation qu'il a été retenu suite à l'entretien avec le responsable d'unité

Comportement attendu : le candidat reçoit un seul mail de confirmation suite à son entretien avec le responsable d'unité";;
480017;"01/22/2026 14:00";;"[AAE] validation activité à clôturer en erreur 500";;;"En cours de résolution et de qualification";;"05/19/2025 09:03";;;;;;AAE;;j_sales1;ROC-2467;b_poiron_ext;;;9.2;Activités;V8.2;;Majeur;"Poste Intradef";https://reservistes.intradef.gouv.fr/interne/activites/cloturer/detail/1868749;V4.20.0.7,V6.3.2;"Référent, Del référent et AF";;;;"La validation de l'activité provoque un bug ""Erreur 500""";;"2025_05_19_09_03_22_.png,erreur 500.docx"
477320;"01/22/2026 14:00";;"Erreur de date du service fait dans notification";;l_lodigiani_dechamp;"En cours de résolution et de qualification";;"05/14/2025 10:09";;;;;;SSA;;g_gay3;ROC-1795;b_poiron_ext;;;9.2;Activités;V8.2;;Mineur;"Poste Internet";"boite mail du RO1";V4.20.0.7;RO1;;"Le gestionnaire a clôturé les activités d'un réserviste pour 3 périodes : 28et 29 avril, 5 et 7 mai.";;"Le RO1 reçoit la notification de validation du service fait avec la bonne date d'activité clôturée, mais la date précisée dans la PJ est erronée. Il y a donc une dissociation entre la date précisée dans le mail et la date de la PJ.";Mineur;"Erreur date pour les états des services faits.msg"
527958;"01/22/2026 14:00";;"[Contrat ] Impossible à l'ADR de télécharger le contrat signé et téleversé par le RO1";;;"En cours de résolution et de qualification";;"07/17/2025 15:21";;;;;;"DP ROC";;b_poiron_ext;ROC-1947;b_poiron_ext;;;9.2;;V8.2;;Majeur;;;V5.4.1;;;;;"URL : [https://pprod-reservistes.cloud.defense.gouv.fr|https://pprod-reservistes.cloud.defense.gouv.fr/]

se connecter avec le RO1 [48067_reserviste.roc@getnada.com|mailto:48067_reserviste.roc@getnada.com]

MDP 12345!

Cliquer sur contrat 

télécharger l'ESR vierge 

televerser l'ESR Signé 

Cliquer sur envoyer 

Résultat affichage Accueil avec message ( voir capture d'écran) 

se connecter ensuite avec un ADR 

*10446_utilisateur*
votre mot de passe : *hA32xu5iDC6+G)*

URL [https://pprod-reservistes.intradef.gouv.fr/interne/login/]

Cliquer sur mes Contrats/Mobilités 

aller dans l'onglet contrats en cours de renouvellement 

sélectionner le réserviste en question 

Cliquer sur ""télécharger l'ESR signé réserviste

Résultat  page non trouvé erreur 404 

 ";;
527896;"01/22/2026 14:00";;"[communication] - L'ADR a la possibilité d'envoyer une communication aux AF (mais non reçue)";;;"En cours de résolution et de qualification";;"07/17/2025 15:21";;;;;;"DP ROC";;b_poiron_ext;ROC-2061;b_poiron_ext;;;9.2;Communication;V8.2;;Mineur;;;V5.4.4;;;;;"'+*Identifiants :*+ 

REF : adr1.ter Azerrtyuiop44!!!

+*Description :*+ 
 - Se connecter en tant que référent

 - Cliquer sur le bloc communication 

 - Cliquer sur nouveau message

 - Choisir AF dans les destinataires de la communication
 - Rédiger message
 - Envoyer : le message est envoyé mais non reçu !!!

+*Résultat attendu :*+ 

L'utilisateur ne devrait pas avoir le choix d'envoyer une communication aux AF



+*Résultat obtenu:*+ 

L'utilisateur a la possibilité d'envoyer une communication aux AF";;
598011;"01/22/2026 14:00";;"[contrat]- téléchargement de l'ESR sans cocher les mesures ";;;"En cours de résolution et de qualification";;"10/07/2025 12:13";;;;;;"DP ROC";;b_poiron_ext;ROC-2311;b_poiron_ext;;;9.2;Contrat;V8.2;;Majeur;;;;;;;;"ADR 10446_utilisateur

FE 1113_utilisateur

[43043_reserviste.roc@getnada.com|mailto:43043_reserviste.roc@getnada.com] 

MDP Azertyuiop44!!!
 # se connecter avec un ADR
 # rechercher dans les contrats à renouveler le candidat ""Domek Tracy""
 # initialiser le contrat.
 # se connecter avec le réserviste
 # accepter le renouvellement
 # suivre la procédure jusqu'à la validation par l'ATM
 # se connecter avec la FE (REF 1113_utilisateur)
 # valider la proposition de renouvellement de contrat sur la date limite d'age
 # retourner chez le candidat
 #  valider par la signature
 # se connecter avec l'ADR accepter la validation
 # se connecter avec le réserviste télécharger l'ESR en ne cochant pas les deux cases ""décision de conduction"" ""mesure d'attractivité""

résultat attendu le document ne doit pas se télécharger 

Résultat obtenu: téléchargement de l'ESR";;
528059;"01/22/2026 14:00";;"[PROD A BLANC][Téléverser] INVALID Credential lors de la validation + information non persistée";;;"En cours de résolution et de qualification";;"07/17/2025 15:21";;;;;;"DP ROC";;b_poiron_ext;ROC-1511;b_poiron_ext;;;9.2;Candidature;V8.2;;Majeur;;;V4.20.0.7;;;;;"*Titre* : [PROD A BLANC][Téléverser] INVALID Credential lors de la validation + information non persistée

*Configuration* : PROD A BLANC NP V4.20.0.7 + Iphone + Safari

*URL* : [https://prod-reservistes.cloud.defense.gouv.fr|https://prod-reservistes.cloud.defense.gouv.fr/]

*Identifiant :* 

Candidat : alexandre.courreur

*Descriptif* :
 # Etape A : tout début du process d’engagement (sans action)
 # Etape B : certificat medical + saisir la date du jour + télécharger le document + televerser le document rempli par la candidat+ valider
 # Etape C : INVALID Credential
 # suite à l’erreur lors de la reconnexion sur le même utilisateur le choix sans contre-indication n’est pas persisté à 14h46 : lors d’une seconde tentative sur le même utilisateur le problème n’apparait plus

 

*Résultat attendu* : 

3. Aucune erreur n'est attendue

4. les informations du 2. doivent être persistées et non perdues

 

*Résultat obtenu :* 

Message d'erreur INVALID Credential + informeations non persistées

 

+*Remarque :*+

Problème constaté à 3 reprises avec [~X-CAKOCH] également en PPROD lors du téléversement";;
598645;"01/22/2026 14:00";;"API ROC Export activité retourne aucune réponse si 3 Mois";;;"En cours de résolution et de qualification";;"10/07/2025 16:06";;;;;;"DP ROC";;b_poiron_ext;ROC-2175;b_poiron_ext;;;9.2;Activités;V8.2;;Majeur;;;;;;;;"En Env. Intégration avec l'AF : admin_fonctionnel

En tant qu'AF, si je lance un Export d'activité sur la plage par défaut de 3 mois, j'obtiens un page d'erreur ""Désolé, impossible d'accéder à cette page"" cf copie d'écran. Voici un lien pour analyse [Prof. DR - FO|https://front-dr.integration.roc.fr.capgemini.com/_profiler/742a76?panel=http_client&type=request] dans lequel on constate que l'API EXPORT ACTIVITE a une Reponse = 0

Remarque : Si je réalise le même test sur 1 jour, c'est passant

Testé également en env. Recette, même constat";;
527914;"01/22/2026 14:00";;"[candidature] - reception x fois la meme notification email suite a entretien en unité";;;"En cours de résolution et de qualification";;"07/17/2025 15:21";;;;;;"DP ROC";;b_poiron_ext;ROC-2025;b_poiron_ext;;;9.2;Candidature;V8.2;;Majeur;;;V5.4.3;;;;;"'+*Titre :*+ [candidature] - réception x fois la même notification email suite a entretien en unité

*+Configuration:+*

PICSEL v5.4.3 DR interne/login pour le REF

+*URL :*+  notification email

+*Identifiants / rôle :*+

REF DR 2111_utilisateur Azertyuiop44!!!

 

*+Descriptif :+*

Durant le process engagement le candidat reçoit plusieurs fois le même email

 

""Bonjour Roberta Ezmaralda



A la suite de votre entretien avec le responsable d'unité, nous vous confirmons que vous avez été retenu(e). Vous allez pouvoir désormais finaliser votre engagement.""

 

+*Résultat attendu:*+
Le candidat ne doit pas recevoir plusieurs fois le meme email lors du process engagement

 

+*Résultat obtenu:*+
Le candidat recoit plusieurs fois le meme email 

""Bonjour Roberta Ezmaralda



A la suite de votre entretien avec le responsable d'unité, nous vous confirmons que vous avez été retenu(e). Vous allez pouvoir désormais finaliser votre engagement.""";;
527920;"01/22/2026 14:00";;"[communication] - x téléchargements de la pièce jointe en cas de réseau ou VM lente";;;"En cours de résolution et de qualification";;"07/17/2025 15:21";;;;;;"DP ROC";;b_poiron_ext;ROC-2019;b_poiron_ext;;;9.2;Communication;V8.2;;Mineur;;;V5.4.3;;;;;"'+*Titre :*+ [communication] - x téléchargements de la pièce jointe en cas de réseau ou VM lente

*+Configuration:+* PICSEL v5.4.3 DR

+*URL :*+ [https://roc-front-dr-pre.picsel.defense.gouv.fr/interne/communication/message/envoye/11] 

*Identifiants / rôle :* 
REF 2111_utilisateur
Azertyuiop44!!!

*+Descriptif :+*
 # REF / DR : connexion dans une VM ou réseau lent (PICSEL)
 # Création communication massive ci-jointe
 # Allez dans messages envoyés
 # Télécharger la pièce jointe : NOK l'IHM ne réagit pas l'utilisateur pense que rien ne se passe
 # Télécharger la pièce jointe : NOK l'IHM ne réagit pas l'utilisateur pense que rien ne se passe
 # Télécharger la pièce jointe : NOK l'IHM ne réagit pas l'utilisateur pense que rien ne se passe
 # Télécharger la pièce jointe : NOK l'IHM ne réagit pas l'utilisateur pense que rien ne se passe

après quelques instants toute une série de fichier téléchargés de la même pièce jointe se téléchargent

=> en effet régulièrement l'utilisateur est amener dans le produit a cliquer plusieurs fois de suite car rien ne se passe

 

+*Résultat obtenu:*+
L'utilisateur ne se rend pas compte visuellement qu'un téléchargement est en cours

*+Résultat attendu:+*
L'IHM devrait indiquer ou bloquer plusieurs tentatives de téléchargement, car dommage de solliciter plusieurs fois le serveur pour une seule demande (et cela est le cas régulièrement dans le produit)";;
648727;"01/22/2026 14:00";;"[MOE]  Erreur 500 sur l' exporter une pièce jointe";;;"En cours de résolution et de qualification";;"12/01/2025 16:42";;;;;;"DP ROC";;b_poiron_ext;ROC-2688;b_poiron_ext;;;8.1;Communication;V8.1;;Bloquant;;;;;;;;"Titre : [MOE]  Erreur 500 sur l' exporter une pièce jointe

Configuration : V7.4.2

Identifiant :

AF

URL :   [https://www.reservistes.defense.gouv.fr/candidat/creation-compte]

Descriptif :

Dans l'onglet communication et dans message envoyé. Au clique sur un message pour exporter la pièce jointe 

Résultat attendu :

le document se télécharge

Résultat obtenu :

Erreur 500

 

!image-2025-10-30-16-04-22-977.png!";;
650161;"01/22/2026 14:00";;"Correction OpenAPI pour V8 ";;;"En cours de résolution et de qualification";;"12/02/2025 15:42";;;;;;"DP ROC";;b_poiron_ext;ROC-2676;b_poiron_ext;;;8.1;Env.;"LIVRAISON HORS VERSION";;Majeur;;;V8.1.0;;;;;"Suite au retour du Sand :

_Erreur à corriger: nouvel objet ""orphelin/doublon"": {*}PersonneSansSpiQuery{*} à côté c'est l'objet *PersonneSansSpiQuery2* qui est utilisé il faut donc supprimer PersonneSansSpiQuery ou (mieux) supprimer PersonneSansSpiQuery2 et utiliser PersonneSansSpiQuery à la place_

_Je remarque par ailleurs que toutes les requêtes avec pagination renvoient un array d'objet sans metadonnées de pagination (nb total de pages etc..) Les requêtes paginées devraient retourner un 206 (uniquement) une structure data englobant le résultat et une structure metadata contenant les données de pagination  cf CTMO 1.1 pour le futur._";;
621424;"01/22/2026 14:00";;"[SSA] -  visualisation rôle (ADR) non attribué";;;"En cours de résolution et de qualification";contrat;"10/23/2025 09:45";;;;;;SSA;;c_dulaurans;ROC-2888;b_poiron_ext;;;9.2;Contrat;V9.1;;Majeur;"Poste Intradef";https://reservistes.intradef.gouv.fr/interne/mes-contrats/liste-reservistes/contrats-en-cours-renouvellement;v6.3.3;"Délégataire AADS SSA";;"Le délégataire sélectionne son rôle, clique contrat à renouveler, affichage tableau des réservistes dont le contrat se termine dans les 7 mois ou ";"10446, 19489 ADR -  16676 DEL ADR de 10446";"Dans la colonne ""Autorité rattachement"" affichage du nom de Mme ZELEWSKY Ingrid alors qu'elle est délégataire ADR ainsi que le nom du CRC1 LOUCOUGAIN Michel alors qu'il est ""SR"" 
Ces 2 personnels reçoivent toutes les notifications des actions. (voir pj copies ecrans)";Majeur;"Contrat_visualisation rpole ADR non conforme_20251023.docx,visualisation rôle (ADR) non attribué.docx"
598675;"01/22/2026 14:00";;"[Contrat] - Validation ATM - Non renouvellement - Le contrat reste dans l'onglet en cours";;;"En cours de résolution et de qualification";;"10/07/2025 16:06";;;;;;"DP ROC";;b_poiron_ext;ROC-1251;b_poiron_ext;;;9.2;Contrat;V9.1;;Mineur;;;;;;;;"*Titre* : [Contrat] - Validation ATM - Non renouvellement - Le contrat reste dans l'onglet en cours

*Configuration* : PIC v5.1

*URL* :

*Identifiant :*  ADR : 10446_utilisateur

*Descriptif* :

Se connecter avec un ADR

Cliquer sur le bloc fonctionnel ""Contrats"", puis sur l'onglet ""Contrats en cours de renouvellement""

Trouver un contrat qui a l'étape "" Validation ATM""

Renseigner une adresse mail

Renseigner un commentaire

Cliquer sur le bouton ""Envoyer""

Cliquer sur le lien reçu par mail

Renseigner le Grade, Nom, Prenom, Commentaire et importer un document

Cliquer sur ""Refuser le renouvellement""

 

*Résultat attendu* : 

Le contrat passe dans l'onglet expiré

*Résultat obtenu* : 

Le contrat est encore en cours de renouvellement";;
598676;"01/22/2026 14:00";;"[Contrat] - Avis Réserviste - Non renouvellement - Le contrat reste dans l'onglet en cours";;;"En cours de résolution et de qualification";;"10/07/2025 16:06";;;;;;"DP ROC";;b_poiron_ext;ROC-1233;b_poiron_ext;;;9.2;Contrat;V9.1;;Mineur;;;;;;;;"*Titre* : [Contrat] - Avis Réserviste - Non renouvellement - Le contrat reste dans l'onglet en cours

*Configuration* : PIC v5.1

*URL* :

*Identifiant :*  ADR : 10446_utilisateur

*Descriptif* :

Se connecter avec un réserviste qui doit faire l'étape d'Avis réserviste

Cliquer sur le bloc fonctionnel ""Contrats"", puis sur l'onglet ""Contrats en cours de renouvellement""

Renseigner un commentaire

Ajouter un document

Cliquer sur le bouton ""Je ne souhaite pas renouveler mon contrat""

Cliquer sur le bouton ""Confirmer""

Redirection sur la page d'accueil 

Message de succès : Renouvellement de l'ESR refusé

Le document [NOM_DOCUMENT] a bien été téléversé

Se connecter avec l'ADR

Cliquer sur le bloc fonctionnel ""Contrats"", puis sur l'onglet ""Contrats en cours de renouvellement""

*Résultat attendu* : 

Le contrat n'est plus présent dans l'onglet ""Contrats en cours de renouvellement""

*Résultat obtenu :* 

Le contrat est présent.

Le contrat ne passe pas dans l'onglet expiré";;
648858;"01/22/2026 14:00";;"[Contrat] Impossible à l'ADR de télécharger le contrat signé et téleversé par le RO1";;;"En cours de résolution et de qualification";;"12/01/2025 16:42";;;;;;"DP ROC";;b_poiron_ext;ROC-1947;b_poiron_ext;;;9.2;Contrat;V9.1;;Majeur;;;;;;;;"URL : [https://pprod-reservistes.cloud.defense.gouv.fr|https://pprod-reservistes.cloud.defense.gouv.fr/]

se connecter avec le RO1 [48067_reserviste.roc@getnada.com|mailto:48067_reserviste.roc@getnada.com]

MDP 12345!

Cliquer sur contrat 

télécharger l'ESR vierge 

televerser l'ESR Signé 

Cliquer sur envoyer 

Résultat affichage Accueil avec message ( voir capture d'écran) 

se connecter ensuite avec un ADR 

*10446_utilisateur*
votre mot de passe : *hA32;xu;5iDC6+G)*

URL [https://pprod-reservistes.intradef.gouv.fr/interne/login/]

Cliquer sur mes Contrats/Mobilités 

aller dans l'onglet contrats en cours de renouvellement 

sélectionner le réserviste en question 

Cliquer sur ""télécharger l'ESR signé réserviste

Résultat  page non trouvé erreur 404 

 ";;
647463;"01/22/2026 14:00";;"[SSA] -  chemin bouton retour non conforme";;;"En cours de résolution et de qualification";contrat;"11/28/2025 11:32";;;;;;SSA;"bugs #538015";c_dulaurans;ROC-2927;b_poiron_ext;;;9.1;Contrat;V9.1;;Mineur;"Poste Intradef";https://reservistes.intradef.gouv.fr/interne/mes-contrats/reserviste/102618;"V6.3.2,V5 et v6.3.2,v6.3.3,v7.4.3,V7";"Delégataire ADR";;"Le délégataire ADR clique sur un dossier présent dans l'onglet ""Contrat en cours de renouvellement"". Affichage détaillé du dossier, ";742;"Au clique sur le lien ""Retour"", affichage de la page ""Contrat à renouveler"" au lieu de la page ""Contrat en cours de renouvellement"" obligeant le traitant de recliquer sur l'onglet ""Contrat en cours de renouvellement"" pour continuer ses actions.";Mineur;"ADR_contrat_en cours renouvellement_retour_20251128.png,RETOUR.docx"
648795;"01/22/2026 14:53";;"[Accueil] Page de maintenance lors du clic sur une offre d'emploi sur la page d'accueil";;;Annulé;;"12/01/2025 16:42";;;;;;"DP ROC";;b_poiron_ext;ROC-2301;b_poiron_ext;;;9.2;;;;Mineur;;;;;;;;"Pas de connexion à ROC pour ce test. 

*Description :* 

Sur la page d'accueil, je clique sur l'offre d'emploi en PJ 1

J'obtiens une page de maintenance (voir PJ 2)

+Note :+ non reproduit sur PICSEL. En parcourant les offres d'emploi dans le détail, je ne retrouve pas cette offre d'emploi. Je me demande si celle ci n'est pas hardcodée ce qui explique ce bug ? En tous cas, cette anomalie semble mineure.";;
528063;"01/22/2026 14:58";;"AF - Création d'un délégataire sans compte ROC ";;;"En cours de résolution et de qualification";;"07/17/2025 15:21";;;;;;"DP ROC";;b_poiron_ext;ROC-1446;b_poiron_ext;;;9.2;Comptes;;;Mineur;;;V4.20.0.7;;;;;"*Titre* :AF - Création d'un délégataire sans compte ROC 

*Configuration* : PICSEL v4.20.0.7

*URL* :[https://alias-front-dr.picsel.defense.gouv.fr/interne/mon-compte/delegation/lister-donnees|https://alias-front-dr.picsel.defense.gouv.fr/interne/processus-candidature/candidature/250090/etape/formation-premilitaire]

*Identifiant :*  AF  4512_utilisateur

*Descriptif* :

Lorsque la délégation est créé, elle passe directement au statut ""Acceptée""

*Résultat attendu* : 

A la création de la délégation, le statut de la délégation doit être ""en attente"" jusqu'à ce que le délégataire ait créé son compte

 

 
 ";;
672758;"01/26/2026 11:46";;"[CND] - Fiche emploi - Erreur sur webservice";;;"En cours de résolution et de qualification";;"01/13/2026 13:25";;;;;;DIRISI;"bugs #671196, bugs #677484, bugs #672951, bugs #646426";g_claude;ROC-3114;m_fekete;;;9.3;;V8.3.2;;Bloquant;"Poste Intradef";https://reservistes.intradef.gouv.fr/interne/poste/creer/formation-emploi/2176;V7.5.1;"REFERENT sur 0AU5000 COMMISSARIAT AU NUMERIQUE DE DEFENSE DIRECTION CENTRALE";;"Gestion des emplois : Création de la fiche emploi.
Validation d ela fiche emploi";;"La création d'un emploi se déroule correctement 
Demander une validation OK
Le valideur reçoit le mèl pour valider la fiche emploi 
Il valide puis apparait un Msg d'erreur [ErreurWS] Erreur sur webservice";;Capture.JPG
677484;"01/26/2026 11:59";;"Impossibilité de publier une offre d'emploi";;;"En cours de résolution et de qualification";;"01/20/2026 10:24";672758;;;672758;;SCA;"bugs #672758";n_honore1;ROC-3114;m_fekete;ADT;;9.3;Emploi;V8.3.2;;Bloquant;"Poste Intradef";"PFC EST - Code CREDO de l'unité 0AJ5000";V7.5.3;Référent;;;;"Lors de la création d'une offre d'emploi, tout se déroule de façon nominale jusqu'à la validation de l'offre.
Un message est adressé arguant du fait que l'offre a été publiée associée à un message d'erreur |ErreurWS] Erreur sur webdevice

Impossible donc de publier l'offre d'emploi que l'on ne retrouve pas sur INTERNET";Bloquant;"TR Demande de validation d'une nouvelle offre d'emploi.msg,TR Publication d'une nouvelle offre d'emploi.msg,capture d'écran FDP SI ROC.docx,Publication d'une nouvelle offre d'emploi.msg"
672951;"01/26/2026 12:03";;"[ADT] Offre d'emploi - validation - message d'erreur";;;"En cours de résolution et de qualification";;"01/13/2026 15:25";672758;672758;;;;ADT;"bugs #672758";j_saint_julien;ROC-3114;m_fekete;;;9.3;Emploi;V8.3.2;;Bloquant;"Poste Intradef";"https://reservistes.intradef.gouv.fr/interne/poste/creer/formation-emploi/2104 
 
";V7.5.1;gestionnaire;;;2104;"Lorsque que le gestionnaire demande à un ""valideur"" (son CORSIC) de valider son offre d'emploi, ce dernier a systématiquement le message d'erreur suivant : [ErreurWS] Erreur sur webservice. 

Par ailleurs si l'AF essaie de demander une nouvelle validation, il ne se passe rien. 

De plus, le gestionnaire reçoit un mail l'informant que l'offre est validée et publiée alors que ce n'est pas le cas. ";Bloquant;"Capture d'écran 2026-01-07 101339-1.png,Capture d'écran 2026-01-07 101214-1.png,Gestion emploi-1.png,TR Demande de validation d'une nouvelle offre d'emploi-1.msg,Publication d'une nouvelle offre d'emploi-2.msg"
672611;"01/27/2026 11:18";;"[SEO] Inscription erronée Mauvais prénom BURKARDT";;;"Corrigé en production";;"01/13/2026 10:33";;;;;;SEO;;h_thuin;;m_fekete;;;;Comptes;;;;;;V5.4;"Utilisateurs RO1, vérifié par AO";;"Inscription RO1";;"Nous rencontrons un petit problème de données dans un compte de RO1.

Lors de son inscription, l’Adj BURKHARDT Eric, Antoine NID 8240030383 a indiqué ses prénoms séparés par un espace.

Malheureusement, ROC a pris et enregistré son second prénom Antoine pour « prénom » et non Eric.
Il n'a certainement pas lu la page validation des données à l 'inscription.
Son état civil indique bien Eric comme premier prénom.  Avez-vous la main technique pour rectifier ce fait :
au lieu de lire Antoine, lire Eric
les droits AF ne le permettent pas.
";Majeur;"Burkardt prénom.png"
476869;"01/27/2026 15:27";;"Connexion Mindefconnect impossible";;;Clôturé;"Problème Mindef Connect";"05/13/2025 16:34";;;;;;SSA;;g_gay3;;b_poiron_ext;;;;Comptes;;;;"Poste Internet";https://www.reservistes.intradef.gouv.fr/reserviste/ro1/login;V4.20.0.7;RO1;;"Vérification adresse mail ROC et MDC identiques.
Vérification absence de mail MDC dans spams.";;"De nombreux réservistes ne peuvent pas accéder à leur compte ROC. Lors de la connexion, ils ont le message ""mot de passe incorrect"". Lorsqu'ils cliquent sur ""mot de passe oublié"", ils ne reçoivent pas de mail, y compris dans les spams.";Bloquant;"Connexion MDC impossible - pas de mail pour changer le mot de passe.msg"
494577;"01/27/2026 15:27";;"[AAE] AF : export historique activités impossible";;;Clôturé;"Anomalie fonctionnelle Activités";"06/06/2025 09:39";;;;;;AAE;;s_caumond;;b_poiron_ext;;;;;;P0;Mineur;;https://reservistes.intradef.gouv.fr/interne/activites/historique-des-activites/historique;V4.20.0.7;AF;;"Connexion en AF, acces à ACTIVITE/HISTORIQUE
Dans onglet HISTORIQUE, clic sur le CTA ""EXPORTER LES ACTIVITES""
Affichage de la pop up
Intégration de date : 01/01/2024 au 31/01/2024";584;"Le bouton EXTRAIRE LISTE de la pop-up reste grisée

Même en changeant les dates, l'action est impossible";Bloquant;"Historique des activités_20250606_9h38.png,Extraction activités dans l'historique.docx"
494570;"01/27/2026 15:27";;"Rejet de candidature non souhaitée lors d";;;Clôturé;;"06/06/2025 09:37";;;;;;ADT;;j_saint_julien;;b_poiron_ext;;;;Candidature;;P0;Majeur;"Poste Intradef";"https://reservistes.intradef.gouv.fr/interne/engager/engagement/processus-candidature/211238 ";V4.20.0.7;Gestionnaire;;"Au moment ou le gestionnaire désigne le correspondant sécurité du candidat la candidature de ce dernier est alors annulée. Ceci s'est reproduit plusieurs fois. L'un de nos AF du CC a pris la main et a reproduit la même anomalie. Cela semble être une anomalie aléatoire. Notre CC a demandé a prendre la main sur d'autres candidat et verra avec la DP pour reproduction de ce bug. ";211238;;Bloquant;"20250606_bug_Corespondant_CER_Supression_Candidature.docx,Compte candidat désactivé lors de la sélection du CS.docx"
676825;"01/29/2026 10:05";;"[SSA] - Vivier volontaire - perte des filtres à l'ouverture d'un dossier";;;"Demande d'évolution à créer";;"01/19/2026 11:58";;;;;;SSA;;c_dulaurans;;m_fekete;;;;Volontariat;;;;;https://reservistes.intradef.gouv.fr/interne/suivi-volontaires-candidats;V7.5.3;"délégataire référent";;"accède au bloc ""Vivier des volontaires"", renseigne les filtres et clique sur ""Rechercher"". Affichage des volontaires, clique sur un nom, affichage dossier détaillé, télécharge documents. Puis clique sur ""Retour""";13380;"Affichage tableau ""processus engagement"". Plus de vision sur les volontaires. Pour retrouver les volontaires filtrés, Clique sur « Vivier des volontaires » -> perte de tous les filtres. Obliger de re-renseigner les filtres pour visualiser les volontaires filtrés et ouvrir un dossier. ";Majeur;"20260119_Volontaire ergonomie.docx"
567137;"02/03/2026 11:56";;"[SSA] - Delégataire ADR ne reçoit pas les messages (notification)";;c_frederic;"En cours d'analyse AF";contrat;"09/11/2025 09:45";;;;;;SSA;;c_dulaurans;;m_fekete;;;;Contrat;;;;"Poste Intradef";;V5.4;"délégataire ADR ";;"Le réserviste ou la FE a réalisé une action dans le processus du renouvellement du contrat.";;"L'ADR ne reçoit aucun des messages qui sont reçu par l'ADR ";Mineur;"TICKET TULEAP 567137.docx"
673068;"02/04/2026 15:31";;"[Compte] Connexion compte RO1";;m_fekete;Annulé;"Problème de connexion";"01/13/2026 16:31";;;;;;SSA;;c_frederic;;m_fekete;;;;;;P2;Mineur;"Poste Internet";"https://pprod-reservistes.cloud.defense.gouv.fr/reserviste/ro1/oauth/login-callbac
https://www.reservistes.defense.gouv.fr/reserviste/ro1/oauth/login-callbac?";V7.5.1;RO1;;"1. Le réserviste sous contrat a renseigné ses identifiants MindefConnect V2 pour se connecter à son compte RO1.
2. La connexion au compte MindefConnect V2 de l'intéressé (url : https://auth.defense.gouv.fr) s'est faite avec les mêmes identifiants.";"ID technique : 8778";"Après avoir renseigné les identifiants MindefConnect V2 de connexion à son compte RO1, l'intéressé tombe sur une page ""Le site est actuellement en maintenance"". la connexion ne se fait pas.
Une tentative de connexion en PPROD a été menée par ailleurs sans succès. Une erreur 404 ""Page non trouvée"" s'affiche.";Bloquant;RO1_id_8778.docx
642616;"02/04/2026 15:54";;"[AAE]CANDIDAT : reprise données d'un RO1 comme candidat";;;Annulé;"Non classé";"11/21/2025 10:59";;;;;;AAE;;s_caumond;;m_fekete;AAE;;;Candidature;;;;"Poste Intradef";https://reservistes.intradef.gouv.fr/interne/processus-engagement;v7.4.3;"AF 584 / RO1 317831";;"Le LCL(R)  CAPRIN a reçu un e-mail de ROC, stipulant :

De: Le Portail de candidature de la réserve <roc.notification.tec@intradef.gouv.fr>
Date: 21 novembre 2025 à 02:20:32 UTC+1
À: cl.caprin3@gmail.com
Objet: Dossier d'engagement
 
Bonjour Monsieur Claude CAPRIN,

Le processus de traitement de votre candidature suit son cours. Veillez à bien compléter les étapes de votre engagement qui ne sont pas encore finalisées.
";"AF 584 / RO1 317831";"Le LCL est RO1 et n'a jamais crée de compte de volontaire/candidat pour postuler à une offre.";Mineur;"AF_CAPRIN TB.PNG,AF_CAPRIN detail.PNG,AF_CAPRIN parcours.PNG"
679438;"02/05/2026 09:54";;"[ADT] Fiche de poste de candidature et fiche de poste retenue différente";;m_melchior;"En attente de réponse des AA";;"01/22/2026 13:41";;;;;;ADT;;j_saint_julien;;c_frederic;;;;Candidature;;;;;https://www.reservistes.defense.gouv.fr/consulter-poste/56;V7.5.3;;;;56;"Sachant que les filtres les offres d'emploi ne fonctionne pas de manière optimale le  référent donne l'ID de la fiche de poste (SMS, téléphone, etc.) pour que ce dernier puisse postuler. 

Dans le cas présent le candidat postule sur un poste, le 519 RT, mais la fiche de poste prise en compte au final, sur le parcours recrutement (sur internet donc) est celle des Écoles militaires de Draguignan. ";Bloquant;"Offre d'emploi retenue différente de celle candidaté.docx,BUG # 679438.docx,Bug #672152 Fiche de poste candidature.docx"
632430;"02/05/2026 14:28";;"[ADT] Régression - Recrutement - mail avertissment candidature";;;"Erreur de manipulation / Mésusage du SI";;"11/04/2025 12:03";;;;;;ADT;;j_saint_julien;;m_fekete;;;;Communication;;;Majeur;"Poste Intradef";;v6.3.3;;;;;"Dorénavant le référent reçoit un mail pour l'avertir d'une nouvelle candidature d'un réserviste pour son unité sans nom ni prénom.  Auparavant ces informations d'identité étaient présentes et facilitait grandement la recherche. Depuis les recherches sont accompagnées de tris et sont beaucoup plus longues. ";Mineur;"mail recu 25.docx,explications du référent.docx,Fwd Pré-production Nouvelle candidature au profit de l'unité ESCADRON DE RESERVE DE L'AAE - TOURS (CREDO)..msg,Fwd Pré-production Communication du Portail des réserves des armées de la garde nationale.msg"
533561;"02/05/2026 16:20";;"[SSA] Notification erronée quand création activité régularisation";;m_fekete;"Demande d'évolution à créer";"Anomalie fonctionnelle Activités";"07/28/2025 11:17";;;;;;SSA;;g_gay3;ROC-3186;m_fekete;;;;Activités,Communication;;P3;Mineur;"Poste Intradef";;V5.4,V5.4.4;"Pilote CMA 12 : ISG 2G VERGES Jean-Luc";;"Le pilote du CMA 12 créé le 24/07/2025 une activité de régularisation  pour une activité réalisée du 22 au 23/07/2025";jean-luc.verges;"Affichage d'une notification non bloquante mais erronée : ""une activité de régularisation doit uniquement posséder des dates de début et fin antérieures à la date du jour"". 
Visiblement, le SI ROC ne prend pas en compte le fait qu'il s'agit d'une activité de régularisation.";Mineur;"Notification erronée création activité de régularisation..msg,Notification dates antérieures test préprod.docx"
535280;"02/05/2026 16:35";;"[MN] Impossibilité d'utiliser la fonction tri par ADS sur l'ensemble des onglets du module Activité";;m_fekete;"Corrigé en production";;"07/30/2025 18:42";;;;;;MN;;g_bota;ROC-2627;m_fekete;;;;Activités;;;Mineur;"Poste Intradef";;V5.4.4;AF;;;;"Sur le masque écran de la fonction Activité et ce pour chaque onglet les activités ne sont plus fléchées par ADS, la fonction tri par ASD est donc inhopérante. ";;"Capture tri ADS.PNG,20260205-TULEAP-535280-MN-aj.docx"
469412;"02/09/2026 14:35";;"Gestion des rejets";;;Clôturé;;"05/05/2025 10:46";;;;;;AF;;j_pelletier6;;m_fekete;;;;Activités;;;Mineur;"Poste Intradef";https://reservistes.intradef.gouv.fr/interne/admin/activites/gestion-rejet/2236778;a_definir;"Profil AF";;"Suppression d'une activité par la gestion des rejets 2283060161_CTO_00062 ";2236778;"Au moment de cliquer sur ""Supprimer avec renvoi SIRH"" une erreur apparait avec le message ""une erreur s'est produite"".
La suppression n'est pas prise en compte. ";Bloquant;"Gestion des rejets.docx"
470092;"02/09/2026 14:38";;"[AAE] ROLE : rôle de délégataire des unités TERMINALES sont affecté aux unités ""étrangères""";;b_poiron_ext;Clôturé;;"05/06/2025 09:06";;;;;;AAE;;b_poiron_ext;;m_fekete;;;;Droits;;;Mineur;;;a_definir;;;;;"En janvier, suite à l'injection du référenciel credo, des codes credos ""cellules terminales"" dans le BORG (32 codes - injection référentiel janvier)) avaient été affectés à d'autres credos (y compris à l'étranger BENIN) à cause de l'UID technique avec perte des candidats associés. Vous avez résolus le problème : les candidats et les référents de ces unités CELLULES TERMINALES ont bien été rattribués à ces cellules. Mais quand on veut faire une DELEGATION, elle renvoit vers l'unité autre. Il doit rester une table avec les anciens UID techniques.";Mineur;
679715;"02/09/2026 14:50";;"Saisie de caractères reste masquée dans le champ NID lors de la création d'un compte ou pré-compte RO2 via le portail des réservistes des armées.";;;"En attente de prise en compte dans l'usine logicielle";;"01/22/2026 16:32";;;;;;AF;;c_frederic;ROC-3208;m_fekete;;;;Paramétrage;;P2;Mineur;"Ne sais pas";;V7.5.3;;;"Accès au portail des réservistes des armées via un téléphone Androïd pour créer un compte ou pré-compte RO2.
Saisie d'un NID dans le champ approprié.";;"La saisie des caractères reste masquée dans le champ NID. 
A ce stade l'anomalie n'est reproduite qu'avec les téléphones Androïd.
Elle n'est pas reproduite avec un téléphone Apple et un PC.

nb : Le champ NID lors de la création d'un compte RO1 ne présente pas d'anomalie avec un téléphone Androïd";Mineur;"Annotation 2026-02-05 170342_création_cpte_RO2.png,BUG #679715_caractères_masqués.docx"
489702;"02/09/2026 15:51";;"[MN] Problème dans le contenu d'une convocation";;;"Corrigé en production";"Anomalie fonctionnelle Activités";"05/28/2025 18:15";;;;;;MN;;g_bota;;m_fekete;;;;Activités;;;Mineur;;;V4.20.0.7;référent;;;;"Après l'acceptation d'une activité, lorsque le réserviste reçoit sa convocation, quand il ouvre celle-ci, elle n'est pas aux mêmes dates ce qui peut poser un problème pour l'accès à l'unité.";Mineur;ordre_convocation.pdf,Convocation_mail.docx
488345;"02/09/2026 15:56";;"Recrutement - création ESR vide";;;"Corrigé en production";"Anomalie fonctionnelle parcours Engagement";"05/27/2025 14:44";;;;;;ADT;;j_saint_julien;;m_fekete;;;;Candidature;;;;;https://reservistes.intradef.gouv.fr/interne/engager/engagement/processus-candidature/285449;V4.20.0.7;Référent;;;285449;"Bloc création de l'ESR verrouillé malgré l'absence de contrat. ";Bloquant;"Problème recrutement 2.docx"
487952;"02/09/2026 16:05";;"[SSA] RO1 reçoit convocation avec date erronée";;;"Corrigé en production";;"05/27/2025 13:32";;;;;;SSA;;g_gay3;;m_fekete;SEO;;;Activités;;;;"Poste Internet";"Boite mail du RO1";V4.20.0.7;RO1;;"Le gestionnaire (ISG 2G BELMONTE Martial) convoque le RO1 (MC ATTRAIT Xavier) pour 2 gardes en juillet au BMPM : 1/07 et 7/07/2025";;"RO1 reçoit un mail de ROC pour chacune des 2 convocations, mais sur le document en PJ, la date est la même";Majeur;"RO1 reçoit convocation avec date erronée.msg,fiche_activite_renfort-en-etat-major INF. CASP GAY date erronée.pdf"
486632;"02/09/2026 16:06";;"[SSA] fiche d'activité non conforme suite demande renfort";;;Nouveau;;"05/26/2025 11:55";;;;;;SSA;;c_dulaurans;;m_fekete;;;;Activités;;;;"Poste Intradef";;V4.20.0.7;"Délégataire référent (ISG2G MARCHAL Emmanuel) 6EME CMA - 68EME AM (069C1BQ) à Chalons sur Saône - référent (INF.CS BERTOL Maud)";;"Le délégataire du référent créé une activité sur plusieurs périodes (12 périodes de 4 jours /semaine) par réserviste avec téléversement d'une liste de médecins affectés dans la DMF (médecine des Forces). Cette manoeuvre a été validée par la DMF. Les périodes sont de juin à août. Les référents/délégataires des réservistes sollicités doivent recevoir un message les informant que le référent de la 68EME AM sollicite leurs réservistes et qu'ils ont 96H pour refuser. Ce message est accompagné d'une fiche d'activité. ";;"Les gestionnaires des réservistes sollicités reçoivent avec le message, une fiche détaillée de l'activité qui n'a aucun rapport avec l'activité (date, lieux, référent) qui induit des incompréhensions avec un echange d'email/téléphone avec la référente de la 68EME AM. Certains gestionnaires voulaient refuser la sollicitation de son réserviste. ";Majeur;"2025_05_22_18h40_export_activites_68AMrenfort.csv,TR _Pret_réserviste_profit_unite_UNITE_REF_1.msg,TR _Pret_réserviste_profit_unite_UNITE_REF_2.msg"
486419;"02/09/2026 16:07";;"[SSA] Activités non visibles dans tableaux mais présentes";;;"Corrigé en production";"Anomalie fonctionnelle Activités";"05/26/2025 10:14";;;;;;SSA;;c_dulaurans;;m_fekete;;;;Activités;;;Majeur;"Poste Intradef";;V4.20.0.7;"Délégataire pilote (12EME CMA)";;"Le délégataire pilote (CONTART Christophe) , s'authentifie, clique sur Activités. Affichage tableau Gestion des activités / A convoquer. Il doit convoquer les réservistes qui ont répondu favorablement à la sollicitation.";;"Le délégataire visualise un tableau vide alors qu'il est indiqué que 85 activités sont présentes. A force d'actualiser ou de saisir dans les champs recherche, les activités apparaissent, permettant au gestionnaire d'effectuer les convocations. ";Majeur;"Activites_tb_vide_convoquer_12CMA_20250526.png,Visualisation activités.docx"
482816;"02/09/2026 17:37";;"[AAE] Export des rejets de paiement";;;Clôturé;"Problème de flux activité";"05/21/2025 09:39";;;;;;AAE;;j_sales1;;m_fekete;;;;Activités;;;Majeur;"Poste Intradef";"Pas de page spécifique";V4.20.0.7;AF;;"Contrôle des flux activités des 08 mars 2025 et 10 mars 2025.";;"Les ENAROs des activités 8114070000_OCA_00217, 8114070000_OCA_00219 et 8114070000_OCA_00220 ont été signés (état 2) et sont bien pris en compte dans ROC.

Pour autant, ces activités n'ont pas transmises dans les flux activités (ROC vers OCA) les 08 mars 2025 et 10 mars 2025 et dans aucun autres flux.
Les activités ne sont donc pas mis en paiement pour ce personnel.";Majeur;2025_05_21_09_33_56_1_Contrôle_Mai_2025_flux_ROC_et_erreurs_20250521_1332_SAS.xlsm_Excel.png
482810;"02/10/2026 11:49";;"Filtres non fonctionnels dans module activités";;;"Corrigé en production";"Anomalie fonctionnelle Activités";"05/21/2025 09:30";;;;;;SSA;;g_gay3;;m_fekete;;;;Activités;V7.5;;Majeur;"Poste Intradef";https://reservistes.intradef.gouv.fr/interne/activites/designer/liste;V4.20.0.7;AO;;"Suite à la réception de notifications erronées par une FE, recherche de cette activité dans l'onglet ""à conduire"" du module ""activités"".";;"Le filtre ""sous-titre"" n'est pas fonctionnel : lorsqu'on saisi le nom d'un réserviste, la liste complète des 1679 éléments s'affiche. La recherche d'une activité est donc impossible.";Bloquant;"Filtre sous titre non fonctionnel dans activités.docx"
482411;"02/10/2026 11:53";;"[AAE] Le référent ne peut pas supprimer son compte de réf";;;"En attente de prise en compte dans l'usine logicielle";"Problème gestion et création compte gestionnaire";"05/20/2025 14:21";;;;;;AAE;;j_sales1;ROC-3078;m_fekete;ADT;;;Comptes;;;Majeur;"Poste Intradef";"Compte de référent (exemple SGT POUNGA Doryane)";"V4.20.0.7,V5 et v6.3.2";"REF ";;"<p><em>Suite &agrave; demande de la DRHAAE la suppression du compte de r&eacute;f&eacute;rent de la sergent POUNGA.</em></p>

<p>&nbsp;</p>

<p><strong>COMPLEMENT 29/10/2025 USER 16569</strong></p>

<ul>
	<li>Selection du r&ocirc;le de REF dans le menu d&eacute;roulant sous le nom (credo 09N5AKE)</li>
	<li>Gestion des droits</li>
	<li>Supprimer mes droits</li>
</ul>
";"16569 (ltn TIXADOR SANDRA)";"*La suppression de son compte de gestionnaire est impossible par cette gestionnaire (mais possible par l'AF)*

**COMPLEMENT 29/10/2025 USER 16569**
Résultat attendu :
- message de prise en compte vert
- suppression du rôle dans la liste des rôles

Résultat obtenu :
- toujours réferent de l'unité
- toujours sous ce credo dans le tableau de bord des comptes utilisateur en AF
- toujours ref dans ce même tableau

Action : seul l'AF peut supprimer le rôle

Suite action de suppression de rôle REF par AF : 
- l'usager dans sa page d'acceuil sous le rôle d'AFF PIL AAE, reste sous le code credo 09N5AKE
- ce credo n'apparait plus pour les autres rôles
- ";Majeur;"Test pré-prod.docx,AF-user tixador - supp compte REF.PNG,TXR_REF_CIRFA supp.PNG,TXR_REF_CIRFA supp accueil.PNG"
481257;"02/10/2026 11:56";;"[AAE] Perte visivbilité activités passées";;;"Corrigé en production";"Anomalie fonctionnelle Activités";"05/19/2025 15:54";;;;;;AAE;;s_caumond;;m_fekete;;;;Activités;V7.5;;Majeur;"Poste Intradef";https://reservistes.intradef.gouv.fr/interne/activites/passees/liste;V4.20.0.7;"Tout profil";;;;"Dans le tableau de bord ACTIVITE, l'onglet PASSEES n'a plus le nombre d'activités de notifié et le détail de l'ongelt est vide.
On ne peut voir les activités qu'en faisant un export.";Majeur;"cte passees 20250519.JPG,Affichage activités.docx"
481029;"02/10/2026 11:58";;"[SSA] Notification mail ROC erronée";;g_gay3;Nouveau;;"05/19/2025 14:59";;;;;;SSA;;g_gay3;;m_fekete;AAE;;;Activités;;;Mineur;"Poste Intradef";;V4.20.0.7,V6.3.2;Délégataire;;;;"Le délégataire du référent du 7ème CMA reçoit une notification de convocation d'un réserviste du CMA 7 (MIENVILLE Michel).
La fiche activité en PJ correspond à une autre ADS, autre RO1, autre lieu. Cette même fiche d'activité a également été reçue par le CMA 09 (Artefact ID #481005).";Majeur;"Notification mail ROC erronée V2.msg,Convoc POIRAUDEAU.pdf,481029_Notification ROC erronée_export act ANZANI.xlsx,Notification ROC erronée V6.msg,20251001_SEO_Exemple_supplémentaire.pdf,481029_fiche_activite_renfort-en-etat-major_notification erronée.pdf,481029_Notification mail erroné_20251001.docx"
481005;"02/10/2026 12:00";;"[SSA] Notification mail convocation erroné";;g_gay3;Nouveau;;"05/19/2025 14:31";;;;;;SSA;;g_gay3;;m_fekete;;;;Activités;;;Mineur;"Poste Intradef";;V4.20.0.7;Délégataire;;"Le référent de l'échelon commandement du CMA 09 convoque un RO1 de son unité pour une activité dans une autre unité (HIA).";;"Le délégataire (Catherine CONNOIS) du référent reçoit une notification ROC l'informant de ce prêt de réserviste. 
Les informations présentes dans la fiche d'activité en PJ du mail sont erronées : erreur réserviste, date, ADS, lieu.";Majeur;"Notification mail ROC erronée.msg"
478535;"02/10/2026 12:09";;"[SSA] Enregistrement disponibilité impossible";;;"Corrigé en production";"Anomalie fonctionnelle Activités";"05/15/2025 14:49";649009;649009;;;;SSA;"bugs #649009, features #450096";g_gay3;;m_fekete;AAE;;;Calendrier;;;Majeur;"Poste Internet";www.reservistes.defense.gouv.fr/reserviste/ro1/login;V4.20.0.7;RO1;;"Avant la dernière montée de version, le RO1 pouvait préciser ses disponibilités dans le calendrier .";;"Le calendrier s'affiche, mais le RO1 ne peut pas indiquer ses jours ou périodes de disponibilités.";Mineur;"disponibilités calendrier.docx"
648703;"02/11/2026 17:47";;"[Contrat] Le filtre ne fonctionne pas en position croissant ou décroissant";;;"Corrigé en production";;"12/01/2025 16:42";538033;538033;;;;"DP ROC";"bugs #538033";b_poiron_ext;ROC-1297;m_fekete;;;;Contrat;V7.5;;Mineur;;;;ADR;;;10446;"*URL : [https://reservistes.intradef.gouv.fr/interne/mes-contrats/liste-reservistes/contrats-a-renouveler]*

*Identifiants / rôle :* 10446 / ** ADR

*Descriptif :*

Dans le bloc ""contrats"", onglet ""à renouveler"" et ""en cours de renouvellement"", 

Le filtre commence bien dans l'ordre mais ne prend pas en compte toutes les dates et devient aléatoire.

*Résultat obtenu:*

 Le filtre ne fonctionne pas en position croissant ou décroissant

*Résultat attendu:*

Le filtre fonctionne en position croissant ou décroissant.";;
538033;"02/11/2026 17:47";;"[SSA] Filtre date fin ESR non conforme";;;"Corrigé en production";"contrat,Problème gestion et création compte gestionnaire";"08/05/2025 16:58";;;;;;SSA;"bugs #648703";g_gay3;ROC-1297;m_fekete;;;;Contrat;V7.5;;Mineur;"Poste Intradef";https://reservistes.intradef.gouv.fr/interne/mes-contrats/liste-reservistes/contrats-a-renouveler;V5.4.4;"ADR SSA";;;nathalie.daout;"Filtre ""fin ESR"" non fonctionnel : pas de classement par ordre chronologique .
Filtre non fonctionnel dans l'onglet ""contrat à renouveler"" et dans l'onglet ""contrats en cours de renouvellement"".";Mineur;"Filtre date fin ESR non fonctionnel.docx,Filtre fin ESR.docx"
687940;"02/12/2026 09:28";;"[SSA] - clôture activité possible sans réserviste";;;"Demande d'évolution à créer";;"02/03/2026 09:35";;;;;;SSA;;c_dulaurans;;m_fekete;;;;Activités;;;Mineur;"Poste Intradef";https://reservistes.intradef.gouv.fr/interne/activites/passee/detail/2337580;V7.5.2;"Référent 081C04E2";;"Le référent créé une activité de régularisation, clôture l'activité sans saisir un réserviste.";"16390 (référent)";"Le référent peut clôturer l'activité alors qu'aucun réserviste n'est renseigné ce qui induit une transmission d'un ENARO a signé qui a été signé techniquement par l'ATS. L'activité est présente dans l'onglet ""Passée"". 

";;"enaro-groupe_1007587_03022026.pdf,ROC_ACT_passee sans reserviste_20260203.png,2026_02_03_09h08_export_activites.csv,test clôture activité régularisation sans réserviste.PNG"
688471;"02/12/2026 09:48";;"[SSA] rattachement d'un code ORG impossible ";;;"Corrigé en production";;"02/03/2026 15:21";686979;686979;;;;SSA;"bugs #686979";c_dulaurans;ROC-3173;m_fekete;;;;Droits;;;Majeur;"Poste Intradef";https://reservistes.intradef.gouv.fr/interne/admin/utilisateurs/gestionnaires/11718/modifier;V7.5.2;"AF ";;"Un utilisateur avec un rôle délégataire doit aussi être référent du code ORG 088K057 - CESPA UMR
Dans gestion des utilisateurs, l'AF recherche le réserviste (DEGUI Hélène) ouvre sa fiche.
 Renseigne : téléphone, l'ADS d'affectation (SSA), sélectionne le rôle de référent puis saisie le code 088K057. Affichage dans la liste du code ORG et de son libellé, saisie du libellé 
 Valide le dossier";"Degui / 11718";"Affichage de message d'erreur sous ADS d'affectation (il est nécessaire de supprimer les unités ne correspondant pas à l'ADS d'affectation sélectionné""
Le CESPA fait partie du SSA. 
Vérification dans gestion des unités : confirmation SSA ";Bloquant;"TULEAP_rattachement code ORG impsossible_20260203.docx"
671686;"02/12/2026 09:53";;"[AAE]ROLE : création compte affiflié HS";;m_fekete;"En cours de résolution et de qualification";;"01/12/2026 11:30";;;;;;AAE;;s_caumond;ROC-3210;m_fekete;;;;Comptes;;;Majeur;"Poste Intradef";https://reservistes.intradef.gouv.fr/interne/admin/utilisateurs/gestionnaires/1295/modifier;V7.5.1;AF;;"- Compte utilisateur : compte du user 1295 COL Cédrik BUREAU
- Modification du compte
- gestion des affiliés : CREER UNE AFFILIATION
- Seléction rôle AADS à affilier
- mail sandra.caumond@intradef.gouv.fr / lucie.fanjoux@...

";584;"- message erreur : ""Vous ne pouvez pas créer deux affiliations identiques ""
- la personne n'est qu'une fois en Affilié
- Rôle d'affilié n'apparait pas dans la liste des rôles du user 17732 (FANJOUX), 17329 (CAUMOND)...";Bloquant;AF_AFf_AADS.png,AF_AFf_AADS_2.png,AF_AFf_AADS_userFANJOUX.png,AF_AFf_AADS_userCAUMOND.png,20260205-TULEAP-671686-AAE-aj.docx
592391;"02/12/2026 11:05";;"[ADT] Base des rejets - Départ dans le flux ""activité"" aléatoire";;;Nouveau;;"10/01/2025 09:00";;;;;;ADT;;j_saint_julien;;e_pelletier1;;;;Activités;;;Majeur;"Poste Intradef";"https://reservistes.intradef.gouv.fr/interne/admin/activites/gestion-rejet/2536252 ";V5.4;;;;2536252;"L'activité (de l'ADC NAGY, cf. copie d'écran) validée en état 2 le 21 aout 25 (flux 1813) n'est jamais partie dans les flux. Suite à l'annulation de celle-ci et donc passage à l'état 3, le 5 septembre 2025 (flux 1828)  elle n'est toujours pas partie dans les flux. L'activité en état 0 dans Concerto n'a jamais été mise à jour. Lorsque le gestionnaire veut faire une régulation il y a chevauchement (code erreur ""les activités ne peuvent se chevaucher). 
C'est une anomalie qui arrive parfois de manière aléatoire. nous n'avons pas identifié de points communs ou de lien entre ces activités qui ne partent pas.  ";Majeur;"ticket tuleap base des rejets instable .msg"
647395;"02/12/2026 18:48";;"[SSA] - notification espace ADR non actualisée";;c_frederic;"En cours d'analyse AF";;"11/28/2025 10:38";;;;;;SSA;;c_dulaurans;;m_fekete;;;;Contrat;;;Mineur;"Poste Intradef";https://reservistes.intradef.gouv.fr/interne/accueil-choix-bloc;v6.3.3,v7.4.3,V7;"délégataire ADR";;"Accès compte ROC, selection délégataire ADR AMACN DAOUT Nathalie, Affichage page acceuil avec les tuiles et les notifications des dernières actions réalisées sur le bloc contrat.";742;"Les 3 notifications sont toujours les mêmes depuis plusieurs mois alors que des réservistes  ont déposés leur contrats signés, que des FE ont donné leur avis, .....";Majeur;"ADR_contrat_accueil_20251128.png,Bug #647395_SSA_notification_espace_ADR_non_actualisée_ID742.docx"
672882;"02/12/2026 19:02";;"[SSA] NPJR erroné dans état nominatif des activités";;c_frederic;"En cours d'analyse AF";;"01/13/2026 14:46";;;;;;SSA;;g_gay3;;m_fekete;;;;Activités;;P2;Mineur;"Poste Internet";;V7.5.1;"RO1 : Médecin BRACHANET François-Xavier CSS FAN Brest";;"Le réserviste a réalisé 4 périodes d'activité en 2025 (Cf PJ).";294493;"A chaque période d'activité, le réserviste reçoit un état nominatif des activités comprenant le NPJA / NPJR.
Seul le NPJR de la 1ère période est correct : NPJA 90 jours - 3j d'activité --> NPJR 87 j
Mais ce NPR est erroné pour les 3 autres périodes : NPJR avant activité 82, alors qu'il devrait être de 87, puis NPJR à 74 alors que le réserviste a travaillé 3j + 4j. Le NPJR devrait donc être de 83 jours.";Mineur;"NPJR Brachanet 2024.pdf,NPJR erroné_211125 activités Med Brachanet.pdf,Activité 2025 Med Brachanet.xlsx,NPJR Brachanet 2025.pdf,Bug #672882 - NPJR erroné dans état nominatif des activités.docx"
491459;"02/12/2026 19:03";;"[AAE] Indication dans le tableau de bord d'actvité collective onglet ""A convoquer""";;j_sales1;"Corrigé en production";"Anomalie fonctionnelle Activités";"06/03/2025 12:52";;;;;;AAE;;j_sales1;;m_fekete;;;;Activités;;;Majeur;"Poste Intradef";https://reservistes.intradef.gouv.fr/interne/activites/designer/liste;V4.20.0.7;"DEL de l'unité";02/11/2026;S/O;584;"Dans le TB activités de l'unité AAE 02FY0DZ, onglet, ""A convoquer"" l’activité collective du 28 juin 2025 (N° 1974871) apparaît dans la colonne ""Inscrits"" avec les valeurs suivantes : 17/58 (2312). 
L'ouverture de cette activité provoque une erreur inattendue.
L'export Excel de l'activité du 28 juin indique un nombre de participant de 60 réservistes !!!";Majeur;"2025_06_03_10_33_15_.png,Ouverture activité dans l'onglet convoquer.docx"
607999;"02/12/2026 19:04";;"[SSA] renouvellement contrat impossible si 2ème renouvellement ROC";;c_frederic;"En cours d'analyse AF";;"10/15/2025 14:30";653375;;;;653375;SSA;"bugs #653375";g_gay3;;m_fekete;;;;Contrat;;;Majeur;"Poste Intradef";https://reservistes.intradef.gouv.fr/interne/mes-contrats/liste-reservistes/contrats-actifs;v6.3.3;"Délégataire ADR";;"Le contrat du vétérinaire BOUVERET Alain a été renouvelé une 1ère fois via ROC en février 2024. Le processus a été clôturé.";"gisele.gay 6302";"Le contrat renouvelé en 2024 se termine le 07/02/2026. Ce dossier devrait donc être dans l'onglet ""à renouveler"", mais il reste dans l'onglet ""contrats actifs"". L'ADR ne peut pas initier le renouvellement de contrat.
Idem avec le dossier de l'ASCN LE POULAIN Morgane
Idem avec le dossier du CDC RICHARD Jean-Marc ID 190194";Bloquant;"Renouvellement impossible si déjà renouvelé 1 fois via ROC.docx,607999_Renouvellement impossible si déjà renouvelé 1 fois via ROC_V2.docx,Impossible renouveler contrat déjà renouveler dans ROC.docx"
492033;"02/12/2026 19:12";;"[MN] Problème de date dans la convocation";;;"En cours de résolution et de qualification";"Anomalie fonctionnelle Activités";"06/03/2025 18:04";;;;;;MN;;g_bota;ROC-3178;m_fekete;;;;Activités;;;Mineur;"Poste Intradef";;V4.20.0.7;AF;;;4512;"Lorsque l'on créé une activité à cheval sur deux mois ex :
du 30/05 à 08h00 au 02/06 17h00
le système génère deux activités :
une du 30 au 31/05
une autre du 01 au 02/06
Il se produit alors une confusion sur les horaires les horaires de la première activité sont :
 du 30 au 31 mai de 08h00 à 08h00
du 01 au 02 juin de 17h00 à 17h00

Ces créneaux figurent également sur la convocation qui est donc inutilisable ";Bloquant;"SnipImage.JPG,création activité en chevauchement sur deux mois.docx"
665384;"02/12/2026 19:13";;"Code activité 814";;;"En cours de résolution et de qualification";"Anomalie fonctionnelle Activités";"12/19/2025 11:44";;;;;;AF;;j_pelletier6;ROC-3176;m_fekete;;;;Activités;;;Majeur;"Poste Intradef";https://reservistes.intradef.gouv.fr/interne/activites/creer/duree/2579898;V7.5.1;"Profil référent, délégataire";;"A partir d'un modèle création d'une activité, à l'étape 2 dans durée après avoir renseigné les dates clique sur enregistrer ou suivant.";"référent : 2341 délégataire : 1213";"Un message apparait ""le code activité Soutien (IAT, CICoS, ARD, DIRISI, ESID, DICOD, DGRIS, CIAE, DPID, CFMD, DMPA, SCA hors GSC, …) n'est pas valide sur la période .....
L'action ne permet pas de poursuivre pour sélectionner le réserviste.";Majeur;"code activité 814.docx,code activité 814.docx"
695921;"02/13/2026 08:29";;"[AAE][ENGAGEMENT]guide téléchargeable en PJ obsolète";;;Nouveau;;"02/13/2026 08:29";;;;;;AAE;;s_caumond;;s_caumond;;;;Candidature;;;;ISPT;https://www.reservistes.defense.gouv.fr/candidat/processus-candidature;V7.5.3;"Volontaire : 309948 (Titix TEST DRHAT AAE)";;"- Connexion à sa page ROC
- Accès à ENGAGEMENT";309948;"Téléchargmeent du GUIDE (cf lien dans encart bleu haut de page) ==> document en date de 2024 OBSOLETE  : pas de notion de MDC V2, ecran n'existants plus (modif mot de passe, carte de France)";Mineur;Guide_Engagement_Candidat.pdf
495710;"02/13/2026 10:13";;"Convocation annulée et crée à nouveau-->échec";;;"En cours d'analyse PO";"Problème de flux activité";"06/11/2025 09:23";;;;;;ADT;;j_saint_julien;;m_fekete;;;;Activités;;P0;;"Poste Intradef";https://reservistes.intradef.gouv.fr/interne/admin/activites/gestion-rejet/2211179;V4.20.0.7;Référent;;;2211179;"Lorsqu'une activité est annulée (état 3) et que l'on souhaite la créer une nouvelle cela ne fonctionne pas. En effet toutes les activités en 0 qui sont passés en état 3 (catégorie de l'activité ""autres_cas"", cf. extraction dans le fichier joint) ne semblent pas partir dans les flux (Concerto reste à l'état 0)";Bloquant;"Beug ticket orcque 30298(SAP 90389171).msg,Ticket Tuleap  495710.msg,tulep 495710.msg,20260210-TULEAP-495710-ter-aj.docx"
621070;"02/13/2026 11:29";;"[SSA] Etat renouvellement contrat non conforme";;g_gay3;"Corrigé en production";;"10/22/2025 15:45";;;;;;SSA;;g_gay3;;m_fekete;;;;Contrat;V8.3.2;;Majeur;"Poste Intradef";https://reservistes.intradef.gouv.fr/interne/mes-contrats/reserviste/97535;v6.3.3;"ADR (AMACN DAOUT Nathalie)";;"L'ADR a initié le renouvellement de contrat du Médecin LAVAUD Agnès (ID 97535) le 03/09/2025. Le réserviste a confirmé son souhait de renouvellement de contrat le 15/10/2025.";10446;"Le logo ""avis réserviste"" reste en bleu, au lieu de passer en vert. L'état du contrat reste en ""renouvellement initié"" au lieu de passer en ""attente avis FE"". La FE ne peut pas émettre son avis.";Bloquant;"Etat renouvellement contrat non conforme V6.3.3.docx"
686979;"02/16/2026 08:17";;"[CND] - Cpt PILOTE du CND - Impossible d'ajouter un nouveau code CREDO";;;"Corrigé en production";;"01/31/2026 19:35";;;;;;DIRISI;"bugs #688471";g_claude;ROC-3173;m_fekete;;;;Comptes;V7.5.3;;Majeur;"Poste Intradef";https://reservistes.intradef.gouv.fr/interne/utilisateurs/gestionnaires;V7.5.3;"DEL AO";;"Le LCL CLAUDE Guy est DEL AO ISI.  Il est aussi REF sur 0AU500 CND mais il est surtout PILOTE de toutes les unités du CND.
Le DEL AO ISI (ISI comme DIRISI) va chercher le compte du LCL CLAUDE Guy pour lui ajouter un code CREDO. Le compte apparait. Lorsque l'on clique sur le compte pour lui ajouter le code CREDO 0AUG000 il y a un msg d'erreur 500 (GDH 31012026 a 19h28 -plusieurs essais)
";8595;"Suite à la migration vers la v7.5.3 il est impossible d' ajouter des codes CREDO sur le compte PIL du LCL CLAUDE

Pb : Il est PIL d'unité de l'AdT qui ne sont pas dans le périmètre du CND :
- 2E REGIMENT ETRANGER D'INFANTERIE - CAMP DES GARRIGUES - STRUCTURE D'ACCUEIL DE LA RO2 (00FHAHN)
- COMIAZDS IDF - PREFECTURE DE POLICE DE PARIS - OFF LIAISON (00J377Q)
- EM DEFENSE CYBER A DF EMD (00RC3OO)
- EM DEFENSE CYBER D DF EMD (00RC3OV)
- ESCADRON DE FORMATION REGIMENTAIRE (00G9A3G)
- ETAT-MAJOR DE DEFENSE - 3OM (00RC3OM)";Bloquant;Ref_armee_service.xlsx
606166;"02/16/2026 09:36";;"[ADT] Dossier d'un candidat redirigé non vierge ";;;Clôturé;"Anomalie fonctionnelle parcours Engagement";"10/14/2025 11:29";;;;;;ADT;;j_saint_julien;;m_fekete;;;;Candidature;;;Majeur;;https://reservistes.intradef.gouv.fr/interne/engager/engagement/processus-candidature/239686;"V4.20,V5 et v6.3.2";AF;;;239686;"Un candidat redirigé, lorsqu'il postule pour un nouveau poste, garde en archive des anciennes données. En effet le nom du CS est conservé alors que ce dernier n'est plus le bon. En l'état actuel on ne peut pas le modifier. 
En attente du nouveau téléversement du CER par le candidat pour voir si, à partir de cet instant, on pourra modifier le CS. 

Ceci étant le CS devrait être vierge. 

Solution de contournement : suppression des dossiers par AF.";Majeur;"dossier candidat redirigé non vierge.docx"
677980;"02/16/2026 10:09";;"Export des contrats KO";;;"En cours de résolution et de qualification";;"01/20/2026 15:48";;;;;;"DP ROC";;b_poiron_ext;ROC-3067;m_fekete;;;;;;;Majeur;;;V7.5.1;AF;;;4512;"Impossible de streamer l'exports, vu dans les logs de prod :

 

{{[2026-01-08 09:33:37] app.CRITICAL: ========== UNE ERREUR TECHNIQUE EST SURVENUE ========== \{""dt.trace_sampled"":""true"",""dt.trace_id"":""6d73b53327ab5a89b196bec7d8740a25"",""dt.span_id"":""f78a8d2363f0b5fb""}}}
{{[2026-01-08 09:33:37] app.CRITICAL: Message : Call to a member function diff() on null \{""dt.trace_sampled"":""true"",""dt.trace_id"":""6d73b53327ab5a89b196bec7d8740a25"",""dt.span_id"":""f78a8d2363f0b5fb""}}}
{{[2026-01-08 09:33:37] app.CRITICAL: Fichier : /var/www/html/src/Util/StreamedCsvResponse.php :: ligne 223 \{""dt.trace_sampled"":""true"",""dt.trace_id"":""6d73b53327ab5a89b196bec7d8740a25"",""dt.span_id"":""f78a8d2363f0b5fb""}}}
{{[2026-01-08 09:33:37] app.CRITICAL: Fichier : /var/www/html/src/Exception/WSException.php :: ligne 139 \{""dt.trace_sampled"":""true"",""dt.trace_id"":""6d73b53327ab5a89b196bec7d8740a25"",""dt.span_id"":""f78a8d2363f0b5fb""}}}
{{[2026-01-08 09:33:37] app.CRITICAL: StackTrace : App\Util\StreamedCsvResponse::gestionAffichagePourExportContrats() [L.198] <- App\Util\StreamedCsvResponse::gestionAffichageParTypeExport() [L.178] <- App\Util\StreamedCsvResponse::browseResults() [L.122] <- App\Util\StreamedCsvResponse::streamedCsvCallback() [L.101] <- Symfony\Component\HttpKernel\HttpKernel::Symfony\Component\HttpKernel\\{closure}() [L.106] <- Symfony\Component\HttpFoundation\StreamedResponse::sendContent() [L.423] <- Symfony\Component\HttpFoundation\Response::send() [L.39] \{""dt.trace_sampled"":""true"",""dt.trace_id"":""6d73b53327ab5a89b196bec7d8740a25"",""dt.span_id"":""f78a8d2363f0b5fb""}}}
{{[2026-01-08 09:33:37] app.CRITICAL: Utilisateur connecté : 0114918 \{""dt.trace_sampled"":""true"",""dt.trace_id"":""6d73b53327ab5a89b196bec7d8740a25"",""dt.span_id"":""f78a8d2363f0b5fb""}}}
{{[2026-01-08 09:33:37] app.CRITICAL: Rôle : 1 - Référent \{""dt.trace_sampled"":""true"",""dt.trace_id"":""6d73b53327ab5a89b196bec7d8740a25"",""dt.span_id"":""f78a8d2363f0b5fb""}}}
{{[2026-01-08 09:33:37] app.CRITICAL: ======================================================= \{""dt.trace_sampled"":""true"",""dt.trace_id"":""6d73b53327ab5a89b196bec7d8740a25"",""dt.span_id"":""f78a8d2363f0b5fb""}}}";;
598670;"02/16/2026 10:12";;"[Déclaration/Modification] - Fil d'Ariane contient RO1 au lieu de RO2";;;"En cours de résolution et de qualification";;"10/07/2025 16:06";;;;;;"DP ROC";"bugs #480013";b_poiron_ext;ROC-1265;m_fekete;;;;Comptes;;;Mineur;;;;AF;;;4512;"*Titre* : [Déclaration/Modification] - Fil d'ariane contient RO1 au lieu de RO2

*Configuration* : PIC V5.2

*URLs* :

[https://roc-pic-intradef.fr.capgemini.com/interne/admin/utilisateurs/ro2/modifier/233774]

*Descriptif* :

Se connecter en tant que gestionnaire

Via le menu, cliquer sur ""Gestion"" puis ""Réservistes RO2""

Cliquer sur un RO2

+

erreur sur le fil d'ariane de ""la gestion des utilisateurs""  avec l'AF

*Résultat attendu* : 

Fil d'Ariane : 

+Accueil+ > +Gestion+ >{+}Gérer les comptes{+}> Réservistes RO2

*Résultat obtenu :* 

Fil d'Ariane : 

+Accueil+ > +Gestion+ >{+}Gérer les comptes{+}> Réservistes RO1

 

!image-2025-02-25-12-56-55-029.png!";;
477650;"02/16/2026 10:17";;"[AAE] TOUS ROLES - accent non pris en compte en saisie";;;"En cours de résolution et de qualification";"Problème gestion et création compte gestionnaire";"05/14/2025 14:38";;;;;;AAE;;s_caumond;ROC-3216;m_fekete;;;;Comptes;;;Mineur;"Poste Intradef";https://reservistes.intradef.gouv.fr/interne/admin/utilisateurs/gestionnaires/10701/modifier;V4.20.0.7;AF;;;4512;"Impossible de saisir un nom ou un prénom avec accent.";Majeur;"3DE54173.PNG,caractères spéciaux.docx"
677963;"02/16/2026 10:21";;"Erreur 408 lors de l'accès au bloc ""mes données personnelles"" avec un compte de réf";;;Annulé;;"01/20/2026 15:48";;;;;;"DP ROC";;b_poiron_ext;ROC-3107;m_fekete;;;;Perso;;;Bloquant;;;V8.3.0;AF;;;4512;"Voici l'erreur dans la log du back DR : [2026-01-19 11:22:21] request.CRITICAL: Uncaught PHP Exception ErrorException: ""Warning: require(/var/www/html/roc-back/var/cache/prod/ContainerC3x0uJv/getErrorControllerService.php): Failed to open stream: *No such file or directory"" at App_KernelProdDebugContainer.php line 621* \{""exception"":""[object] (ErrorException(code: 0): Warning: require(/var/www/html/roc-back/var/cache/prod/ContainerC3x0uJv/getErrorControllerService.php): Failed to open stream: No such file or directory at /var/www/html/roc-back/var/cache/prod/ContainerC3x0uJv/App_KernelProdDebugContainer.php:621)\n[previous exception] [object] (ErrorException(code: 0): Warning: require(/var/www/html/roc-back/var/cache/prod/ContainerC3x0uJv/getWSParametrageNotificationsControllerService.php): Failed to open stream: No such file or directory at /var/www/html/roc-back/var/cache/prod/ContainerC3x0uJv/App_KernelProdDebugContainer.php:621)""}
[2026-01-19 11:22:21] request.CRITICAL: Exception thrown when handling an exception (ErrorException: Warning: require(/var/www/html/roc-back/var/cache/prod/ContainerC3x0uJv/getErrorControllerService.php): Failed to open stream: No such file or directory at App_KernelProdDebugContainer.php line 621) \{""exception"":""[object] (ErrorException(code: 0): Warning: require(/var/www/html/roc-back/var/cache/prod/ContainerC3x0uJv/getErrorControllerService.php): Failed to open stream: No such file or directory at /var/www/html/roc-back/var/cache/prod/ContainerC3x0uJv/App_KernelProdDebugContainer.php:621)""}

 ";;
677988;"02/16/2026 10:22";;"Commande de e-billet par un gestionnaire AF/AO/REF impossible";;;"Corrigé en production";;"01/20/2026 15:48";;;;;;"DP ROC";;b_poiron_ext;ROC-3043;m_fekete;;;;E-billet;V9.3;;Bloquant;;;V9.1.0;AF;;;4512;"Env Intégration :

Avec un REF, e-billets : N° Transport : QQFBRGGLLV et WVOIWLOLOO , Balcitis Keeley 280780_reserviste.roc@getnada.com
ref = 15357_utilisateur.roc@getnada.com
les demandes sont en attentes

 

AVEC un AO :ref de Elizabet Kamrowski N° Transport : N° dde transport : HZBINPMNFK
REF = 851_utilisateur.roc@getnada.com
la demande est en attente

!image-2026-01-08-15-37-32-419.png!";;
677976;"02/16/2026 10:24";;"[Gestion]suppression rôle REF non fonctionnel";;;"Corrigé en production";;"01/20/2026 15:48";;;;;;"DP ROC";;b_poiron_ext;ROC-3078;m_fekete;;;;Droits;V9.3;;Majeur;;;V7.5.1;AF;;;4512;"{+}*Titre :*{+}[Gestion]suppression rôle REF non fonctionnel

*+Configuration:+*

PPROD v7.5.3

PICSEL v8.3

+*Rôle:*+ REF 13518_utilisateur

 
{+}*URL :*{+}https://roc-front-dr-rel.picsel.defense.gouv.fr/interne/mon-compte/mes-droits

 

*+Descriptif :+*

en tant que REF je souhaite supprimer mon rôle de référent

je me connecte en tent que REF (13518_utilisateur)

je clique sur ""Gestion"" puis ""mes droits""

je clique sur le bouton"" supprimer mes droits""

ouverture d'un pop up

je clique sur confirmer

 

+*Résultat obtenue:*+

fermeture du pop up.

redirection vers la page d'accueil

déconnexion puis reconnexion

le rôle de REF est toujours présent

 

*+Résultat attendu:+*

je ne peut pas dire ce qu'il doit se passer après la fermeture du pop up.

pas de version disponible a la DP ou cette option fonctionne

mais je dirais :

déconnexion automatique

reconnexion par l'utilisateur

le rôle de REF n'est plus présent";;
550128;"02/16/2026 14:13";;"[AAE] Connexion : remettre MOT PASSE oublié";;;"En cours de résolution et de qualification";;"08/27/2025 11:04";;;;;;AAE;;s_caumond;ROC-3244;m_fekete;ADT,MN,SSA,SCA,SEO;;;Comptes;;;Majeur;"Poste Intradef";https://reservistes.intradef.gouv.fr/interne/login;V5.4;REF;;"Quelque soit le profil ou ID user, connexion à la page d'identifiant ROC";17329;"Si mot de passe oublié ou compte inactif, pas de connexion possible. Reste sur la page

RQ : en tableau de bord gestionnaire, certains compte sont tagués ACTIF bien que le gestionnaire n'arrive pas à ce connecter. On doit quand même réinitiliser

";Bloquant;
657411;"02/17/2026 11:47";;"[AAE] Validation offre d'emploi";;m_fekete;"En cours de résolution et de qualification";"gestion emplois";"12/09/2025 16:21";;;;;;AAE;;j_sales1;ROC-3029;m_fekete;AAE;;;Emploi;;P3;Mineur;"Poste Intradef";"https://reservistes.intradef.gouv.fr/interne/poste/creer/publication/1750 ";v7.4.3;REF;12/16/2025;"Contrôle par LCL SALES";426;"Une offre d'emploi a été validée et publiée, 
     Bonjour Lieutenant-colonel Eric NOIROT,
     Votre offre d'emploi a été validée par eric.noirot@intradef.gouv.fr et est désormais publiée. 
     Cordialement,
     Ministère des armées
     Délégation interarmées aux réserves	 
      Cet email vous a été envoyé automatiquement, merci de ne pas y répondre.


une candidature a été reçue sur cette offre. 
    Bonjour Monsieur le Lieutenant-colonel NOIROT,
    Je me permets de vous écrire en lien avec la préparation militaire initiale du 12 au 18 avril sur le site des réservistes  Consulter un emploi - Réservistes des armées
     Mon fils Ethan RAPP âgé de 16 ans (né le 11/10/2009) serait intéressé.
    De plus sauriez-vous s'il serait possible pour lui de valider la phase 2 d'engagement du SNU par le biais de cette formation ?


L'offre est revenue dans l'onglet ""en-cours-creation-validation"" !!!";;20251218-TULEAP-657411-JMD-A2.docx
679151;"02/19/2026 10:11";;"[ADT] Compte candidat apparaissant présent coté AF et supprimé coté candidat";;;"En cours d'analyse PO";"Anomalie fonctionnelle parcours Engagement";"01/22/2026 08:51";;;;;;ADT;;j_saint_julien;;c_frederic;;;;Candidature;;P2;Mineur;"Poste Intradef";https://reservistes.intradef.gouv.fr/interne/processus-engagement;V7.5.3;AF;;"Création d'un compte candidat avec une autre adresse mail. En attente de résultat. ";314164;"Un compte candidat apparaît bien présent coté AF mais apparaît supprimé coté candidat. 
L'AF ne peut pas le supprimer ""plus"". 
Le candidat est bloqué et ne peut poursuivre sa candidature. 
Anomalie apparemment issue de la V4.20 (compte créé le 19/06/2025 cf. pJ donc avant le patch correctif). ";Majeur;"Compte suprimé uniquement coté candidat.docx,Annotation 2026-01-22 111330_Jacquin_Noemie_314164.png"
679214;"02/19/2026 10:45";;"[ADT] Reception d'un mail pour visite médicale civil à tort. ";;;"En attente de prise en compte dans l'usine logicielle";"Anomalie fonctionnelle parcours Engagement";"01/22/2026 09:52";;;;;;ADT;"bugs #682240";j_saint_julien;ROC-3260;m_fekete;;;;Candidature;;P2;Mineur;"Poste Intradef";;;https://reservistes.intradef.gouv.fr/interne/engager/engagement/processus-candidature/310773;;"vérification du paramétrage de ROC avec le compte AF. ";310773;"Bien que pour l'armée de terre la tuile de la visite médicale civile ne soit pas activée (tuile non visible) le candidat reçoit un mail lui avec une pièce joint comportant un certificat médical. Les candidats comprennent alors, à tort, qu'ils doivent consulter un médecin civil. 
C'est une régression (cela fonctionnait auparavant). ";Mineur;"Fwd Communication du Portail des réserves des armées de la garde nationale.msg,Bug #679214 reception mail visite medicale civile a tort.docx"
673018;"02/19/2026 11:20";;"[ADT] candidature désactivée inopinément pour de nombreux candidats ";;m_duquesnois;"En cours d'analyse AF";;"01/13/2026 15:58";;;;;;ADT;;j_saint_julien;;c_frederic;;;;Candidature;;;;"Poste Intradef";"https://reservistes.intradef.gouv.fr/interne/engager/engagement/processus-candidature/306971  
 
";V7.5.1;AF;;;6306971;"Une soixantaine (identifiée) de candidats ont reçu des mails de ROC les informant de la désactivation de leur candidature (avec l'ancienne version et un choix d'affectation) de manière inopinée. Ils n'ont donc pas postulé avec le nouveau parcours de volontariat. Cela semble donc être un problème de RDD impliquant des actions lourdes pour le candidat. 
Soit l'AF réactive et le candidat doit postuler à nouveau si l'offre d'emploi est visible avec les filtres sinon avec l'ID envoyé par le référent. Soit on supprime le compte ROC du candidat qui reprend à zéro (ne supprime pas le compte Mindef Connect; le candidat peut réutiliser la même adresse mail- cf. procédure sur la CT)";Majeur;"A99D9A91.PNG,procédure.PNG,TR candidature réserve .msg,Bug 673018 TER.PNG"
660696;"02/20/2026 11:26";;"[SSA] Référent voit activité à signer hors de son périmètre";;c_frederic;"En cours d'analyse AF";;"12/15/2025 13:27";;;;;;SSA;;g_gay3;;c_frederic;;;;Activités;;P2;Mineur;"Poste Intradef";https://reservsistes.intradef.gouv.fr/interne/activites/signer/liste;"V 7.4.3";"sandrine.raynaud référent CESPA";;"Le référent du CESPA consulte les activités de son unité dans l'onglet ""à signer""";767;"Cet onglet comprend l'activité du réserviste CHARLIER Philippe, affecté dans une autre unité (EVDG), réalisée au profit de l'EVDG, convoqué par le référent de l'EVDG, en aatent de signautre par l'ATS de l'EVDG.
Pourquoi cette activité est-elle visible par le référent du CESPA ?";Mineur;"Référent voit activité d'une autre unité.docx,Référent voit activité à signer hors de son périmètre.xlsx"
662220;"02/25/2026 15:24";;"[SSA] Export e-billet erroné";;;"En attente de prise en compte dans l'usine logicielle";"Anomalie fonctionnelle E-billet";"12/17/2025 09:10";476859;476859;;;;SSA;"bugs #476859";g_gay3;ROC-3275;m_fekete;;;;E-billet;;;Majeur;"Poste Intradef";https://reservistes.intradef.gouv.fr/interne/mes-deplacements/billets-archives;V7.5.1;"Délégataire DAGRH 0AQG005
INF. CASP GAY Gisèle";;"Le gestionnaire souhaite réaliser un export des e-billets de son unité, depuis ""déplacements"" / e-billets commandés / archive / export ";6302;"L'export de e-billets n'est pas conforme : les RO1 sont tous affectés hors SSA.
L'export était conforme en V7.4.3";Majeur;"E-billets AO.xlsx,V7.5.1_ export e-billet non conforme.docx,Export e-billet V7.5.1 DAGRH 0AQG005.xlsx,Export e-billet.docx,bugs #662220.docx"
482823;"02/26/2026 08:43";;"Notifications FE erronées";;;"En cours d'analyse AF";"Anomalie fonctionnelle Activités";"05/21/2025 09:46";;;;;;SSA;;g_gay3;;c_frederic;;;;Activités;;;Mineur;"Poste Intradef";"Boite mail gestionnaires";V4.20.0.7;Pilote;;;308698;"Réception par le pilote de la CSS FAN (THIERY Benoît) d'une série de notifications ROC l'informant qu'une autre FE (CMA1) souhaite convoquer plusieurs RO1 de la CSS FAN. Ces propositions d'activité sont erronées et incohérentes.
Ces activités ne sont pas dans l'export des activités à convoquer.";Bloquant;"Export activités à convoquer sem 21.xlsx,Réception notifications erronées CSS FAN  question.msg,fiche_activite_renfort-en-unite-operDOMUR.pdf,Bug 482823 Notifications FE erronées.docx"
676846;"03/04/2026 09:21";;"[CND] - Pb ID du réf V7.5.2 écrasé par le réf V7.5.3";;;"Corrigé en production";;"01/19/2026 12:32";;;;;;DIRISI;;g_claude;;m_fekete;DIRISI;;;Paramétrage;V7.5.3;;;;;V7.5.3;AF-4512;;"0AUT000 : REF MP CAILLOCE Claire-Luce PIL LCL CLAUDE Guy
0AUE000 : REF TSEF GABRIEL Jean-Christophe PIL : LTN VIDELOUP Aban
0AU6000 : REF  ADC LAUTRU Véronique PIL LCL CLAUDE Guy";4512;"Cela concerne aussi plusieurs unités ci-dessous. 0AUT000, 0AUE000, 0AU6000

les REF sont passés sur un code CREDO AdT (2° REI)

C’est un pb d’ID entre le référentiel de la V7.5.2 et 7.5.3 qui a été écrasé avec la 7.5.3 :
•	Référentiel unité dans la V7.5.2 : ID unité nmr 202271 =  DANZ ANTILLES
•	Référentiel unité dans le V7.5.3 : ID unité nmr 202271  = 2E REI
";;20260303-TULEAP-676846-CND-aj.docx
647446;"03/04/2026 10:23";;"[SSA] - Contrat en renouvellement avec date fin > juin 2026";;;"En attente de prise en compte dans l'usine logicielle";;"11/28/2025 11:23";;;;;;SSA;;c_dulaurans;ROC-3338;m_fekete;;;;Contrat;;;Majeur;"Poste Intradef";https://reservistes.intradef.gouv.fr/interne/mes-contrats/liste-reservistes/contrats-en-cours-renouvellement;"V5 et v6.3.2,v6.3.3,v7.4.3,V7";"Delégataire ADR";;"En tant que delégataire ADR, accès à l'onglet ""Contrat en cours de renouvellement"" ";742;"Affichage des dossiers dont le contrat se termine au dessus du juin 2026  (actuellement 532 contrats sur les 879 présents). Ces contrats ont été renouvelés (transmis par le flux ROx du SSA). Ils ne devraient plus être présents dans cet onglet pénalisant le travail des traitantsQu. 
De plus si renouvellement d'un contrat d'UN an, peut bloquer le processus du nouveau renouvellement de contrat. Voir autre ticket Tuleap";;"ADR_contrat_en cours renouvellement_date fin esr_20251128.png,bugs #647446] [SSA] - Contrat en renouvellement avec date fin sup juin 2026.docx,647446-contrat en renouvellement deja renouvele.docx,bugs #647446.docx"
675932;"03/04/2026 10:40";;"Pas d'accès au module Vivier avec le profil AO";;;"En attente de prise en compte dans l'usine logicielle";;"01/16/2026 10:41";;;;;;DGA;;c_laval4;ROC-3340;m_fekete;ADT,MN,AAE,SSA,SCA,SEO;;;Droits,Comptes;;P2;Mineur;"Poste Intradef";;V7.5.3;AO;;"Connexion à mon profil AO, je souhaite accéder au vivier de l'ensemble des volontaires et les rechercher par titre.";17304;"Actuellement, avec mon compte AO, je n'ai pas accès au module qui n'apparait pas sur l'écran d'accueil, ni dans le menu Contrats/mobilité.";Mineur;
648716;"03/04/2026 10:52";;"[ACTIVITE] Erreur de comptage dans le tableau de bord - onglet ""A conduire""";;;"Corrigé en production";;"12/01/2025 16:42";590096;590096;;;;"DP ROC";"bugs #590096";b_poiron_ext;ROC-2727;m_fekete;;;;Activités;;;Mineur;;;;AF;;;4512;"*URL : [https://reservistes.intradef.gouv.fr/interne/activites/conduire/liste|https://reservistes.intradef.gouv.fr/interne/activites/designer/liste]*

*Identifiants / rôle :* 19213 / Référent

*Descriptif :*

Avec le profil référent, cliquer sur le bloc activité, puis onglet ""A conduire"".

*Résultat obtenu:*

Le compteur indique une activité « A conduire ».

*Résultat attendu:*

Le compteur indique deux activités « A conduire ».

*Info supplémentaire :* Cette anomalie a été reproduite sur l'environnement de qualif en V7.4.1.";;
590096;"03/04/2026 10:53";;"[AAE] Erreur de comptage dans TB des activités unité";;;"Corrigé en production";"Anomalie fonctionnelle Activités";"09/29/2025 08:52";;;;;;AAE;"bugs #648716";j_sales1;ROC-2727;m_fekete;;;;Communication;;;Mineur;"Poste Intradef";https://reservistes.intradef.gouv.fr/interne/activites/designer/liste;V6.3.2;"DEL 09N50K9";;;4512;"Différence entre le nombre d’activité indiqué dans l'entête de l'onglet et les activités";Majeur;"Comptage des activités dans TB activités.png,Comptage activités.docx"
598209;"03/05/2026 16:20";;"Réception de mail de convocation pour demander un prêt de réservisite sans demande";;j_saint_julien;"En attente de réponse des AA";;"10/07/2025 14:42";;;;;;ADT;;j_saint_julien;;m_fekete;;;;Communication;;;Mineur;"Poste Intradef";;"V5 et v6.3.2";"<p>R&eacute;f&eacute;rent et RO1 en pprod 8.3.5</p>
";;;" REF:  ID 2622 et- RO1 : ID 3016";"Un référent reçoit des mails sollicitant un prêt de réserviste alors qu'il n'y a eu aucune demande. ";Mineur;"TR  PB de convocations.msg,BUG #598209.docx"
671196;"03/06/2026 08:30";;"[AAE]RECRUTEMENT : publication impossible";;s_caumond;"En attente de réponse des AA";"gestion emplois";"01/09/2026 15:10";672758;;672758;;;AAE;"bugs #672758";s_caumond;;m_fekete;ADT,MN,SSA,SCA;;;Candidature;;;Mineur;"Poste Intradef";https://reservistes.intradef.gouv.fr/interne/poste/creer/publication/1952;V7.5.1;"DEL REF";;"Création d'une fiche de poste (n°1952)
- étape publication : sélection du valideur employeur ";14381;"- impossible de saisir une adresse : affichage d'un sens interdit
- le user ayant rédigé l'annonce reçoit un mail sur sa boite intradef spécifiant que l'annonce est validée et en ligne
- Annonce non visible sur internet grand public
- en back office gestionnaire : annonce dans EN COURS/VALIDATION, aucune action possible (ni suppression, ni demande nouvelle validation...)";Bloquant;"Publication fiche de poste PROD V7.5.1.docx,Publication fiche de poste PPROD V7.5.3.docx,image-20260113153209-1.jpeg,20260202-TULEAP-651196-AAE-aj.docx,Creation OE N° 1952 - impossibilité de renseigner l'email du valideur.png,20260226-Visuel Boucle sur boucle.pdf"
473749;"03/06/2026 13:10";;"[MN] Impossibilité publier une fiche de poste";;;Clôturé;"Anomalie fonctionnelle parcours Engagement";"05/09/2025 12:44";;;;;;MN;;g_bota;;m_fekete;;;;Emploi;;;Bloquant;"Poste Intradef";;a_definir;Référent;;;4512;"Impossibilité de publier une fiche de poste : erreur 500";Majeur;"Problèmes lors de la création des nouvelles fiches de poste.docx,erreur.docx,Création de poste.docx"
586999;"03/06/2026 14:21";;"[SSA] ACTIVITE - Décompte onglet à signer erroné";;m_fekete;"En cours d'analyse PO";;"09/24/2025 09:15";;;;;;SSA;;g_gay3;;c_frederic;AAE;;;;;;;"Poste Intradef";https://reservistes.intradef.gouv.fr/interne/activites/signer/liste;V6.3.2;"Délégataire du référent";;;gisele.gay;"Le décompte affiché dans l'onglet ""à signer"" ne correspond pas au nombre de dossiers en attente de signature présents dans cet onglet.";Mineur;"Décompte activite à signer erroné.docx,Décompte erroné onglet à signer.msg,586999_Décompte onglets activités erroné.docx,BUG #586999.docx"
672152;"03/09/2026 12:09";;"[SSA] Convocation impossible";;g_gay3;"En attente de réponse des AA";"Anomalie fonctionnelle Activités";"01/12/2026 15:18";;;;;;SSA;;g_gay3;;g_gay3;;;;Activités;;;Majeur;"Poste Intradef";https://reservistes.intradef.gouv.fr/interne/activites/designer/liste;V7.5.1;"Délégataire référent du CEMPN GAUVIN Valérie 2329";;"Le délégataire du référent du CEMPN (GAUVIN Valérie) a créé une activité pour le Médecin PLEVERT du 02 au 03/03/2026. Le réserviste a confirmé sa participation. L'activité est dans l'onglet ""à convoquer"".
Le RO1 est bien sous contrat avec un NPJA suffisant.";2329;"Le gestionnaire ne peut pas convoquer ce réserviste, bien que le bouton ""convoquer"" soit accessible. Lorsqu'il clique sur ce bouton, il ne se passe rien. Il n'y a pas de message d'erreur non plus. Idem depuis le rôle AF.
L'export de cette activité contient 2 lignes avec la même ID activité, mais la 1ère ligne comporte une date de désignation, alors que le réserviste n'a pas été convoqué.";Bloquant;"Activité Med PLEVERT Mars 2026.xlsx,Convocation impossible Méd PLEVERT.docx,extraction.xlsx,validation activité.docx,672152_Convocation impossible HNIA SA.docx,Convocation RO1 impossible CMA 2 IDF.docx,20260206-TULEAP-672152-SSA-aj.docx"
694196;"03/09/2026 13:52";;"[AAE] Impossibilité de valider le service fait suite refus de l'ENARO par l'ATS et modification des dates de convocations";;c_frederic;"En cours d'analyse AF";;"02/11/2026 13:34";;;;;;AAE;;j_sales1;;m_fekete;AAE;;;Activités;;;;"Poste Intradef";https://reservistes.intradef.gouv.fr/interne/activites/cloturer/detail/2449085;V7.5.3;DEL;;;3082;"Après refus de signature de l'ENARO par l'ATS, le traitant modifie les dates de convocation et après validation du service fait obtient une erreur 500
Convocation initiale : du 02 au 05/02/2026
Convocation réalisée : le 02 et du 03 au 05/02/2026";Majeur;"Capture d’écran 2026-02-10 154934.png,Capture d’écran 2026-02-10 155026.png,InkedAnnotation 2026-02-11 185231_ENARO_avant accepter_ID_54339_LI.jpg,Capture d’écran 2026-03-09 134404.png,Capture d’écran 2026-03-09 134510.png,Capture d’écran 2026-03-09 134426.png"
543189;"03/09/2026 17:36";;"[SSA] Flux ROx - Integration RO2 avec code CREDO non reconnu ";;;Clôturé;;"08/14/2025 15:43";;;;;;SSA;;c_dulaurans;;m_fekete;;;;;;;;"Ne sais pas";;V5.4;AO;;;13380;"Dans le cadre de contrôle sur l’intégration de nos RO2 (flux ROx) dans ROC (copie ecran ""FluxRox_Ro2_05DE2MX_20250806""), des RO2 sont positionnés sur des codes CREDO non reconnu par le référentiel ROC (copie ecran ""AF_gestion unités_05DE2MX_20250806""). 
Ils sont intégrés dans ROC sans erreur.(copie écran  ""FluxRox_Ro2_rapport_import_20250806"").  
L'AO ne visualise pas le RO2 (copie ecran ""AO_Ro2_tb gestion_20250806"") toutefois l'AF le visualise mais sans affectation (copie ecran ""AF_Ro2_tb gestion_20250806"")
Conséquence : difficulté pour suivre la bonne intégration des RO2 dans ROC

La règle d'intégration diffère entre les RO2 et les RO1. Si le RO1 a un code CREDO non reconnu, il est erreur et ses données ne sont pas intégrées dans ROC. 

Dans le CET, il est précisé :
	* Le code CREDO est obligatoire pour le statut 60(RO2) (page 12, colonne 9)
	* code erreur 14 : code CREDO ne figurant pas dans les périmètres fonctionnels intégrés dans ROC
	* la liste des codes d'erreur est donné en annexe et que tout code errer différent de 00 (absence d'erreur) indique que le dossier n'a pas été intégré. 

La règle doit être commune pour le RO1 et le RO2";Majeur;"FluxRox_Ro2_rapport import_20250806.jpg,FluxRox_Ro2_05DE2MX_20250806.jpg,AF_Ro2_tb gestion_20250806.jpg,AO_Ro2_tb gestion_20250806.jpg,AF_gestion unités_05DE2MX_20250806.JPG"
708885;"03/10/2026 15:00";;"[SSA] - accès à ROC impossible via poste IntraSan";;;Clôturé;;"03/05/2026 11:04";;;;;;SSA;;c_dulaurans;;m_fekete;;;;;;;;;https://reservistes.intradef.gouv.fr/interne/login;V8.3.0;"Référent / pilote / délégataires sur un poste IntraSan";;"Ouvrir le navigateur Firefox ou Edge et saisir l'adresse intradef (voir ci-dessus) ";____;"-> Affichage message d'erreur ""Echec de la connexion sécurisée ..... code d'erreur : SSL_ERROR_UNRECOGNIZED_NAME_ALERT""  voir copie écran";Bloquant;"Erreur SI ROC_IntraSan acces impossible.PNG"
694270;"03/12/2026 08:06";;"[SSA] Changement ADS d'affectation impossible pour délégataire";;;Clôturé;;"02/11/2026 14:31";;;;;;SSA;;g_gay3;;m_fekete;;;;Comptes;;;Mineur;"Poste Intradef";https://reservistes.intradef.gouv.fr/interne/admin/utilisateurs/gestionnaires/8757/modifier;V7.5.3;"AF SSA 742
Délégataire HNIA Sainte Anne : Mme Annie GAUDIBERT 8757";;"L'AF SSA est sollicité par un gestionnaire, Mme AUDIBERT Annie (ID 8757), qui ne parvient pas à se connecter à son compte ROC. 
L'AF constate que ce personnel, non utilisateur de ROC, est pourtant connu du SI, avec une ADS d'affectation au SGA. 
L'AF souhaite mettre à jour le compte de Mme Annie AUDIBERT, délégataire du référent de l'HIA Sainte Anne.";8757;"Lorsque l'AF sélectionne SSA dans le menu déroulant de l'ADS d'affectation, puis valide, un message d'erreur apparait indiquant « il est nécessaire de supprimer les unités ne correspondant pas à l’ADS d’affectation », alors que la seule unité dont cette personne est délégataire est une unité du SSA. 
De plus, le message « les informations ont été correctement enregistrées » apparait en haut de l’écran, alors qu'aucune information n'est enregistrée.";Mineur;"Modification ADS d'affectation impossible.docx,Bug 694270 SSA.PNG,Bug 694270 SSA 1.PNG,Tuleap_694270_unites.png,Tuleap_694270_gestionnaires.png"
676806;"03/12/2026 08:07";;"[SSA] - Volontaire - volontaires redondants dans le tableau suite filtrage et export tableau non conforme";;;Clôturé;;"01/19/2026 11:33";;;;;;SSA;;c_dulaurans;;m_fekete;;;;Volontariat;;;;"Poste Intradef";https://reservistes.intradef.gouv.fr/interne/suivi-volontaires-candidats;V7.5.3;"délégataire référent ";;"Dans bloc ""Vivier des volontaires"" renseigne filtres puis cliquer sur ""Rechercher"" -> affichage de volontaires. ";13380;"Certains volontaires (nom / prénom) apparaissent plusieurs fois. De plus, en cliquant sur ""Exporter"", certains noms ne sont pas présents dans le fichier csv.";Majeur;"20260119_Export_volontaire.xlsx,20260119_Volontaire en boublons et export NC.docx,BUG # 676806.docx"
713453;"03/12/2026 08:07";;"[ADT] Absence de CR suite à production flux du 09/03/2026";;;"En attente de prise en compte dans l'usine logicielle";;"03/11/2026 14:15";;;;;;ADT;;j_saint_julien;;j_saint_julien;MN,AAE,SSA;;;;;;;;;;AO;;;Aucun;"L'ADT n'a pas reçu le flux d’acquittement du flux ROx rénové mis en œuvre pour la première fois le lundi 9 mars 2026.
Pouvez-vous nous en donner les raisons. 

Le flux DIFF ROx_Rénové du mercredi 11 n'a donc, par conséquent, pas été produit. Celui du vendredi 13 sera également ""supprimé"". 

De plus, la génération du flux full du lundi 16 mars (et des flux suivants) sera conditionné par la réception et l’intégration de l’acquittement du flux full généré le 09/03/2026.";Bloquant;"Problème de flux Rénové JOUR 2.docx"
588380;"03/12/2026 08:07";;"[SSA] - Dates de l'Etat du service fait non identique avec le message reçu";;;Clôturé;;"09/25/2025 14:34";;;;;;SSA;;c_dulaurans;;m_fekete;ADT,AAE;;;Activités;;;;"Poste Internet";;V6.3.2;Reserviste;;"Le référent/délégataire  à valider le service fait et fait signer ENARO de 2 périodes : 15/09/2025 au 15/09/2025 et  du 16/09/2025 au 18/09/2025";1113;"Le réserviste receptionne message 
""Bonjour Médecin en chef Philippe SALASC,
Votre gestionnaire Réserve a clôturé le 22/09/2025 l'activité qui s'est déroulée à DAX (40100) du 16/09/2025 au 18/09/2025. Votre service fait (nombre de jours d'activités) a été transmis au service de la solde pour paiement."" 
En pièce jointe un pdf ""Etat_service_fait_salasc_philippe_24.pdf"" dans lequel est indiqué la date du 15/09/2025 au 15/09/2025
";;enaro-groupe_salasc_25092025.pdf,etat_service_fait_salasc_philippe_24.pdf,20260226-TULEAP-588380-SSA-aj.docx
687848;"03/12/2026 08:08";;"[SSA] - message transmis délégataire incomplet (bloc)";;;Clôturé;;"02/03/2026 08:13";;;;;;SSA;;c_dulaurans;;m_fekete;;;;Droits;;;Mineur;"Poste Intradef";;V7.5.3;"délégataire du référent";;"le référent du 05CW071 donne délégation à Mme SUTTY";4566;"Le délégataire (Mme SUTTY) reçoit un message l'informant de l'attribution du rôle. Les ""BLOCS"" ne sont pas renseignés. ";Mineur;"ROC_délégataire message_20260203.png,bug #687848.docx"
716365;"03/16/2026 10:48";;"[SSA] Notification erronée renouvellement contrat";;;Nouveau;;"03/16/2026 10:19";;;;;;SSA;;g_gay3;;g_gay3;;;;Contrat;;;;"Poste Intradef";https://reservistes.intradef.gouv.fr/interne/mes-contrats/reserviste/190639;V8.3.5;"Délégataire AO SSA";;"Le contrat de l'AMACN RANDAZZO Romain a été renouvelé le 25/01/2024 pour 4 ans. Il est donc valide jusqu'au 24/01/2028.
";"Del AO GAY gisèle 6302 / Ref CMA 03 AMACN DUPUY Magalie 11677 / RO1 AMACN RANDAZZO Romain 52500";"Le référent ROC de l'échelon commandement du CMA03, l'AMACN DUPUY Magalie, reçoit une notification ROC le 13/03/2026 l'informant du souhait de renouvellement de contrat de l'AMACN RANDAZZO, lui demandant l'avis de la FE.
Cette notification n'est en lien avec aucune action réalisée dans le bloc contrat.

Idem avec le référent de l'HNIA Sainte Anne (JOUVENOT Isabelle) qui a reçu une notification ROC le 14/03/2026 lui demandant d'émettre l'avis FE pour le renouvellement de contrat du PCH NOUREAU Hélène, alors que ce contrat n'est pas en renouvellement car il se termine le 19/11/2027.";Mineur;"Notification erronée renouvellement contrat.docx,CESR 2024-2028 RANDAZZO.pdf,716365_Notification erronée renouvellement contrat.docx"
681982;"03/16/2026 11:49";;"[AAE] Le nom d'un RO n'ayant pas créé son compte RO1 n'est pas en rouge lors de la création d'une convocation";;;Clôturé;;"01/26/2026 10:30";;;;;;AAE;;j_sales1;;m_fekete;;;;;;;;"Poste Intradef";https://reservistes.intradef.gouv.fr/interne/activites/creer/reservistes/2652541;V7.5.3;DEL;;"Création d'une activité pour un réserviste n'ayant pas créé son compte RO1. ";2652541;"Le nom du réserviste n'apparait pas en rouge.
Pour rappel :
Le nom en noir indique que le réserviste a un compte RO1 actif et est de l'unité;
Le nom en bleu indique que le réserviste a un compte RO1 actif et n'est pas de l'unité;
Le nom en rouge indique que le réserviste n'a pas de compte RO1 actif.";;"Capture d’écran 2026-01-26 092935.png,Capture d’écran 2026-01-26 092905.png,20260212-TULEAP-681682-AAE-aj.docx"
648694;"03/16/2026 14:29";;"[Flux] NID xxxxxx dans le flux activité ";;;"Corrigé en production";;"12/01/2025 16:42";;;;;;"DP ROC";;b_poiron_ext;ROC-2822;m_fekete;;;9.2;Flux;;;Majeur;;;;AF;;;4512;"Le flux 1897 contient un compte supprimé (nom et prénom = ""compte supprimé"", NID = xxxxxxxxxx).

D'après investigations avec l'export qualité, des comptes supprimés similaires sont présents dans la table des anciens RO1, aucun dans la table RO1.

*Tâche* : *Identifier pourquoi un compte supprimé peut ressortir dans le flux activité, et faire en sorte que cela ne se reproduise pas.*
 * 
 ** [Gras (Ctrl+B)|https://jira-ci.fr.capgemini.com/jira/secure/RapidBoard.jspa?rapidView=1419&projectKey=ROC&view=detail&selectedIssue=ROC-2822#]
{color:#6e6e73} {color}";;
659203;"03/17/2026 11:04";;"[MN] Saisie offre d'emploi";;;"Corrigé en production";"gestion emplois";"12/11/2025 14:06";;;;;;MN;"bugs #647642";g_bota;ROC-3005;m_fekete;;;9.1;Mobilité;V8.3.1;;Majeur;"Poste Intradef";;;REF;;;4512;"Il y a des incohérence entre ce qui est saisie sur les différents masques écran des 4 étapes de la publication d'une offre d'emploi et ce qui figure sur l'offre d'emploi une fois publiée. La FE emploi qui figure sur la publication est celle de l'unité du référent ayant publié l'offre y figure donc aussi ses coordonnées. La formation de gestion n'apparait pas. ";Majeur;"Corrections a apporter publication offre d'emploi.pdf,Création de poste.docx"
477179;"03/17/2026 13:55";;"[AAE] RO1 - Réception de convocations d'un tiers";;j_sales1;Nouveau;"Anomalie fonctionnelle Activités";"05/14/2025 09:24";487439,526398;"487439, 526398";;;;AAE;"bugs #487439, bugs #526398";j_sales1;;j_saint_julien;ADT,MN,SSA,SCA,SEO;;;Activités;;;Mineur;"Poste Internet";;a_definir;RO1;;;plusieurs;"Certains réservistes recoivent une convocation avec un autre nom que le leur en PJ (Pierre reçoit la convocation de Paul)";Majeur;"mail ref convoc.PNG,pj mail ref convoc.pdf,NOTIFICATIONS CONVOCATION.docx,TR  PB ROC tuleap 477179 .msg,information-et-recrutement-actions-d-2.pdf"
720579;"03/19/2026 10:12";;"Création de compte RO2";;;"Demande d'évolution à créer";;"03/18/2026 15:03";;;;;;ADT;;j_saint_julien;ROC-3490;m_fekete;MN,AAE,SSA,SCA;;;Comptes;;P0;;"Poste Internet";"https://www.reservistes.defense.gouv.fr/reserviste/ro2/creation-compte ";V8.3.5;RO2;;;"Sans (création de compte)";"Impossibilité de création de compte RO2 alors que toutes les informations sont saisies. ";Majeur;"Impossibilité création de compte RO2.docx"
477832;"03/20/2026 09:15";;"[AAE] AF : impossible de valider une convocation";;;Clôturé;"Anomalie fonctionnelle Activités";"05/14/2025 16:00";487686,492437;"487686, 492437";;;;AAE;"bugs #487686, bugs #492437";s_caumond;;m_fekete;;;;Activités;;P0;;"Poste Intradef";;V4.20.0.7;AF;;;16451;"la validation d'une convocation par l'AF d'une activité ne fonctionne pas malgrè l'affichage d'une message de bonne prise en compte de l'action

Cas de figure : force l'activité car VMP non renseignée dans OCA mais réalisée";;"2025_07_02_15_34_20_.png,2025_07_02_15_34_38_Détail_activité_Réservistes_des_armées_Mozilla_Firefox.png,2025_07_02_15_35_08_.png,2025_07_02_15_35_54_Gérer_les_activités_Réservistes_des_armées_Mozilla_Firefox.png,blocage convocation  NPJR dépassé.docx,blocage convocation NPJR dépassé.docx,20260319-477832-AAE-aj.docx"
721718;"03/23/2026 09:03";;"[ADT] Bouton valider dans le bloc ESR impossible ";;c_frederic;"En cours d'analyse AF";;"03/20/2026 09:50";;;;;;ADT;;m_melchior;;m_fekete;;;;Candidature,Contrat;;;;"Poste Intradef";"<p><a href=""https://reservistes.intradef.gouv.fr/interne/processus-candidature/candidature/317645/etape/creation-esr/creation"">https://reservistes.intradef.gouv.fr/interne/processus-candidature/candidature/317645/etape/creation-esr/creation</a></p>
";V8.3.5;AF;;"<p>Le candidat &agrave; terminer le parcours et le REF (Mme JACQUELIN) ou l&#39;AF (ADJ MELCHIOR) souhaite valider l&#39;ESR.</p>
";"14439; 4851; 317645";"<p>a la cr&eacute;ation de l&#39;ESR les boutons &quot;enregistrer et valider&quot; sont gris&eacute;.</p>

<p>solution de contournement :</p>

<p>je supprime le dossier afin de reprendre le parcours de recrutement depuis le d&eacute;but.</p>
";Majeur;20032026.docx
707929;"03/23/2026 09:44";;"[AAE]RECRUTEMENT : raccourci clavier code credo %%";;;"En attente de prise en compte dans l'usine logicielle";;"03/04/2026 09:48";;;;;;AAE;;s_caumond;ROC-3514;m_fekete;;;;Volontariat;;;Mineur;;https://pprod-reservistes.intradef.gouv.fr/interne/poste/creer/formation-emploi/2574;V7.3.0;AF;;"- Création nouvelle offre d'emploi
- Saisie de %% pour avoir la liste des codes credo ( cf MOP ""20251022_NP_EMA-DCN-ROC_Pas à pas_Création offre d'emploi-Employeur_v0.pdf"")
";584;"Affichage d'une liste avec seulement 9 codes";;%%.png,RECRUTEMENT_raccourci_pourcentage.docx
718229;"03/23/2026 10:22";;"[MN] onglet ""export des réservistes"" KO";;;"En cours de résolution et de qualification";;"03/17/2026 15:11";708769,710838,713360,714331;"708769, 710838, 713360, 714331";;;;MN;"bugs #714331, bugs #713360, bugs #710838, bugs #708769";j_audrain;ROC-3371;m_fekete;;;;Extraction;;;;"Poste Intradef";https://reservistes.intradef.gouv.fr/interne/liste-reservistes-ro1;V8.3.5;Référent;;"onglet gestion => reservistes R01
";-;"lorsque l'ont clique sur l'onglet Export des réservistes en .csv => fichier introuvable";Bloquant;"export des réservistes.png"
714331;"03/23/2026 10:22";;"[CND] - Export de la liste des réservistes RO1 impossible";;;"En cours de résolution et de qualification";;"03/12/2026 10:17";710838,713360;"710838, 713360";;;;DIRISI;"bugs #713360, bugs #710838, bugs #718229";g_claude;ROC-3371;m_fekete;DIRISI;;;;;;;"Poste Intradef";https://reservistes.intradef.gouv.fr/interne/liste-reservistes-ro1;V8.3.5;REF;;"Gestion/Réservistes RO1 puis Export des réservistes puis page blanche : Échec de la connexion sécurisée";9999;;;
713360;"03/23/2026 10:22";;"Export RO1 impossible";;;"En cours de résolution et de qualification";;"03/11/2026 13:18";710838;710838;;;;SCA;"bugs #710838, bugs #714331, bugs #718229";n_honore1;ROC-3371;m_fekete;;;;Emploi;;;Majeur;"Poste Intradef";https://reservistes.intradef.gouv.fr/interne/liste-reservistes-ro1;V8.2.0;"Référent et Pilote";;;sca;"A partir du bloc ""gérer mes RO1"", il n'est désormais plus possible d'exporter la liste des RO1.
Un message d'erreur apparaît stipulant que le fichier est introuvable (copie écran jointe)";Majeur;"Capture d'écran 2026-03-11 131317.png,BUG #713360.docx"
710838;"03/23/2026 10:23";;"[SSA] Export RO1 impossible";;;"En cours de résolution et de qualification";;"03/09/2026 11:58";708769;708769;;;;SSA;"bugs #708769, bugs #713360, bugs #714331, bugs #718229";g_gay3;ROC-3371;m_fekete;ADT;;;Extraction;;;;"Poste Intradef";https://reservistes.intradef.gouv.fr/interne/liste-reservistes-ro1;V8.3.5;"Délégataire référent DAGRH 0AQG000 ";;"Le gestionnaire souhaite réaliser un export des RO1 de son unité. Il se connecte à son compte, en tant que délégataire du référent, puis clique sur le module ""RO1"". Il visualise le 25 RO1 affectés dans cette unité.";"GAY Gisèle 6302";"Lorsque le gestionnaire clique sur le bouton ""export des réservistes"", affichage de la page ""échec de la connexion sécurisée"".";Mineur;"Export RO1 impossible.docx"
708769;"03/23/2026 10:23";;"[AAE]RO1 : export RO1 impossible en DEL PIL";;;"En cours de résolution et de qualification";;"03/05/2026 10:10";;;;;;AAE;"bugs #710838, bugs #718229";s_caumond;ROC-3371;m_fekete;ADT,MN,SSA;;;Extraction;;;Majeur;"Poste Intradef";https://reservistes.intradef.gouv.fr/interne/unite/reserviste/ro1/export;8.3.5;"DEL PIL ";;"- Gérer les comptes
- Réservistes RO1
- Clic sur ""EXPORT DES RESERVISTES""";17329;"Impossible de télécharger le CSV de la liste des RO1 
Affichage page ECHEC DE LA CONNEXION SECURISEE";Majeur;"v8.3.5_export-RO1_del pil.png,Export RO1.docx"
682240;"03/23/2026 10:27";;"[AAE]RECRUTEMENT : acces fiche aptitude médicale erroné";;;"En attente de prise en compte dans l'usine logicielle";;"01/26/2026 13:37";679214;679214;;;;AAE;"bugs #679214";s_caumond;ROC-3260;m_fekete;ADT;;;"Candidature,Suivi médical";;;Majeur;"Poste Internet";"https://www.reservistes.defense.gouv.fr/candidat/processus-candidature/etape/visite-medicale-militaire ";V7.5.3;"candidat ";;"Parcours ENGAGEMENT
- tuile CHOIX DE L'OFFRE D'EMPLOI : ok
- tuile VERIFICATION DE SECURITE : OK
- tuile RDV EN UNITE : OK - avis favorable
- tuile VISITE MEDICALE MILITAIRE : réponse à la question ""êtes-vous en possession d'un certificat d'aptitude à l'engagement dans la réserve établi par un médecin militaire ? : oui
";314595;"- Accès à la page MA VISITE MEDICALE : page de résultat de la visite médicale sans téléchargement de la fiche d'aptitude liée à la fiche de poste.

Reliquat du fonctionnement AVANT la fiche d'aptitude demandée par le SSA.

Il faut répondre NON à la question de la page précédente pour accéder à la page avec les liste des CMA et la fiche VMP 
";Bloquant;"bug_VMP.png,vmp_oui_non.png,vmp.png,bugs #682240.docx"
717947;"03/23/2026 10:27";;"[ADT] Envoi de mail intenpestifs et formulaire certificat médical aux candidats";;;"En cours de résolution et de qualification";;"03/17/2026 11:59";;;;;;ADT;;j_saint_julien;ROC-3509;m_fekete;;;;Candidature;;;Mineur;"Poste Internet";;V8.3.5;Candidat;;;315877;"Lorsqu'un candidat se connecte sur son espace ROC, lors du parcours recrutement, il reçoit un mail de notification (cf. p.j 1) avec en pièce jointe un formulaire de certificat militaire civil (cf. p.j 2). 
Ces mails peuvent être envoyés quelques minutes après la connexion sans aucune action de la part du candidat (sans même entrer sur l'une des tuiles du parcours). 
Par ailleurs, le certificat médical joint, induit le candidat en erreur. En effet ce dernier estime alors qu'il doit passer une visite médicale dans le secteur civil. ";;"Fwd Communication du Portail des réserves des armées de la garde nationale.msg,certificat_medical-1.pdf,bugs 717947.docx,bugs 717947.docx"
714526;"03/23/2026 10:28";;"[Flux] Rapport ROX RHAPSODIE non présent dans le point de montage";;;"En cours de résolution et de qualification";;"03/12/2026 12:16";;;;;;MN;;m_fekete;ROC-3434;m_fekete;;;;Flux;;;Majeur;"Poste Intradef";"<p>Point de montage ROC</p>
";V8.3.5;"<p>Compte intradef</p>
";;"<p>Consultation du point de montage du SI ROC pour analyser le rapport d&#39;int&eacute;gration du flux ROX de RHAPSODIE.</p>

<p>Dans le point de montage, je vais dans RHAPSODIE, IN_ROC, ROX et COMPTE-RENDU.</p>
";RAS;"Le fichier rapport_importROx_RHA_AAAA-MM-JJ.xlsx est non présent.";Majeur;
713118;"03/23/2026 10:30";;"[SSA] Ajout et suppression de code impossible dans périmètre ADR";;;"En cours de résolution et de qualification";"Problème gestion et création compte gestionnaire";"03/11/2026 09:32";;;;;;SSA;;g_gay3;ROC-3435;m_fekete;;;;Droits;;;;"Poste Intradef";https://reservistes.intradef.gouv.fr/interne/utilisateurs/gestionnaires/10446/modifier;V8.3.5;"Délégataire AO";;"Le délégataire AO (GAY Gisèle) souhaite ajouter un code ORG dans le périmètre de l'ADR afin qu'il accède aux renouvellements de contrats de cette unité.
L'ADR SSA (Nathalie DAOUT) a 522 codes ORG dans son périmètre.";" AO 6302 / ADR 10446";"Le délégataire AO inscrit le nouveau code ORG de l'AM74 (067H0NK) et valide. L'action n'est pas validée, message ""une erreur est survenue"".
Idem lorsque le délégataire AO supprime une unité du périmètre ADR";Bloquant;"Ajout code impossible dans périmètre ADR SSA.docx,20260309_ARH_ROxRENO_FULL.xlsx,BUG #713118.docx"
711099;"03/23/2026 10:31";;"[SSA] Affichage CV candidats impossible";;;"En cours de résolution et de qualification";;"03/09/2026 14:42";;;;;;SSA;;g_gay3;ROC-3408;m_fekete;ADT,AAE;;;Candidature;;;Bloquant;"Poste Intradef";https://reservistes.intradef.gouv.fr/interne/engager/engagement/processus-candidature/313868;V8.3.5;"Délégataire référent HNIA Percy 05DF223";;"Le référent de l'HNIA Percy souhaite consulter les candidatures en cours. Il ouvre le module ""vivier des volontaires"", sélectionne un dossier.";313868;"Le gestionnaire clique sur le CV du candidat. Impossible d'ouvrir le document. Affichage ""fichier introuvable"".";Bloquant;"Affichage CV candidats impossible.docx"
709035;"03/23/2026 10:31";;"Impossibilite pour un  R02 de postuler à une offre d'emploi depuis son compte";;;"En cours de résolution et de qualification";;"03/05/2026 14:00";;;;;;MN;;j_audrain;ROC-3376;m_fekete;;;;;;P0;Majeur;ISPT;https://pprod-reservistes.cloud.defense.gouv.fr/reserviste/ro2/mes-donnees-perso/modifier;V8.3.5;"R02 MP ABAUTRET DAVID";;"-	Création compte R02 (pprod NP) => via adresse pré enregistré Getnada : KO / via Yopmail : OK
-	Création offre d’emploi destiné au personnel R02 (pprod DR) : Ok, offre non visible sur la page NP en étant non connecté 
";-;"Visualiser et postuler sur offre d’emploi depuis compte R02  (pprod NP): KO =>  depuis compte R02 -> bloc Données personnelles-> onglet « M’engager dans la réserve opérationnelle de 1er niveau » -> Message Erreur interne";Bloquant;"Erreur interne R02.png,20260306-BUGS-709035-MER-AJ.docx"
677990;"03/23/2026 10:34";;"NonUniqueValueException Erreur ";;;"En cours de résolution et de qualification";;"01/20/2026 15:48";;;;;;"DP ROC";;b_poiron_ext;ROC-3035;m_fekete;;;;;;;Majeur;;;V7.5.1;AF;;;4512;"Pour le findOneBy, nous avons un NonUniqueValueException, car nous cherchons (historiquement, 06/2022) un couple déjà existant réserviste/activité dans la table inscription, bien qu'il puisse y en avoir plusieurs.

L'erreur survient lorsqu'un réserviste cherche à s'inscrire sur une activité (POST /inscription côté back)

Ligne en cause 

src/Service/MesActivites/InscriptionActiviteService.php:499 :

 

{{$hasInscription = $this->em->getRepository(Inscription::class)->findOneBy(}}
{{[}}
{{'inscriptionReserviste' => $reserviste->getReservisteId(),}}
{{'inscriptionActivite' => $activite->getActiviteId(),}}
{{],}}
{{);}}

 

Requête permettant d'identifier les doublons légitimes


{{[SELECT|https://pma.isoprod.roc.fr.capgemini.com/url.php?url=https://dev.mysql.com/doc/refman/8.0/en/select.html] inscription_reserviste, inscription_activite, [COUNT(*)|https://pma.isoprod.roc.fr.capgemini.com/url.php?url=https://dev.mysql.com/doc/refman/8.0/en/aggregate-functions.html%23function_count] AS occurrences FROM inscription GROUP BY inscription_reserviste, inscription_activite HAVING [COUNT(*)|https://pma.isoprod.roc.fr.capgemini.com/url.php?url=https://dev.mysql.com/doc/refman/8.0/en/aggregate-functions.html%23function_count] > 1 ORDER BY `inscription`.`inscription_activite` DESC}}

Et simplement visualiser les inscriptions d'un réserviste à une activité :

[SELECT|https://pma.isoprod.roc.fr.capgemini.com/url.php?url=https://dev.mysql.com/doc/refman/8.0/en/select.html] * FROM `inscription` WHERE `inscription_reserviste` = 29514 [AND|https://pma.isoprod.roc.fr.capgemini.com/url.php?url=https://dev.mysql.com/doc/refman/8.0/en/logical-operators.html%23operator_and] `inscription_activite` = 76851
 

Cette erreur , générant une 409 gérée côté Front, génère une quantité de logs importante en 409, polluante.

TODO : rajouter peut-être dans les critères un filtre sur la date concernée pour la recherche, un réserviste pouvant être inscrit plusieurs fois à une activité sur plusieurs plages de dates différentes";;
677983;"03/23/2026 10:38";;"Erreur Tacite Prod";;;"En cours de résolution et de qualification";;"01/20/2026 15:48";;;;;;"DP ROC";;b_poiron_ext;ROC-3062;m_fekete;;;;;;;Majeur;;;V7.5.1;AF;;;4512;"Erreur Tacite PROD

 

{{[2026-01-08 00:05:50] app.CRITICAL: ========== UNE ERREUR TECHNIQUE EST SURVENUE ========== \{""dt.trace_sampled"":""true"",""dt.trace_id"":""942f1f1cd19af31d4081564074c5bfb6"",""dt.span_id"":""ce5a1d5c2701c6df""}}}
{{[2026-01-08 00:05:50] app.CRITICAL: Message : Call to a member function getUtilisateurEmailIntradefInitial() on null \{""dt.trace_sampled"":""true"",""dt.trace_id"":""942f1f1cd19af31d4081564074c5bfb6"",""dt.span_id"":""ce5a1d5c2701c6df""}}}
{{[2026-01-08 00:05:50] app.CRITICAL: Fichier : /var/www/html/src/Service/ServicesMesDeplacements/DemandeBilletService.php :: ligne 910 \{""dt.trace_sampled"":""true"",""dt.trace_id"":""942f1f1cd19af31d4081564074c5bfb6"",""dt.span_id"":""ce5a1d5c2701c6df""}}}
{{[2026-01-08 00:05:50] app.CRITICAL: Fichier : /var/www/html/src/Exception/WSException.php :: ligne 139 \{""dt.trace_sampled"":""true"",""dt.trace_id"":""942f1f1cd19af31d4081564074c5bfb6"",""dt.span_id"":""ce5a1d5c2701c6df""}}}
{{[2026-01-08 00:05:50] app.CRITICAL: StackTrace : App\Service\ServicesMesDeplacements\DemandeBilletService::gestionErreurTacite() [L.694] <- App\Controller\MesDeplacements\WSDemandeBilletController::actionPatchCommandeBillet() [L.630] <- App\Controller\MesDeplacements\WSDemandeBilletController::wsPatchCommandesBillets() [L.181] <- Symfony\Component\HttpKernel\HttpKernel::handleRaw() [L.76] <- Symfony\Component\HttpKernel\HttpKernel::handle() [L.197] <- Symfony\Component\HttpKernel\Kernel::handle() [L.38] \{""dt.trace_sampled"":""true"",""dt.trace_id"":""942f1f1cd19af31d4081564074c5bfb6"",""dt.span_id"":""ce5a1d5c2701c6df""}}}
{{[2026-01-08 00:05:50] app.CRITICAL: ======================================================= \{""dt.trace_sampled"":""true"",""dt.trace_id"":""942f1f1cd19af31d4081564074c5bfb6"",""dt.span_id"":""ce5a1d5c2701c6df""}}}";;
672973;"03/23/2026 10:39";;"[ADT] Communication - pas de réception de mail de notification (régression?)";;;"En cours de résolution et de qualification";;"01/13/2026 15:35";;;;;;ADT;;j_saint_julien;ROC-3344;m_fekete;ADT,MN,AAE,SSA,SCA,SEO,DGA,DIRISI;;;Communication;;P2;Majeur;"Poste Intradef";"https://reservistes.intradef.gouv.fr/interne/communication/message/envoye/105 
 
";V7.5.1;"DEL AADS TER";;;105;"Une communication (cf. pj) a été adressée aux PIL et REF et AO de l'armée de Terre. Ces derniers n'ont pas reçu de mail de notification. ";Majeur;"D16970D0.PNG,bug #672973.docx,bug #672973bis.docx"
648805;"03/23/2026 10:41";;"[Activités] -AF/NP- la disponibilité par période retourne une page de maintenance";;;"En cours de résolution et de qualification";;"12/01/2025 16:42";;;;;;"DP ROC";;b_poiron_ext;ROC-2197;m_fekete;;;;Activités;;;Mineur;;;;AF;;;4512;"'+*Titre :*+ [Activités] -  AF/ NP la disponibilité par période retourne une page de maintenance

*+Configuration:+* détection :PROD v5.4.4 NP avec le rôle AF (sans ISPT)

+*URL :*+ [https://www.reservistes.defense.gouv.fr/interne/calendrier/disponibilites-periode|https://www.reservistes.defense.gouv.fr/candidat/processus-candidature]

*Identifiants / rôle :* AF sous NP

 

*+Descriptif :+*
 # NP : l'AF se connecte avec succès
 # cliquer sur Activités/Calendrier - Disponibilités par période : NOK

L'utilisateur spécifiquement sous NP est orienté vers une page de maintenance à cette URL
[https://www.reservistes.defense.gouv.fr/interne/calendrier/disponibilites-periode] 

 

{+}{*}Résultat obtenu:{*}
{+}Une page de maintenance est affichée

*+Résultat attendu:+*
La page de disponibilité par période doit s'afficher

+*Remarques:*+
Problème absent sous DR

 ";;
648799;"03/23/2026 10:42";;" Correction requête foreach";;;"En cours de résolution et de qualification";;"12/01/2025 16:42";;;;;;"DP ROC";;b_poiron_ext;ROC-2234;m_fekete;;;;;;;Mineur;;;;AF;;;4512;"Corriger les valeurs en dur dans le fichier suivant afin d’optimiser la mise en cache Doctrine. :
 * _src/Repository/MesActivites/InscriptionRepository.php#getQBReservisteInscriptionsDates_

Spécifiquement dans le foreach suivant : __ 

foreach ($dates as $date) {
...

L'ajout de paramètres dans cette partie ajoute des erreurs de type : 
_Uncaught PHP Exception Doctrine\ORM\Query\QueryException: ""Too few parameters: the query defines 4 parameters but you only bound 2"" at QueryException.php line 53_

- Problème constaté dans le tableau des disponibilités dans Activités/Calendrier > Disponibilités par période

- Création d'activité, à l'étape Réservistes, par profil champ : *Nombre de réservistes concernés* 

Vérifier les autres endroits ou la méthode est utilisée.

 ";;
635511;"03/23/2026 10:44";;"[AAE] Extraction e-billet incomplète";;;"En attente de prise en compte dans l'usine logicielle";"Non classé,Anomalie fonctionnelle E-billet";"11/07/2025 16:23";;;;;;AF;;a_galleyn;ROC-2821;m_fekete;;;;E-billet;;;Majeur;"Poste Intradef";;v6.3.3;"délégataire MAJ ISMAEL Franck code crédo 01BY0000
délégataire ADC BURETTE Frédéric code crédo 0AQ8000";;"Demande extraction via module déplacement de l'ensemble des ebillets commandés par le personnel réserviste des unités code crédo 01BY000 et 0AQ8000";4512;"Les extractions demandées pour les codes crédo 0AQ8000 et 01BY000  contiennent la totalité des ebillets commandés par l'ensemble des réservistes de l'AT mais ne contient pas la liste des ebillets commandés pour chacune des unités concernées.";Majeur;"2025_11_07_08h03_extraction_massive_commandes_archivees 01BY000.csv,téléchargement BILLET chez le référent.docx,2025_11_18_15h49_extraction_massive_commandes_archivees code CREDO 01BY000 .csv,Extraction e-billet.docx,2025_11_18_16h04_extraction_massive_commandes_archivees code CREDO 0AQ8000.csv"
678002;"03/23/2026 11:05";;"[Calendrier]- Impossible de publier une Alerte par l'AF ";;;Annulé;;"01/20/2026 15:48";;;;;;"DP ROC";;b_poiron_ext;ROC-2998;m_fekete;;;9.2;Alertes;;;Majeur;;;V7.5.1;AF;;;4512;"URL : [https://pprod-reservistes.intradef.gouv.fr/interne/accueil-choix-bloc]

AF 4512_utilisateur , MDP Azertyuiop44!!!
 # Se connecter sur l'URL ci-dessus avec l'AF
 # Cliquer sur le bloc ALERTE
 # Cliquer sur le bouton ""créer""
 # Renseigner les champs et cliquer sur poursuivre
 # Renseigner les champs cliquer sur toogle tous les reservistes
 # Cliquer sur ""choix par réserviste et renseigner le reserviste ""baltes boonie"" puis cliquer sur suivant
 # Renseigner l'adresse de boucle de validation (intradef), cliquer sur envoyer
 # Se Connecter à la boite mail renseigné
 # Cliquer sur le lien reçu dans le mail
 # Renseigner ""les signatures des ordres de convocation"" signer et accepter le lancement de l'alerte immédiate
 # Renseigner le code à 4 chiffres contenu dans le mail reçu de l'étape 9 et valider
 # *Résultat obtenu* redirection sur la page [https://pprod-reservistes.intradef.gouv.fr/] avec un message "" la publication de l'alerte a bien été autorisée""
 # *Résultat attendu* redirection sur la page de l'AF avec le message de succès et la demande de connexion, si toutefois c'est pas le cas
 # Reconnecter avec l'AF sur l'url de PPROD cité ci-dessous
 # *Résultat obtenu* notification des pré-alerte et visibilité des blocs
 # *Résultat attendu*  notification des pré alerte et alerte et visibilité des blocs
 # Se connecter avec un R01 sur [https://pprod-reservistes.cloud.defense.gouv.fr|https://pprod-reservistes.cloud.defense.gouv.fr/] identifiant [29556_reserviste.roc@getnada.com|mailto:29556_reserviste.roc@getnada.com] Mdp Azertyuiop44!!! 
 # Aller dans mon calendrier
 # Cliquer sur consulter mon planning
 # *Résultat obtenu*  accès au calendrier mais pas l'alerte en visibilité
 # *Résultat attendu* accès au calendrier visibilité de l'alerte jusqu'à la date de fin
 # Se connecter également sur la boite du réserviste
 # *Résultat obtenu* : pas de notification de l'alerte
 # *Résultat attendu* : notification de l'alerte";;
678000;"03/23/2026 11:08";;"Impossible de se connecter via MDC (V3) sur la partie DR";;;"Corrigé en production";;"01/20/2026 15:48";;;;;;"DP ROC";;b_poiron_ext;ROC-3006;m_fekete;;;9.2;Environnement;;;Bloquant;;;V8.3.0;AF;;;4512;"Suite authentification MDC et non plus via ROC :
 * modification de l'@ de l'utilisateur 4512 pour modifier l'a@ en getnada par une @ du royaume IVQ MDC.
 * Test de connexion : échec - erreur 404

 ";;
677975;"03/23/2026 11:12";;"[Affichage] affichage des tableaux non esthétique";;;Annulé;;"01/20/2026 15:48";;;;;;"DP ROC";;b_poiron_ext;ROC-3079;m_fekete;;;9.2;;;;Mineur;;;V8.3.0;AF;;;4512;"{+}*Titre :*{+}[Affichage] affichage des tableau non esthétique

*+Configuration:+*

PICSEL v8.3

 

+*Rôle:*+ tous

 
+*URL :*+[ https://roc-front-dr-rel.picsel.defense.gouv.fr/interne/activites/designer/liste|https://roc-front-dr-rel.picsel.defense.gouv.fr/interne/mon-compte/mes-droits]

 

*+Descriptif :+*

je clique sur le bloque ""Activité""

ou toute autre page comportant un tableau

+*Résultat obtenue:*+

l'affichage des différentes pages du tableau n'est pas esthétique

 

+*Résultat attendue:*+

retrouver le même affichage que la v7.5.3";;
677970;"03/23/2026 11:12";;"[EMPLOI] - Ecran non conforme ";;;Annulé;;"01/20/2026 15:48";;;;;;"DP ROC";;b_poiron_ext;ROC-3085;m_fekete;;;9.2;;;;Mineur;;;V8.3.0;AF;;;4512;"Picsel:

Identifiant [arthur.laurent@intradef.gouf.fr|mailto:arthur.laurent@intradef.gouf.fr] /REF

(MdP : Password01$)
 # se connecter avec un référent
 #  cliquer sur le bouton gestion puis choisir emploi
 # Résultat obtenu 4 onglets de disponible interne -En cours de création/validation en cours de création/validation, emplois publiées, emplois inactifs
 # Résultat attendu 3 onglets En cours de création/validation , Emplois publiés, 
emplois inactifs";;
677969;"03/23/2026 11:13";;"[PROD] Pb envoi de mail (erreur : data too long for column 'corps')";;;Annulé;;"01/20/2026 15:48";;;;;;"DP ROC";;b_poiron_ext;ROC-3088;m_fekete;;;9.2;;;;Majeur;;;V7.5.3;AF;;;4512;"Dans la log Symfony du back DR du 15/01/26, outre une erreur sur le format d'une adresse mail (accents dans l'adresse) et des erreurs dues à des adresses vides, je note des erreurs de ce type :

 Line 702: [2026-01-15 08:40:56] app.CRITICAL: Impossible d'envoyer l'email à l'adresse '******.**********@intradef.gouv.fr' : An exception occurred while executing a query: SQLSTATE[22001]: String data, right truncated: 1406 Data too long for column 'corps' at row 1  \{""dt.trace_sampled"":""true""}

 

 

 

 ";;
648692;"03/23/2026 11:15";;"Erreur dans les logs prod.error";;;Annulé;;"12/01/2025 16:42";;;;;;"DP ROC";;b_poiron_ext;ROC-2857;m_fekete;;;9.2;Paramétrage;;;Majeur;;;;AF;;;4512;"Après analyse des logs synfony du back DR , il y a la présence de nombreuses erreurs PHP.

Le fichier prod.error est en pièce jointe.";;
647642;"03/23/2026 11:16";;"[AAE]RECRUTEMENT : modification partielle d'une offre";;;Annulé;"gestion emplois";"11/28/2025 15:02";659203;659203;;;;AAE;"bugs #659203";s_caumond;ROC-3011;m_fekete;ADT;;9.2;Emploi;;P0;Majeur;"Poste Intradef";http://reservistes.intradef.gouv.fr/interne/poste/modifier/formation-emploi/8961;v7.4.3;AF;;"-Réouverture d'une offre pour modification
- changement du code credo dans le champs NOM DE LA FORMATION D'EMPLO
credo 02EW000 (BA 116)  à 02EWAJ (ARAAE)
- pas de modif aux étapes suivantes
- validation par la chaine emploi
- publication";584;"Publication avec l'ancien credo dans NOM DE LA FORMATION D'EMPLOI
Modification du nom du contact RECRUTEUR = remise par défaut du nom du user 584";Majeur;"AF_crea FP _modif FE.PNG,AF_crea FP _modif FE_resultat.PNG,WEB_crea FP _modif FE_resultat.PNG,AF_offre-8255-date .PNG,20251217-TULEAP-647642-JMD.docx"
647572;"03/23/2026 11:18";;"[MN] Suivi des volontaires et des candidats";;;Annulé;"vivier des volontaires";"11/28/2025 14:16";;;;;;MN;;g_bota;ROC-2933;m_fekete;;;9.2;Communication;;;Mineur;"Poste Intradef";https://reservistes.intradef.gouv.fr/interne/accueil-choix-bloc;v7.4.3;référent;;;4512;"A l'ouverture d'un dossier d’un candidat pour accéder à ses informations lorsque l'on souhaite revenir à la page précédente le bouton ""retour"" renvoie à la page « processus d’engagement ";Majeur;"Capture d'écran gestion volontaire page candidat.png,Capture d'écran gestion volontaire.png,Capture d'écran parcours engagement.png,retour vivier des volontaires.docx"
646426;"03/23/2026 11:19";;"[SCA] Non visibilité des offres d'emplois publiées ";;;Clôturé;;"11/27/2025 08:04";672758;672758;;;;SCA;"bugs #672758";n_honore1;;m_fekete;ADT,AAE,SEO;;;Communication;;;;"Poste Internet";https://www.reservistes.defense.gouv.fr/;V7;Volontaire;;"Elaboration des offres d'emploi - profil Référent ou Pilote";4512;"Lors de la création des offres d'emploi, et malgré la réception d'un email mentionnant que l'offre d'emploi a été validée et est désormais publiée, il est impossible de retrouver cette offre sur le portail.
Cette offre ne se retrouve pas non plus dans l'espace du référent/pilote dans la rubrique ""emplois publiés""
Deuxième chose, une offre d'emploi a été publiée par le Référent /pilote de la DC SCA (CDT HONORE) et a été visible sur le site internet.
Pourtant, dans l'après-midi, il n'est plus possible de retrouver cette offre sur le site.";Bloquant;"Capture BUG offre d'emploi SCA.docx"
598625;"03/23/2026 11:20";;"[MOE] [Recette] Problème de redirection";;;"En cours de résolution et de qualification";;"10/07/2025 16:06";;;;;;"DP ROC";;b_poiron_ext;ROC-2420;m_fekete;;;7.4;;;;Mineur;;;;AF;;;4512;"[MOE] [Recette] Problème de redirection.

 

Problème de redirection sur mon poste des que je valide une tuile sur l'engagement ou une autre validation. J'ai une redirection JSON.

 
|redirect|""/interne/engager/engagement/processus-candidature/275381""|
|redirect_blank|false|

 

 

!image-2025-10-01-17-36-15-335.png!

!image-2025-10-01-17-35-58-806.png!";;
528240;"03/23/2026 11:21";;"[IHM] Lors d'une recherche google le logo Marianne du site de la réserve n'est pas conforme à la marque d'état";;;Annulé;;"07/17/2025 15:21";;;;;;"DP ROC";;b_poiron_ext;ROC-1667;m_fekete;;;;Connexion;;;Mineur;;;V4.20.0.7;AF;;;4512;"|*Ticket JIRA N°*| |
|   *Environnement/ Version*|Production v4.20.0.7 NP full internet (avec ou sans ISPT)
PC Windows 11 PRO FR + Firefox FR - NP
iPhone 18.4.1 FR + Safari FR - NP
 |
|   *Titre de l'anomalie*|RO1 : un champ technique form.date_modif_mdp apparait dans les données personnelles|
|   *Url*|[https://www.google.fr/]|
|   *Acteur*| |
|   *Identifiants*| |
|   *Mot de passe*| |
|   *Anomalie*|Mineure|
|   *Configuration*|Safari FR / FireFox FR full update|
|   *Bloc*| |
|   D{*}escription{*}|le LOGO Marianne est non conforme et non ISO avec les autres sites d’Etat * Marianne a les cheveux coupés,
 * Marianne est fortement zoomée et on ne la reconnait pas,
 * On ne reconnait pas la charte graphique d’état avec le Bleu France rendu invisible,
 * L’internaute intéressé par la réserve pourrait être freiné de cliquer sur le lien par ce logo suspicieux par rapport aux autres LOGOS plus clairs où la charte de l’état est immédiatement identifiable : l’internaute pourrait penser à un site frauduleux
 * 

[https://www.info.gouv.fr/marque-de-letat/les-symboles-de-la-republique-francaise]

!image-2025-05-05-07-40-23-759.png!


 
 Observé déjà en 4.18.2.3 et également en v4.20.0.7 production NP
 
 |
|   *Résultat attendu*|Le logo Marianne doit etre conforme aux autres site d'etat et au premier coup d'oeil l'internaute doit reconnaitre la marque d'état sans lui laisser aucun doute|";;
527995;"03/23/2026 11:21";;"[Production NP] Profil de connexion - espacement non homogène entre les icônes et le texte des profils de connexion";;;Annulé;;"07/17/2025 15:21";;;;;;"DP ROC";;b_poiron_ext;ROC-1818;m_fekete;;;;Connexion;;;Majeur;;;V4.20.0.8;AF;;;4512;"|*Ticket JIRA N°*| |
|   *Environnement/ Version*|Production NP v4.20.0.8 sans ISPT
 |
|   *Titre de l'anomalie*|[Production NP] Profil de connexion - espacement non homogène entre les icônes et le texte des profils de connexion|
|   *Url*|[https://www.reservistes.defense.gouv.fr/choix-profil-connexion|https://www.reservistes.defense.gouv.fr/]|
|   *Acteur*|Tous|
|   *Identifiants*| |
|   *Mot de passe*| |
|   *Anomalie*|Mineur|
|   *Configuration*|Firefox|
|   *Bloc*|Connexion|
|   D{*}escription{*}|

Voir copie d'écran ci-joint indiquant un problème d'espace non homogène entre les icônes et le texte des profils de connexion

=> problème indépendant du navigateur et constaté sur smartphone et safari également


|Résultat obtenu| Des espaces non homogènes apparaissent entre les icones et textes des choix de profil de connexion|
|Résultat attendu|Un espacement homogène entre les icônes et le texte des choix de profil de connexion est attendu|";;
480013;"03/23/2026 11:24";;"[AAE] Fil d'ariane indication erronée";;;Annulé;"Non classé";"05/19/2025 09:00";598670;598670;;;;AAE;"bugs #598670";j_sales1;ROC-3212;m_fekete;;;;Comptes;;;Mineur;"Poste Intradef";https://reservistes.intradef.gouv.fr/interne/admin/utilisateurs/ro2/modifier/223860;V4.20.0.7;AF;;;4512;"Lors de l'accès à la modification de compte RO2 le fil d’Ariane indique réservistes RO1.";Mineur;"Acces AF réserviste RO2 2025_05_19_08_49_40_Window 2.png,Compte RO2.docx"
548076;"03/23/2026 11:27";;"[AAE] Activité : discordance entre contenu mail de clôture activité et PJ";;;Annulé;;"08/25/2025 13:16";;;;;;AAE;;s_caumond;;m_fekete;;;;Communication;;;Mineur;"Poste Internet";;"Version du portail : v5.4.4";RO1;;"Gestionnaire : 
- clôture d'une activité pour le RO1 SCH ROSIQUE Nicolas (user 204648)

RO1 SCH ROSIQUE Nicolas (user 204648) :
- réception du mail automatique d'information sur la clôture de son activité";"204648, 204648";"La PJ reçue ne comporte pas les mêmes dates que le texte du mail.

Texte du mail (18/08/2025 - 17h05)
""Bonjour Sergent-chef Nicolas ROSIQUE,
Votre gestionnaire Réserve a clôturé le 18/08/2025 l'activité qui s'est déroulée à ISTRES (13800) du 01/08/2025 au 09/08/2025. Votre service fait (nombre de jours d'activités) a été transmis au service de la solde pour paiement. ""

Pj : activité du 12/08/2025 au 15/08/2025


";Mineur;etat_service_fait_rosique_nicolas_18.pdf
653375;"03/23/2026 16:38";;"[SSA] - renouvellement contrat impossible";;;Clôturé;;"12/04/2025 16:06";;;;;;SSA;"bugs #607999";c_dulaurans;;m_fekete;;;;Contrat;;;Mineur;"Poste Intradef";https://reservistes.intradef.gouv.fr/interne/mes-contrats/reserviste/190194;v7.4.3;"Administrateur ADS, délégataire ADR, ....";;"Le réserviste a un contrat qui se termine le 29/03/2026. Son nom n'est pas visible dans l'onglet ""contrat à renouveler"" ni dans ""contrat en cours de renouvellement"". 
Le réserviste est bien présent dans ""gestion des RO1""";742;"Dans gestion des RO1,  ouverture détailllée de son dossier ""données personnelles"", en bas, clique sur le lien""contrat du reserviste"" -> affichage page détail de son contrat. Message indiquant que le renouvellement est finalisé avec date d'effet du nouveau contrat : 28/03/2024""
 
Le contrat ayant déjà été renouvelé par ROC, un nouveau renouvellement est impossible. ";Bloquant;"CONTRAT_detail richard_impossible renouvelé_20251204.png"
537993;"03/23/2026 16:39";;"[SSA] Affichage refus de renouvellement par RO1 non conforme";;;Clôturé;;"08/05/2025 16:08";;;;;;SSA;;g_gay3;;m_fekete;;;;Contrat;;;;"Poste Intradef";;V5.4.4;"ADR SSA";;"l'ADR a initié le renouvellement de contrat du RO1 (226560_utilisateur). Le réserviste refuse le renouvellement.";10446_utilisateur;"L'icône ""initialisation"" passe en rouge. L'icône ""avis réserviste"" reste vierge.
L'icône ""initialisation"" doit rester en vert, avec la date où l'ADR a initialisé le renouvellement de contrat. L'icône ""avis réserviste"" doit passer en rouge avec la date de refus du réserviste.
Bug présent en pré prod et en production.";Mineur;"avis RO1 ne passe pas en rouge si refus.docx,BUG #537993.docx"
723868;"03/24/2026 14:51";;"Mauvais grade dans ROC";;;Nouveau;;"03/24/2026 14:51";;;;;;SEO;;h_thuin;;h_thuin;;;;;;;;"Poste Intradef";https://reservistes.intradef.gouv.fr/interne/utilisateurs/reserviste/ro1/;V8.3.5;"REF, AO";;;#480000;"Certains grades ne correspondent plus à celui de Concerto.
NID 8757021552 - STEINER Stéphane Commandant dans le SIRH Cco, CNE dans ROC
NID 0568051076 - LEGIN Richarde Capitaine dans le SIRH CCo, Adjudant dans ROC";Majeur;Doc1.docx
721857;"03/24/2026 15:41";;"[ADT] impossibilité de créer un contrat (emploi occupé)";;m_fekete;"En cours d'analyse PO";"Anomalie fonctionnelle parcours Engagement";"03/20/2026 10:59";;;;;;ADT;;m_melchior;;a_jamard;;;;Contrat;;P0;Bloquant;"Poste Intradef";"<p>https://reservistes.intradef.gouv.fr/interne/processus-candidature/candidature/318695/etape/creation-esr/creation&nbsp;&nbsp;</p>
";V8.3.5;"<p>AF</p>
";;"<p>Le candidat a termin&eacute; son parcours et REF ou l&#39;AF ne peuvent cr&eacute;er le contrat.</p>
";"14439; 17111; 318695";"<p>a la cr&eacute;ation de l&#39;ESR et &agrave; la validation de celui, un message d&#39;erreur apparait.</p>

<p>solution de contournement :</p>

<p>en supprimant la ligne &quot;emploi occup&eacute;: (optionnel)&quot; on peux valider et cr&eacute;er le contrat.</p>
";;"2003206 2.docx,20260323-721857-Adt-aj.docx"
647099;"03/24/2026 15:49";;"[SSA] Référentiel ville erroné_ code INSEE erroné";;;"En cours de résolution et de qualification";contrat;"11/27/2025 16:44";;;;;;SSA;;g_gay3;ROC-3009;g_gay3;;;9.1;Contrat;;;Majeur;"Poste Intradef";https://reservistes.intradef.gouv.fr/interne/mes-contrats/reserviste/82732;v7.4.3;ADR;;"Renouvellement de contrat de l'ISG 2G GUILLAMET Jean-Philippe par l'ADR";"nathalie.daout 10446";"ROC génère le nouveau contrat. Le lieu de naissance est erroné. Le réserviste est né à Corbeil-Essonnes, code INSEE 91174.
Le contrat affiche un lieu de naissance à SAOULA (Algérie).
Le référentiel ville est erroné";Majeur;"esr_GUILLAMET.pdf,Référentiel ville erroné.xlsx,Référentiel ville erroné_.docx,TULEAP_bug-647099_SSA_Code_INSEE_erroné.pdf,647099_Référentiel ville erroné.docx"
724025;"03/24/2026 16:10";;"[SSA] Signature activité impossible";;;Nouveau;;"03/24/2026 16:08";;;;;;SSA;;g_gay3;;g_gay3;;;;Activités;;;;"Poste Intradef";https://reservistes.intradef.gouv.fr/interne/activites/signer/liste;V8.3.5;AF;;"L'ISG 2G ARRUABARRENA Erika, gestionnaire de la SeRFReM de Lyon, a clôturé le 22/01/2026 l'activité de l'ISG 2G CONSEIL Yann du 06/11/2025, puis l'a adressé à l'ATS (ISG 2G TREUSSIER Jean-Pierre).
Le code CREDO / ORG de cette unité a été modifié en 2026. Il n'y a plus de référent pour l'ancien code de cette unité.";"RO1 : CONSEIL Yann 9046  Gestionnaire : ARRUABARRENA Erika 4537";"Plus aucun gestionnaire n'a accès à cette activité pour la finaliser : plus de référent, ni délégataire, ni ATS.
L'AF SSA ne peut pas supprimer cette activité.";Bloquant;"Signature activité impossible.xlsx.docx,Signature activité impossible.xlsx"
